id,trace_id,service,station,level,category,message,metadata,created_at
1,ruth-pws-ksea-20260324-131839173,wendy,KSEA,debug,signal,"No confirmed METAR yet, skipping PWS anticipation",,2026-03-24 13:18:39.191271+00
2,ruth-pws-kdal-20260324-131839474,wendy,KDAL,debug,signal,"No confirmed METAR yet, skipping PWS anticipation",,2026-03-24 13:18:39.478292+00
3,ruth-pws-kord-20260324-131839723,wendy,KORD,debug,signal,"No confirmed METAR yet, skipping PWS anticipation",,2026-03-24 13:18:39.72647+00
4,ruth-pws-klga-20260324-131839906,wendy,KLGA,debug,signal,"No confirmed METAR yet, skipping PWS anticipation",,2026-03-24 13:18:39.909281+00
5,ruth-pws-kmia-20260324-131840152,wendy,KMIA,debug,signal,"No confirmed METAR yet, skipping PWS anticipation",,2026-03-24 13:18:40.155738+00
6,ruth-pws-katl-20260324-131840404,wendy,KATL,debug,signal,"No confirmed METAR yet, skipping PWS anticipation",,2026-03-24 13:18:40.40819+00
7,ruth-pws-eglc-20260324-131840700,wendy,EGLC,debug,signal,"No confirmed METAR yet, skipping PWS anticipation",,2026-03-24 13:18:40.70328+00
8,ruth-pws-lfpg-20260324-131841063,wendy,LFPG,debug,signal,"No confirmed METAR yet, skipping PWS anticipation",,2026-03-24 13:18:41.066219+00
9,ruth-pws-cyyz-20260324-131841360,wendy,CYYZ,debug,signal,"No confirmed METAR yet, skipping PWS anticipation",,2026-03-24 13:18:41.363951+00
10,ruth-metar-kord-20260324-131841896,wendy,KORD,info,signal,"METAR: 0°C, max=0°C, bucket=32-33°F","{""prevBucket"": null}",2026-03-24 13:18:41.903305+00
11,ruth-metar-kord-20260324-131841896,wendy,KORD,warn,signal,No market found for bucket 32-33°F,,2026-03-24 13:18:41.931789+00
12,ruth-metar-kord-20260324-131841896,wendy,KORD,info,signal,Threshold crossed: none → 32-33°F,,2026-03-24 13:18:41.934615+00
13,ruth-metar-eglc-20260324-131841903,wendy,EGLC,info,signal,"METAR: 13°C, max=13°C, bucket=13°C","{""prevBucket"": null}",2026-03-24 13:18:41.940944+00
14,ruth-metar-eglc-20260324-131841903,wendy,EGLC,info,signal,Threshold crossed: none → 13°C,,2026-03-24 13:18:41.941562+00
15,ruth-metar-eglc-20260324-131841903,wendy,EGLC,info,guard,"Guards blocked: price_out_of_range | METAR 13.0°C, bucket 13°C, price 0.77","{""price"": 0.7675, ""bucket"": ""13°C""}",2026-03-24 13:18:41.943697+00
16,ruth-metar-katl-20260324-131841943,wendy,KATL,info,signal,Threshold crossed: none → 54-55°F,,2026-03-24 13:18:41.947096+00
17,ruth-metar-katl-20260324-131841943,wendy,KATL,info,signal,"METAR: 12.2°C, max=12.2°C, bucket=54-55°F","{""prevBucket"": null}",2026-03-24 13:18:41.94785+00
18,ruth-metar-katl-20260324-131841943,wendy,KATL,warn,signal,No market found for bucket 54-55°F,,2026-03-24 13:18:41.94787+00
19,ruth-metar-klga-20260324-131841946,wendy,KLGA,info,signal,Threshold crossed: none → 36-37°F,,2026-03-24 13:18:41.950104+00
20,ruth-metar-klga-20260324-131841946,wendy,KLGA,info,signal,"METAR: 2.2°C, max=2.2°C, bucket=36-37°F","{""prevBucket"": null}",2026-03-24 13:18:41.951017+00
21,ruth-metar-kdal-20260324-131841949,wendy,KDAL,info,signal,Threshold crossed: none → 60-61°F,,2026-03-24 13:18:41.954028+00
22,ruth-metar-kdal-20260324-131841949,wendy,KDAL,warn,signal,No market found for bucket 60-61°F,,2026-03-24 13:18:41.954216+00
23,ruth-metar-kmia-20260324-131841953,wendy,KMIA,info,signal,"METAR: 20.6°C, max=20.6°C, bucket=68-69°F","{""prevBucket"": null}",2026-03-24 13:18:41.957058+00
24,ruth-metar-kmia-20260324-131841953,wendy,KMIA,info,signal,Threshold crossed: none → 68-69°F,,2026-03-24 13:18:41.957896+00
25,ruth-metar-kmia-20260324-131841953,wendy,KMIA,warn,signal,No market found for bucket 68-69°F,,2026-03-24 13:18:41.958306+00
26,ruth-metar-ksea-20260324-131841957,wendy,KSEA,info,signal,"METAR: 6.7°C, max=6.7°C, bucket=44-45°F","{""prevBucket"": null}",2026-03-24 13:18:41.960411+00
27,ruth-metar-ksea-20260324-131841957,wendy,KSEA,info,signal,Threshold crossed: none → 44-45°F,,2026-03-24 13:18:41.960546+00
28,ruth-metar-ksea-20260324-131841957,wendy,KSEA,info,guard,"Guards blocked: before_trading_hours | METAR 44.1°F, bucket 44-45°F, price 0.00","{""price"": 0.0015, ""bucket"": ""44-45°F""}",2026-03-24 13:18:41.964326+00
29,ruth-metar-lfpg-20260324-131841965,wendy,LFPG,info,signal,"METAR: 18°C, max=18°C, bucket=18°C","{""prevBucket"": null}",2026-03-24 13:18:41.971163+00
30,ruth-metar-lfpg-20260324-131841965,wendy,LFPG,info,signal,Threshold crossed: none → 18°C,,2026-03-24 13:18:41.971281+00
31,ruth-metar-lfpg-20260324-131841965,wendy,LFPG,info,guard,"Guards blocked: price_out_of_range | METAR 18.0°C, bucket 18°C, price 0.79","{""price"": 0.79, ""bucket"": ""18°C""}",2026-03-24 13:18:41.976403+00
32,ruth-metar-kdal-20260324-131841949,wendy,KDAL,info,signal,"METAR: 16.1°C, max=16.1°C, bucket=60-61°F","{""prevBucket"": null}",2026-03-24 13:18:41.976581+00
33,ruth-metar-klga-20260324-131841946,wendy,KLGA,warn,signal,No market found for bucket 36-37°F,,2026-03-24 13:18:41.977733+00
34,ruth-metar-cyyz-20260324-131841977,wendy,CYYZ,info,signal,"METAR: -2°C, max=-2°C, bucket=-2°C","{""prevBucket"": null}",2026-03-24 13:18:41.981126+00
35,ruth-metar-cyyz-20260324-131841977,wendy,CYYZ,info,signal,Threshold crossed: none → -2°C,,2026-03-24 13:18:41.981435+00
36,ruth-metar-cyyz-20260324-131841977,wendy,CYYZ,info,guard,"Guards blocked: price_out_of_range | METAR -2.0°C, bucket -2°C, price 0.00","{""price"": 0.0005, ""bucket"": ""-2°C""}",2026-03-24 13:18:41.985202+00
37,ruth-pws-kmia-20260324-131850698,wendy,KMIA,info,signal,"PWS anticipation: MODERATE (score=0.534), METAR 69.1°F → estimated 69.8°F, bucket 68-69°F → 70-71°F","{""gap"": ""0.59"", ""conf"": ""1.00"", ""ramp"": ""0.00"", ""score"": 0.5337499999999993, ""current"": ""68-69°F"", ""predicted"": ""70-71°F"", ""tEstimated"": ""21.02""}",2026-03-24 13:18:50.700955+00
38,ruth-metar-kord-20260324-131851929,wendy,KORD,info,signal,"METAR: 0°C, max=0°C, bucket=32-33°F","{""prevBucket"": ""32-33°F""}",2026-03-24 13:18:51.933386+00
39,ruth-metar-eglc-20260324-131851933,wendy,EGLC,info,signal,"METAR: 13°C, max=13°C, bucket=13°C","{""prevBucket"": ""13°C""}",2026-03-24 13:18:51.936955+00
40,ruth-metar-katl-20260324-131851935,wendy,KATL,info,signal,"METAR: 12.2°C, max=12.2°C, bucket=54-55°F","{""prevBucket"": ""54-55°F""}",2026-03-24 13:18:51.940958+00
41,ruth-metar-klga-20260324-131851939,wendy,KLGA,info,signal,"METAR: 2.2°C, max=2.2°C, bucket=36-37°F","{""prevBucket"": ""36-37°F""}",2026-03-24 13:18:51.944466+00
42,ruth-metar-kdal-20260324-131851944,wendy,KDAL,info,signal,"METAR: 16.1°C, max=16.1°C, bucket=60-61°F","{""prevBucket"": ""60-61°F""}",2026-03-24 13:18:51.946849+00
43,ruth-metar-kmia-20260324-131851946,wendy,KMIA,info,signal,"METAR: 20.6°C, max=20.6°C, bucket=68-69°F","{""prevBucket"": ""68-69°F""}",2026-03-24 13:18:51.949112+00
44,ruth-metar-ksea-20260324-131851948,wendy,KSEA,info,signal,"METAR: 6.7°C, max=6.7°C, bucket=44-45°F","{""prevBucket"": ""44-45°F""}",2026-03-24 13:18:51.952338+00
45,ruth-metar-lfpg-20260324-131851952,wendy,LFPG,info,signal,"METAR: 18°C, max=18°C, bucket=18°C","{""prevBucket"": ""18°C""}",2026-03-24 13:18:51.954384+00
46,ruth-metar-cyyz-20260324-131851955,wendy,CYYZ,info,signal,"METAR: -2°C, max=-2°C, bucket=-2°C","{""prevBucket"": ""-2°C""}",2026-03-24 13:18:51.958699+00
47,ruth-pws-kmia-20260324-131950435,wendy,KMIA,info,signal,"PWS anticipation: MODERATE (score=0.534), METAR 69.1°F → estimated 69.8°F, bucket 68-69°F → 70-71°F","{""gap"": ""0.59"", ""conf"": ""1.00"", ""ramp"": ""0.00"", ""score"": 0.5337499999999993, ""current"": ""68-69°F"", ""predicted"": ""70-71°F"", ""tEstimated"": ""21.02""}",2026-03-24 13:19:50.446772+00
48,ruth-pws-lfpg-20260324-131951103,wendy,LFPG,info,signal,"PWS anticipation: MODERATE (score=0.513), METAR 18.0°C → estimated 17.4°C, bucket 18°C → 17°C","{""gap"": ""0.50"", ""conf"": ""1.00"", ""ramp"": ""-3.03"", ""score"": 0.5125000000000001, ""current"": ""18°C"", ""predicted"": ""17°C"", ""tEstimated"": ""17.39""}",2026-03-24 13:19:51.105902+00
49,ruth-pws-kmia-20260324-132050371,wendy,KMIA,info,signal,"PWS anticipation: STRONG (score=0.759), METAR 69.1°F → estimated 71.5°F, bucket 68-69°F → 72-73°F","{""gap"": ""0.71"", ""conf"": ""1.00"", ""ramp"": ""2.85"", ""score"": 0.75875, ""current"": ""68-69°F"", ""predicted"": ""72-73°F"", ""tEstimated"": ""21.95""}",2026-03-24 13:20:50.384328+00
50,ruth-pws-cyyz-20260324-132051211,wendy,CYYZ,info,signal,"PWS anticipation: STRONG (score=0.554), METAR -2.0°C → estimated -1.0°C, bucket -2°C → -1°C","{""gap"": ""0.39"", ""conf"": ""0.67"", ""ramp"": ""2.86"", ""score"": 0.5541666666666669, ""current"": ""-2°C"", ""predicted"": ""-1°C"", ""tEstimated"": ""-1.01""}",2026-03-24 13:20:51.215801+00
51,ruth-pws-cyyz-20260324-132051211,wendy,CYYZ,info,guard,"PWS guards blocked: price_out_of_range | estimated -1.0°C, bucket -1°C, price 0.00",,2026-03-24 13:20:51.238277+00
52,ruth-pws-kord-20260324-132149973,wendy,KORD,info,signal,"PWS anticipation: STRONG (score=0.762), METAR 32.0°F → estimated 34.0°F, bucket 32-33°F → 34-35°F","{""gap"": ""0.72"", ""conf"": ""1.00"", ""ramp"": ""1.69"", ""score"": 0.7624999999999997, ""current"": ""32-33°F"", ""predicted"": ""34-35°F"", ""tEstimated"": ""1.09""}",2026-03-24 13:21:49.985322+00
53,ruth-pws-klga-20260324-132150131,wendy,KLGA,info,signal,"PWS anticipation: STRONG (score=0.780), METAR 36.0°F → estimated 38.8°F, bucket 36-37°F → 38-39°F","{""gap"": ""0.80"", ""conf"": ""1.00"", ""ramp"": ""3.38"", ""score"": 0.7799999999999998, ""current"": ""36-37°F"", ""predicted"": ""38-39°F"", ""tEstimated"": ""3.78""}",2026-03-24 13:21:50.135416+00
54,ruth-pws-klga-20260324-132150131,wendy,KLGA,info,guard,"PWS guards blocked: price_out_of_range | estimated 38.8°F, bucket 38-39°F, price 0.00",,2026-03-24 13:21:50.156711+00
55,ruth-pws-kmia-20260324-132150325,wendy,KMIA,info,signal,"PWS anticipation: STRONG (score=0.759), METAR 69.1°F → estimated 71.3°F, bucket 68-69°F → 70-71°F","{""gap"": ""0.71"", ""conf"": ""1.00"", ""ramp"": ""2.46"", ""score"": 0.75875, ""current"": ""68-69°F"", ""predicted"": ""70-71°F"", ""tEstimated"": ""21.83""}",2026-03-24 13:21:50.328573+00
56,ruth-pws-eglc-20260324-132150684,wendy,EGLC,info,signal,"PWS anticipation: WEAK (score=0.108), METAR 13.0°C → estimated 12.5°C, bucket 13°C → 12°C","{""gap"": ""-0.11"", ""conf"": ""0.33"", ""ramp"": ""-1.69"", ""score"": 0.10833333333333382, ""current"": ""13°C"", ""predicted"": ""12°C"", ""tEstimated"": ""12.47""}",2026-03-24 13:21:50.686705+00
57,ruth-pws-lfpg-20260324-132150870,wendy,LFPG,info,signal,"PWS anticipation: STRONG (score=0.722), METAR 18.0°C → estimated 18.6°C, bucket 18°C → 19°C","{""gap"": ""0.61"", ""conf"": ""1.00"", ""ramp"": ""0.92"", ""score"": 0.7224468386829465, ""current"": ""18°C"", ""predicted"": ""19°C"", ""tEstimated"": ""18.64""}",2026-03-24 13:21:50.873904+00
58,ruth-pws-lfpg-20260324-132150870,wendy,LFPG,info,trade,BUY attempt: 19°C @ 0.19,"{""amount"": 5, ""tokenId"": ""86030058571993767490459212341318577884474308624008053657194166750112634913196""}",2026-03-24 13:21:50.951658+00
59,ruth-pws-cyyz-20260324-132156200,wendy,CYYZ,info,signal,"PWS anticipation: STRONG (score=0.579), METAR -2.0°C → estimated -0.6°C, bucket -2°C → -1°C","{""gap"": ""0.50"", ""conf"": ""0.67"", ""ramp"": ""4.09"", ""score"": 0.5791666666666668, ""current"": ""-2°C"", ""predicted"": ""-1°C"", ""tEstimated"": ""-0.61""}",2026-03-24 13:21:56.204511+00
60,ruth-pws-cyyz-20260324-132156200,wendy,CYYZ,info,guard,"PWS guards blocked: price_out_of_range | estimated -0.6°C, bucket -1°C, price 0.00",,2026-03-24 13:21:56.207783+00
61,ruth-pws-lfpg-20260324-132150870,wendy,LFPG,error,trade,BUY failed: Phantom: order delayed but size_matched=0,"{""bucket"": ""19°C""}",2026-03-24 13:22:21.511046+00
62,ruth-pws-kord-20260324-132250022,wendy,KORD,info,signal,"PWS anticipation: STRONG (score=0.762), METAR 32.0°F → estimated 34.0°F, bucket 32-33°F → 34-35°F","{""gap"": ""0.72"", ""conf"": ""1.00"", ""ramp"": ""1.78"", ""score"": 0.7624999999999997, ""current"": ""32-33°F"", ""predicted"": ""34-35°F"", ""tEstimated"": ""1.11""}",2026-03-24 13:22:50.031073+00
63,ruth-pws-klga-20260324-132250182,wendy,KLGA,info,signal,"PWS anticipation: STRONG (score=0.830), METAR 36.0°F → estimated 40.4°F, bucket 36-37°F → 40-41°F","{""gap"": ""1.02"", ""conf"": ""1.00"", ""ramp"": ""5.83"", ""score"": 0.8299999999999996, ""current"": ""36-37°F"", ""predicted"": ""40-41°F"", ""tEstimated"": ""4.66""}",2026-03-24 13:22:50.18552+00
64,ruth-pws-klga-20260324-132250182,wendy,KLGA,info,guard,"PWS guards blocked: price_out_of_range | estimated 40.4°F, bucket 40-41°F, price 0.01",,2026-03-24 13:22:50.196118+00
65,ruth-pws-kmia-20260324-132250464,wendy,KMIA,info,signal,"PWS anticipation: STRONG (score=0.765), METAR 69.1°F → estimated 71.2°F, bucket 68-69°F → 70-71°F","{""gap"": ""0.73"", ""conf"": ""1.00"", ""ramp"": ""2.24"", ""score"": 0.7650000000000001, ""current"": ""68-69°F"", ""predicted"": ""70-71°F"", ""tEstimated"": ""21.79""}",2026-03-24 13:22:50.467894+00
66,ruth-pws-eglc-20260324-132250796,wendy,EGLC,info,signal,"PWS anticipation: WEAK (score=0.108), METAR 13.0°C → estimated 12.4°C, bucket 13°C → 12°C","{""gap"": ""-0.11"", ""conf"": ""0.33"", ""ramp"": ""-1.78"", ""score"": 0.10833333333333382, ""current"": ""13°C"", ""predicted"": ""12°C"", ""tEstimated"": ""12.44""}",2026-03-24 13:22:50.800007+00
67,ruth-pws-lfpg-20260324-132250997,wendy,LFPG,info,signal,"PWS anticipation: STRONG (score=0.750), METAR 18.0°C → estimated 18.9°C, bucket 18°C → 19°C","{""gap"": ""0.67"", ""conf"": ""1.00"", ""ramp"": ""1.61"", ""score"": 0.7499999999999996, ""current"": ""18°C"", ""predicted"": ""19°C"", ""tEstimated"": ""18.88""}",2026-03-24 13:22:51.004668+00
68,ruth-pws-lfpg-20260324-132250997,wendy,LFPG,info,trade,BUY attempt: 19°C @ 0.19,"{""amount"": 5, ""tokenId"": ""86030058571993767490459212341318577884474308624008053657194166750112634913196""}",2026-03-24 13:22:51.081641+00
69,ruth-pws-cyyz-20260324-132256187,wendy,CYYZ,info,signal,"PWS anticipation: STRONG (score=0.579), METAR -2.0°C → estimated -0.7°C, bucket -2°C → -1°C","{""gap"": ""0.50"", ""conf"": ""0.67"", ""ramp"": ""3.67"", ""score"": 0.5791666666666668, ""current"": ""-2°C"", ""predicted"": ""-1°C"", ""tEstimated"": ""-0.73""}",2026-03-24 13:22:56.194436+00
70,ruth-pws-cyyz-20260324-132256187,wendy,CYYZ,info,guard,"PWS guards blocked: price_out_of_range | estimated -0.7°C, bucket -1°C, price 0.00",,2026-03-24 13:22:56.215317+00
71,ruth-pws-lfpg-20260324-132250997,wendy,LFPG,error,trade,BUY failed: Phantom: order delayed but size_matched=0,"{""bucket"": ""19°C""}",2026-03-24 13:23:21.511326+00
72,ruth-pws-kord-20260324-132349943,wendy,KORD,info,signal,"PWS anticipation: STRONG (score=0.762), METAR 32.0°F → estimated 33.9°F, bucket 32-33°F → 34-35°F","{""gap"": ""0.72"", ""conf"": ""1.00"", ""ramp"": ""1.59"", ""score"": 0.7624999999999997, ""current"": ""32-33°F"", ""predicted"": ""34-35°F"", ""tEstimated"": ""1.06""}",2026-03-24 13:23:49.954032+00
73,ruth-pws-klga-20260324-132350102,wendy,KLGA,info,signal,"PWS anticipation: STRONG (score=0.830), METAR 36.0°F → estimated 40.4°F, bucket 36-37°F → 40-41°F","{""gap"": ""1.02"", ""conf"": ""1.00"", ""ramp"": ""5.88"", ""score"": 0.8299999999999996, ""current"": ""36-37°F"", ""predicted"": ""40-41°F"", ""tEstimated"": ""4.68""}",2026-03-24 13:23:50.106763+00
74,ruth-pws-klga-20260324-132350102,wendy,KLGA,info,guard,"PWS guards blocked: price_out_of_range | estimated 40.4°F, bucket 40-41°F, price 0.01",,2026-03-24 13:23:50.118407+00
75,ruth-pws-kmia-20260324-132350289,wendy,KMIA,info,signal,"PWS anticipation: STRONG (score=0.765), METAR 69.1°F → estimated 71.0°F, bucket 68-69°F → 70-71°F","{""gap"": ""0.73"", ""conf"": ""1.00"", ""ramp"": ""1.90"", ""score"": 0.7650000000000001, ""current"": ""68-69°F"", ""predicted"": ""70-71°F"", ""tEstimated"": ""21.68""}",2026-03-24 13:23:50.293369+00
76,ruth-pws-lfpg-20260324-132350958,wendy,LFPG,info,signal,"PWS anticipation: STRONG (score=0.775), METAR 18.0°C → estimated 19.2°C, bucket 18°C → 19°C","{""gap"": ""0.78"", ""conf"": ""1.00"", ""ramp"": ""2.44"", ""score"": 0.7750000000000001, ""current"": ""18°C"", ""predicted"": ""19°C"", ""tEstimated"": ""19.20""}",2026-03-24 13:23:50.964466+00
77,ruth-pws-lfpg-20260324-132350958,wendy,LFPG,info,trade,BUY attempt: 19°C @ 0.19,"{""amount"": 5, ""tokenId"": ""86030058571993767490459212341318577884474308624008053657194166750112634913196""}",2026-03-24 13:23:51.038908+00
78,ruth-pws-cyyz-20260324-132356339,wendy,CYYZ,info,signal,"PWS anticipation: STRONG (score=0.579), METAR -2.0°C → estimated -0.9°C, bucket -2°C → -1°C","{""gap"": ""0.50"", ""conf"": ""0.67"", ""ramp"": ""3.10"", ""score"": 0.5791666666666668, ""current"": ""-2°C"", ""predicted"": ""-1°C"", ""tEstimated"": ""-0.90""}",2026-03-24 13:23:56.344256+00
79,ruth-pws-cyyz-20260324-132356339,wendy,CYYZ,info,guard,"PWS guards blocked: price_out_of_range | estimated -0.9°C, bucket -1°C, price 0.00",,2026-03-24 13:23:56.345488+00
80,ruth-metar-eglc-20260324-132414400,wendy,EGLC,info,signal,"METAR: 13°C, max=13°C, bucket=13°C","{""prevBucket"": ""13°C""}",2026-03-24 13:24:14.419538+00
81,ruth-pws-lfpg-20260324-132350958,wendy,LFPG,error,trade,BUY failed: Phantom: order delayed but size_matched=0,"{""bucket"": ""19°C""}",2026-03-24 13:24:21.465667+00
82,ruth-pws-kord-20260324-132449992,wendy,KORD,info,signal,"PWS anticipation: STRONG (score=0.775), METAR 32.0°F → estimated 34.0°F, bucket 32-33°F → 34-35°F","{""gap"": ""0.78"", ""conf"": ""1.00"", ""ramp"": ""1.68"", ""score"": 0.7749999999999999, ""current"": ""32-33°F"", ""predicted"": ""34-35°F"", ""tEstimated"": ""1.13""}",2026-03-24 13:24:50.005376+00
83,ruth-pws-klga-20260324-132450189,wendy,KLGA,info,signal,"PWS anticipation: STRONG (score=0.830), METAR 36.0°F → estimated 40.1°F, bucket 36-37°F → 40-41°F","{""gap"": ""1.02"", ""conf"": ""1.00"", ""ramp"": ""5.36"", ""score"": 0.8299999999999996, ""current"": ""36-37°F"", ""predicted"": ""40-41°F"", ""tEstimated"": ""4.52""}",2026-03-24 13:24:50.193452+00
84,ruth-pws-klga-20260324-132450189,wendy,KLGA,info,guard,"PWS guards blocked: price_out_of_range | estimated 40.1°F, bucket 40-41°F, price 0.01",,2026-03-24 13:24:50.205045+00
85,ruth-pws-kmia-20260324-132450389,wendy,KMIA,info,signal,"PWS anticipation: STRONG (score=0.777), METAR 69.1°F → estimated 71.1°F, bucket 68-69°F → 70-71°F","{""gap"": ""0.79"", ""conf"": ""1.00"", ""ramp"": ""1.90"", ""score"": 0.7774999999999999, ""current"": ""68-69°F"", ""predicted"": ""70-71°F"", ""tEstimated"": ""21.72""}",2026-03-24 13:24:50.393166+00
86,ruth-pws-lfpg-20260324-132450877,wendy,LFPG,info,signal,"PWS anticipation: STRONG (score=0.788), METAR 18.0°C → estimated 19.4°C, bucket 18°C → 19°C","{""gap"": ""0.83"", ""conf"": ""1.00"", ""ramp"": ""2.85"", ""score"": 0.7875000000000005, ""current"": ""18°C"", ""predicted"": ""19°C"", ""tEstimated"": ""19.35""}",2026-03-24 13:24:50.881745+00
87,ruth-pws-lfpg-20260324-132450877,wendy,LFPG,info,trade,BUY attempt: 19°C @ 0.19,"{""amount"": 5, ""tokenId"": ""86030058571993767490459212341318577884474308624008053657194166750112634913196""}",2026-03-24 13:24:50.95232+00
88,ruth-pws-cyyz-20260324-132456115,wendy,CYYZ,debug,signal,"No confirmed METAR yet, skipping PWS anticipation",,2026-03-24 13:24:56.143689+00
89,ruth-pws-ksea-20260324-132549874,wendy,KSEA,debug,signal,"No confirmed METAR yet, skipping PWS anticipation",,2026-03-24 13:25:49.902801+00
90,ruth-pws-kdal-20260324-132550137,wendy,KDAL,debug,signal,"No confirmed METAR yet, skipping PWS anticipation",,2026-03-24 13:25:50.142311+00
91,ruth-pws-kord-20260324-132550395,wendy,KORD,debug,signal,"No confirmed METAR yet, skipping PWS anticipation",,2026-03-24 13:25:50.399859+00
92,ruth-pws-klga-20260324-132550620,wendy,KLGA,debug,signal,"No confirmed METAR yet, skipping PWS anticipation",,2026-03-24 13:25:50.623748+00
93,ruth-pws-kmia-20260324-132550798,wendy,KMIA,debug,signal,"No confirmed METAR yet, skipping PWS anticipation",,2026-03-24 13:25:50.801649+00
94,ruth-pws-katl-20260324-132550988,wendy,KATL,debug,signal,"No confirmed METAR yet, skipping PWS anticipation",,2026-03-24 13:25:50.99234+00
95,ruth-pws-eglc-20260324-132551232,wendy,EGLC,debug,signal,"No confirmed METAR yet, skipping PWS anticipation",,2026-03-24 13:25:51.235275+00
96,ruth-pws-lfpg-20260324-132551492,wendy,LFPG,debug,signal,"No confirmed METAR yet, skipping PWS anticipation",,2026-03-24 13:25:51.496247+00
97,ruth-pws-cyyz-20260324-132551738,wendy,CYYZ,debug,signal,"No confirmed METAR yet, skipping PWS anticipation",,2026-03-24 13:25:51.742541+00
98,ruth-pws-ksea-20260324-132649626,wendy,KSEA,debug,signal,"No confirmed METAR yet, skipping PWS anticipation",,2026-03-24 13:26:49.652852+00
99,ruth-pws-kdal-20260324-132649780,wendy,KDAL,debug,signal,"No confirmed METAR yet, skipping PWS anticipation",,2026-03-24 13:26:49.782864+00
100,ruth-pws-kord-20260324-132649932,wendy,KORD,debug,signal,"No confirmed METAR yet, skipping PWS anticipation",,2026-03-24 13:26:49.935868+00
101,ruth-pws-klga-20260324-132650115,wendy,KLGA,debug,signal,"No confirmed METAR yet, skipping PWS anticipation",,2026-03-24 13:26:50.119571+00
102,ruth-pws-kmia-20260324-132650288,wendy,KMIA,debug,signal,"No confirmed METAR yet, skipping PWS anticipation",,2026-03-24 13:26:50.291152+00
103,ruth-pws-katl-20260324-132650463,wendy,KATL,debug,signal,"No confirmed METAR yet, skipping PWS anticipation",,2026-03-24 13:26:50.466903+00
104,ruth-pws-eglc-20260324-132650678,wendy,EGLC,debug,signal,"No confirmed METAR yet, skipping PWS anticipation",,2026-03-24 13:26:50.681957+00
105,ruth-pws-lfpg-20260324-132650840,wendy,LFPG,debug,signal,"No confirmed METAR yet, skipping PWS anticipation",,2026-03-24 13:26:50.844369+00
106,ruth-pws-cyyz-20260324-132650993,wendy,CYYZ,debug,signal,"No confirmed METAR yet, skipping PWS anticipation",,2026-03-24 13:26:50.998105+00
107,ruth-pws-ksea-20260324-132749688,wendy,KSEA,debug,signal,"No confirmed METAR yet, skipping PWS anticipation",,2026-03-24 13:27:49.702243+00
108,ruth-pws-kdal-20260324-132749878,wendy,KDAL,debug,signal,"No confirmed METAR yet, skipping PWS anticipation",,2026-03-24 13:27:49.881395+00
109,ruth-pws-kord-20260324-132750092,wendy,KORD,debug,signal,"No confirmed METAR yet, skipping PWS anticipation",,2026-03-24 13:27:50.096093+00
110,ruth-pws-klga-20260324-132750341,wendy,KLGA,debug,signal,"No confirmed METAR yet, skipping PWS anticipation",,2026-03-24 13:27:50.344813+00
111,ruth-pws-kmia-20260324-132750525,wendy,KMIA,debug,signal,"No confirmed METAR yet, skipping PWS anticipation",,2026-03-24 13:27:50.52957+00
112,ruth-pws-katl-20260324-132750715,wendy,KATL,debug,signal,"No confirmed METAR yet, skipping PWS anticipation",,2026-03-24 13:27:50.718214+00
113,ruth-pws-eglc-20260324-132750926,wendy,EGLC,debug,signal,"No confirmed METAR yet, skipping PWS anticipation",,2026-03-24 13:27:50.929001+00
114,ruth-pws-lfpg-20260324-132751168,wendy,LFPG,debug,signal,"No confirmed METAR yet, skipping PWS anticipation",,2026-03-24 13:27:51.17249+00
115,ruth-pws-cyyz-20260324-132751391,wendy,CYYZ,debug,signal,"No confirmed METAR yet, skipping PWS anticipation",,2026-03-24 13:27:51.394023+00
116,ruth-pws-ksea-20260324-132849650,wendy,KSEA,debug,signal,"No confirmed METAR yet, skipping PWS anticipation",,2026-03-24 13:28:49.6669+00
117,ruth-pws-kdal-20260324-132849823,wendy,KDAL,debug,signal,"No confirmed METAR yet, skipping PWS anticipation",,2026-03-24 13:28:49.826248+00
118,ruth-pws-kord-20260324-132849979,wendy,KORD,debug,signal,"No confirmed METAR yet, skipping PWS anticipation",,2026-03-24 13:28:49.982222+00
119,ruth-pws-klga-20260324-132850165,wendy,KLGA,debug,signal,"No confirmed METAR yet, skipping PWS anticipation",,2026-03-24 13:28:50.168868+00
120,ruth-pws-kmia-20260324-132850343,wendy,KMIA,debug,signal,"No confirmed METAR yet, skipping PWS anticipation",,2026-03-24 13:28:50.346293+00
121,ruth-pws-katl-20260324-132850504,wendy,KATL,debug,signal,"No confirmed METAR yet, skipping PWS anticipation",,2026-03-24 13:28:50.507662+00
122,ruth-pws-eglc-20260324-132850696,wendy,EGLC,debug,signal,"No confirmed METAR yet, skipping PWS anticipation",,2026-03-24 13:28:50.69967+00
123,ruth-pws-lfpg-20260324-132850888,wendy,LFPG,debug,signal,"No confirmed METAR yet, skipping PWS anticipation",,2026-03-24 13:28:50.891564+00
124,ruth-pws-cyyz-20260324-132851102,wendy,CYYZ,debug,signal,"No confirmed METAR yet, skipping PWS anticipation",,2026-03-24 13:28:51.105781+00
125,ruth-pws-ksea-20260324-132949677,wendy,KSEA,debug,signal,"No confirmed METAR yet, skipping PWS anticipation",,2026-03-24 13:29:49.691603+00
126,ruth-pws-kdal-20260324-132949829,wendy,KDAL,debug,signal,"No confirmed METAR yet, skipping PWS anticipation",,2026-03-24 13:29:49.832555+00
127,ruth-pws-kord-20260324-132949990,wendy,KORD,debug,signal,"No confirmed METAR yet, skipping PWS anticipation",,2026-03-24 13:29:49.994862+00
128,marty-manual-20260324132950092,wendy,LFPG,info,trade,BUY attempt: 19C @ 0.2,"{""amount"": 2, ""tokenId"": ""86030058571993767490459212341318577884474308624008053657194166750112634913196""}",2026-03-24 13:29:50.095903+00
129,ruth-pws-klga-20260324-132950139,wendy,KLGA,debug,signal,"No confirmed METAR yet, skipping PWS anticipation",,2026-03-24 13:29:50.143254+00
130,ruth-pws-kmia-20260324-132950327,wendy,KMIA,debug,signal,"No confirmed METAR yet, skipping PWS anticipation",,2026-03-24 13:29:50.330021+00
131,ruth-pws-katl-20260324-132950549,wendy,KATL,debug,signal,"No confirmed METAR yet, skipping PWS anticipation",,2026-03-24 13:29:50.55257+00
132,ruth-pws-eglc-20260324-132950707,wendy,EGLC,debug,signal,"No confirmed METAR yet, skipping PWS anticipation",,2026-03-24 13:29:50.710281+00
133,ruth-pws-lfpg-20260324-132950878,wendy,LFPG,debug,signal,"No confirmed METAR yet, skipping PWS anticipation",,2026-03-24 13:29:50.882669+00
134,ruth-pws-cyyz-20260324-132951111,wendy,CYYZ,debug,signal,"No confirmed METAR yet, skipping PWS anticipation",,2026-03-24 13:29:51.114669+00
135,marty-manual-20260324132950092,wendy,LFPG,success,trade,BUY filled: 10 shares,"{""bucket"": ""19C"", ""shares"": 10, ""orderId"": ""0x71b900d05ca68e258780319fca0ac00124c87656538df921dae4f43b7797e9fe""}",2026-03-24 13:29:56.362202+00
136,ruth-pws-ksea-20260324-133049661,wendy,KSEA,debug,signal,"No confirmed METAR yet, skipping PWS anticipation",,2026-03-24 13:30:49.679028+00
137,ruth-pws-kdal-20260324-133049828,wendy,KDAL,debug,signal,"No confirmed METAR yet, skipping PWS anticipation",,2026-03-24 13:30:49.830988+00
138,ruth-pws-kord-20260324-133049983,wendy,KORD,debug,signal,"No confirmed METAR yet, skipping PWS anticipation",,2026-03-24 13:30:49.987727+00
139,ruth-pws-klga-20260324-133050191,wendy,KLGA,debug,signal,"No confirmed METAR yet, skipping PWS anticipation",,2026-03-24 13:30:50.194308+00
140,ruth-pws-kmia-20260324-133050327,wendy,KMIA,debug,signal,"No confirmed METAR yet, skipping PWS anticipation",,2026-03-24 13:30:50.331342+00
141,ruth-pws-katl-20260324-133050474,wendy,KATL,debug,signal,"No confirmed METAR yet, skipping PWS anticipation",,2026-03-24 13:30:50.484529+00
142,ruth-pws-eglc-20260324-133050702,wendy,EGLC,debug,signal,"No confirmed METAR yet, skipping PWS anticipation",,2026-03-24 13:30:50.705666+00
143,ruth-pws-lfpg-20260324-133050863,wendy,LFPG,debug,signal,"No confirmed METAR yet, skipping PWS anticipation",,2026-03-24 13:30:50.866207+00
144,ruth-pws-cyyz-20260324-133051168,wendy,CYYZ,debug,signal,"No confirmed METAR yet, skipping PWS anticipation",,2026-03-24 13:30:51.172001+00
145,ruth-pws-ksea-20260324-133149695,wendy,KSEA,debug,signal,"No confirmed METAR yet, skipping PWS anticipation",,2026-03-24 13:31:49.706149+00
146,ruth-pws-kdal-20260324-133149916,wendy,KDAL,debug,signal,"No confirmed METAR yet, skipping PWS anticipation",,2026-03-24 13:31:49.919267+00
147,ruth-pws-kord-20260324-133150154,wendy,KORD,debug,signal,"No confirmed METAR yet, skipping PWS anticipation",,2026-03-24 13:31:50.157705+00
148,ruth-pws-klga-20260324-133150386,wendy,KLGA,debug,signal,"No confirmed METAR yet, skipping PWS anticipation",,2026-03-24 13:31:50.389764+00
149,ruth-pws-kmia-20260324-133150594,wendy,KMIA,debug,signal,"No confirmed METAR yet, skipping PWS anticipation",,2026-03-24 13:31:50.597922+00
150,ruth-pws-katl-20260324-133150859,wendy,KATL,debug,signal,"No confirmed METAR yet, skipping PWS anticipation",,2026-03-24 13:31:50.862327+00
151,ruth-pws-eglc-20260324-133151043,wendy,EGLC,debug,signal,"No confirmed METAR yet, skipping PWS anticipation",,2026-03-24 13:31:51.046536+00
152,ruth-pws-lfpg-20260324-133151306,wendy,LFPG,debug,signal,"No confirmed METAR yet, skipping PWS anticipation",,2026-03-24 13:31:51.311119+00
153,ruth-pws-cyyz-20260324-133151475,wendy,CYYZ,debug,signal,"No confirmed METAR yet, skipping PWS anticipation",,2026-03-24 13:31:51.478766+00
154,ruth-metar-lfpg-20260324-133217253,wendy,LFPG,info,signal,Threshold crossed: none → 18°C,,2026-03-24 13:32:17.273189+00
155,ruth-metar-lfpg-20260324-133217253,wendy,LFPG,info,signal,"METAR: 18°C, max=18°C, bucket=18°C","{""prevBucket"": null}",2026-03-24 13:32:17.275866+00
156,ruth-metar-lfpg-20260324-133217253,wendy,LFPG,info,guard,"Guards blocked: price_out_of_range | METAR 18.0°C, bucket 18°C, price 0.80","{""price"": 0.795, ""bucket"": ""18°C""}",2026-03-24 13:32:17.27995+00
157,ruth-pws-ksea-20260324-133249761,wendy,KSEA,debug,signal,"No confirmed METAR yet, skipping PWS anticipation",,2026-03-24 13:32:49.77521+00
158,ruth-pws-kdal-20260324-133249957,wendy,KDAL,debug,signal,"No confirmed METAR yet, skipping PWS anticipation",,2026-03-24 13:32:49.959976+00
159,ruth-pws-kord-20260324-133250129,wendy,KORD,debug,signal,"No confirmed METAR yet, skipping PWS anticipation",,2026-03-24 13:32:50.132791+00
160,ruth-pws-klga-20260324-133250349,wendy,KLGA,debug,signal,"No confirmed METAR yet, skipping PWS anticipation",,2026-03-24 13:32:50.351935+00
161,ruth-pws-kmia-20260324-133250532,wendy,KMIA,debug,signal,"No confirmed METAR yet, skipping PWS anticipation",,2026-03-24 13:32:50.534776+00
162,ruth-pws-katl-20260324-133250696,wendy,KATL,debug,signal,"No confirmed METAR yet, skipping PWS anticipation",,2026-03-24 13:32:50.699142+00
163,ruth-pws-eglc-20260324-133250846,wendy,EGLC,debug,signal,"No confirmed METAR yet, skipping PWS anticipation",,2026-03-24 13:32:50.850162+00
164,ruth-pws-lfpg-20260324-133251022,wendy,LFPG,info,signal,"PWS anticipation: STRONG (score=0.850), METAR 18.0°C → estimated 19.2°C, bucket 18°C → 19°C","{""gap"": ""1.11"", ""conf"": ""1.00"", ""ramp"": ""1.83"", ""score"": 0.8500000000000008, ""current"": ""18°C"", ""predicted"": ""19°C"", ""tEstimated"": ""19.21""}",2026-03-24 13:32:51.028588+00
165,ruth-pws-lfpg-20260324-133251022,wendy,LFPG,info,trade,BUY attempt: 19°C @ 0.185,"{""amount"": 5, ""tokenId"": ""86030058571993767490459212341318577884474308624008053657194166750112634913196""}",2026-03-24 13:32:51.132217+00
166,ruth-pws-cyyz-20260324-133256227,wendy,CYYZ,debug,signal,"No confirmed METAR yet, skipping PWS anticipation",,2026-03-24 13:32:56.231273+00
167,ruth-pws-lfpg-20260324-133251022,wendy,LFPG,success,trade,BUY filled: 22.027825 shares,"{""bucket"": ""19°C"", ""shares"": 22.027825, ""orderId"": ""0x4875dcbbc41ff2034bb7ff9bc65e183443c655f4bdd5c6f6352b72de744074ff""}",2026-03-24 13:32:57.324973+00
168,ruth-pws-lfpg-20260324-133251022,wendy,LFPG,info,signal,PWS position registered for METAR validation: 19°C (22.027825 shares),,2026-03-24 13:32:57.333599+00
169,ruth-pws-ksea-20260324-133349691,wendy,KSEA,debug,signal,"No confirmed METAR yet, skipping PWS anticipation",,2026-03-24 13:33:49.71251+00
170,ruth-pws-kdal-20260324-133349868,wendy,KDAL,debug,signal,"No confirmed METAR yet, skipping PWS anticipation",,2026-03-24 13:33:49.871222+00
171,ruth-pws-kord-20260324-133350042,wendy,KORD,debug,signal,"No confirmed METAR yet, skipping PWS anticipation",,2026-03-24 13:33:50.046121+00
172,ruth-pws-klga-20260324-133350223,wendy,KLGA,debug,signal,"No confirmed METAR yet, skipping PWS anticipation",,2026-03-24 13:33:50.226231+00
173,ruth-pws-kmia-20260324-133350364,wendy,KMIA,debug,signal,"No confirmed METAR yet, skipping PWS anticipation",,2026-03-24 13:33:50.366683+00
174,ruth-pws-katl-20260324-133350560,wendy,KATL,debug,signal,"No confirmed METAR yet, skipping PWS anticipation",,2026-03-24 13:33:50.563697+00
175,ruth-pws-eglc-20260324-133350736,wendy,EGLC,debug,signal,"No confirmed METAR yet, skipping PWS anticipation",,2026-03-24 13:33:50.741118+00
176,ruth-pws-lfpg-20260324-133350934,wendy,LFPG,info,signal,"PWS anticipation: STRONG (score=0.850), METAR 18.0°C → estimated 19.2°C, bucket 18°C → 19°C","{""gap"": ""1.11"", ""conf"": ""1.00"", ""ramp"": ""1.89"", ""score"": 0.8500000000000008, ""current"": ""18°C"", ""predicted"": ""19°C"", ""tEstimated"": ""19.23""}",2026-03-24 13:33:50.939753+00
177,ruth-pws-lfpg-20260324-133350934,wendy,LFPG,info,trade,BUY attempt: 19°C @ 0.185,"{""amount"": 5, ""tokenId"": ""86030058571993767490459212341318577884474308624008053657194166750112634913196""}",2026-03-24 13:33:51.018648+00
178,ruth-pws-cyyz-20260324-133356122,wendy,CYYZ,debug,signal,"No confirmed METAR yet, skipping PWS anticipation",,2026-03-24 13:33:56.125806+00
179,ruth-pws-lfpg-20260324-133350934,wendy,LFPG,success,trade,BUY filled: 21.739129 shares,"{""bucket"": ""19°C"", ""shares"": 21.739129, ""orderId"": ""0x6f0c757a2845629421833c67fd29096110fc5c181b59a15c1603f08e74c598ed""}",2026-03-24 13:33:57.194907+00
180,ruth-pws-lfpg-20260324-133350934,wendy,LFPG,info,signal,PWS position registered for METAR validation: 19°C (21.739129 shares),,2026-03-24 13:33:57.195206+00
181,ruth-pws-ksea-20260324-133449729,wendy,KSEA,debug,signal,"No confirmed METAR yet, skipping PWS anticipation",,2026-03-24 13:34:49.746038+00
182,ruth-pws-kdal-20260324-133449986,wendy,KDAL,debug,signal,"No confirmed METAR yet, skipping PWS anticipation",,2026-03-24 13:34:49.989106+00
183,ruth-pws-kord-20260324-133450197,wendy,KORD,debug,signal,"No confirmed METAR yet, skipping PWS anticipation",,2026-03-24 13:34:50.200684+00
184,ruth-pws-klga-20260324-133450377,wendy,KLGA,debug,signal,"No confirmed METAR yet, skipping PWS anticipation",,2026-03-24 13:34:50.380491+00
185,ruth-pws-kmia-20260324-133450581,wendy,KMIA,debug,signal,"No confirmed METAR yet, skipping PWS anticipation",,2026-03-24 13:34:50.583745+00
186,ruth-pws-katl-20260324-133450757,wendy,KATL,debug,signal,"No confirmed METAR yet, skipping PWS anticipation",,2026-03-24 13:34:50.759688+00
187,ruth-pws-eglc-20260324-133451011,wendy,EGLC,debug,signal,"No confirmed METAR yet, skipping PWS anticipation",,2026-03-24 13:34:51.013753+00
188,ruth-pws-lfpg-20260324-133451204,wendy,LFPG,info,signal,"PWS anticipation: STRONG (score=0.875), METAR 18.0°C → estimated 19.4°C, bucket 18°C → 19°C","{""gap"": ""1.22"", ""conf"": ""1.00"", ""ramp"": ""2.18"", ""score"": 0.8749999999999991, ""current"": ""18°C"", ""predicted"": ""19°C"", ""tEstimated"": ""19.39""}",2026-03-24 13:34:51.210458+00
189,ruth-pws-lfpg-20260324-133451204,wendy,LFPG,info,trade,BUY attempt: 19°C @ 0.185,"{""amount"": 5, ""tokenId"": ""86030058571993767490459212341318577884474308624008053657194166750112634913196""}",2026-03-24 13:34:51.299177+00
190,ruth-pws-cyyz-20260324-133456375,wendy,CYYZ,debug,signal,"No confirmed METAR yet, skipping PWS anticipation",,2026-03-24 13:34:56.379536+00
192,ruth-pws-lfpg-20260324-133451204,wendy,LFPG,success,trade,BUY filled: 18.639258 shares,"{""bucket"": ""19°C"", ""shares"": 18.639258, ""orderId"": ""0x19bce3aa1fb12f58dee5b81c27902fbd31472e9b4becc250706e234f13b3d3ec""}",2026-03-24 13:34:57.548011+00
191,ruth-pws-lfpg-20260324-133451204,wendy,LFPG,info,signal,PWS position registered for METAR validation: 19°C (18.639258 shares),,2026-03-24 13:34:57.548218+00
193,ruth-pws-ksea-20260324-133549708,wendy,KSEA,debug,signal,"No confirmed METAR yet, skipping PWS anticipation",,2026-03-24 13:35:49.729311+00
194,ruth-pws-kdal-20260324-133549926,wendy,KDAL,debug,signal,"No confirmed METAR yet, skipping PWS anticipation",,2026-03-24 13:35:49.933215+00
195,ruth-pws-kord-20260324-133550117,wendy,KORD,debug,signal,"No confirmed METAR yet, skipping PWS anticipation",,2026-03-24 13:35:50.124619+00
196,ruth-pws-klga-20260324-133550269,wendy,KLGA,debug,signal,"No confirmed METAR yet, skipping PWS anticipation",,2026-03-24 13:35:50.274047+00
197,ruth-pws-kmia-20260324-133550481,wendy,KMIA,debug,signal,"No confirmed METAR yet, skipping PWS anticipation",,2026-03-24 13:35:50.484714+00
198,ruth-pws-katl-20260324-133550770,wendy,KATL,debug,signal,"No confirmed METAR yet, skipping PWS anticipation",,2026-03-24 13:35:50.776748+00
199,ruth-pws-eglc-20260324-133550970,wendy,EGLC,debug,signal,"No confirmed METAR yet, skipping PWS anticipation",,2026-03-24 13:35:50.976255+00
200,ruth-pws-lfpg-20260324-133551118,wendy,LFPG,info,signal,"PWS anticipation: STRONG (score=0.875), METAR 18.0°C → estimated 19.4°C, bucket 18°C → 19°C","{""gap"": ""1.22"", ""conf"": ""1.00"", ""ramp"": ""2.24"", ""score"": 0.8749999999999991, ""current"": ""18°C"", ""predicted"": ""19°C"", ""tEstimated"": ""19.41""}",2026-03-24 13:35:51.126034+00
201,ruth-pws-lfpg-20260324-133551118,wendy,LFPG,info,trade,BUY attempt: 19°C @ 0.215,"{""amount"": 5, ""tokenId"": ""86030058571993767490459212341318577884474308624008053657194166750112634913196""}",2026-03-24 13:35:51.232407+00
202,ruth-pws-cyyz-20260324-133556364,wendy,CYYZ,debug,signal,"No confirmed METAR yet, skipping PWS anticipation",,2026-03-24 13:35:56.368969+00
203,ruth-pws-lfpg-20260324-133551118,wendy,LFPG,success,trade,BUY filled: 17.586205 shares,"{""bucket"": ""19°C"", ""shares"": 17.586205, ""orderId"": ""0x64875c75765a454c9d87ec996f054aea053314fed007943db20dd41035c5f270""}",2026-03-24 13:35:57.431127+00
204,ruth-pws-lfpg-20260324-133551118,wendy,LFPG,info,signal,PWS position registered for METAR validation: 19°C (17.586205 shares),,2026-03-24 13:35:57.449181+00
205,ruth-pws-ksea-20260324-133649663,wendy,KSEA,debug,signal,"No confirmed METAR yet, skipping PWS anticipation",,2026-03-24 13:36:49.686393+00
206,ruth-pws-kdal-20260324-133649830,wendy,KDAL,debug,signal,"No confirmed METAR yet, skipping PWS anticipation",,2026-03-24 13:36:49.833604+00
207,ruth-pws-kord-20260324-133649969,wendy,KORD,debug,signal,"No confirmed METAR yet, skipping PWS anticipation",,2026-03-24 13:36:49.97787+00
208,ruth-pws-klga-20260324-133650134,wendy,KLGA,debug,signal,"No confirmed METAR yet, skipping PWS anticipation",,2026-03-24 13:36:50.139293+00
209,ruth-pws-kmia-20260324-133650343,wendy,KMIA,debug,signal,"No confirmed METAR yet, skipping PWS anticipation",,2026-03-24 13:36:50.35159+00
210,ruth-pws-katl-20260324-133650547,wendy,KATL,debug,signal,"No confirmed METAR yet, skipping PWS anticipation",,2026-03-24 13:36:50.552021+00
211,ruth-pws-eglc-20260324-133650888,wendy,EGLC,debug,signal,"No confirmed METAR yet, skipping PWS anticipation",,2026-03-24 13:36:50.893514+00
212,ruth-pws-lfpg-20260324-133651144,wendy,LFPG,info,signal,"PWS anticipation: STRONG (score=0.875), METAR 18.0°C → estimated 19.5°C, bucket 18°C → 19°C","{""gap"": ""1.22"", ""conf"": ""1.00"", ""ramp"": ""2.50"", ""score"": 0.8749999999999991, ""current"": ""18°C"", ""predicted"": ""19°C"", ""tEstimated"": ""19.48""}",2026-03-24 13:36:51.150156+00
213,ruth-pws-lfpg-20260324-133651144,wendy,LFPG,info,guard,"PWS guards blocked: border_zone | estimated 19.5°C, bucket 19°C, price 0.21",,2026-03-24 13:36:51.16779+00
214,ruth-pws-cyyz-20260324-133651406,wendy,CYYZ,debug,signal,"No confirmed METAR yet, skipping PWS anticipation",,2026-03-24 13:36:51.411977+00
215,ruth-pws-ksea-20260324-133749705,wendy,KSEA,debug,signal,"No confirmed METAR yet, skipping PWS anticipation",,2026-03-24 13:37:49.719371+00
216,ruth-pws-kdal-20260324-133749868,wendy,KDAL,debug,signal,"No confirmed METAR yet, skipping PWS anticipation",,2026-03-24 13:37:49.870854+00
217,ruth-pws-kord-20260324-133750117,wendy,KORD,debug,signal,"No confirmed METAR yet, skipping PWS anticipation",,2026-03-24 13:37:50.120088+00
218,ruth-pws-klga-20260324-133750302,wendy,KLGA,debug,signal,"No confirmed METAR yet, skipping PWS anticipation",,2026-03-24 13:37:50.304473+00
219,ruth-pws-kmia-20260324-133750472,wendy,KMIA,debug,signal,"No confirmed METAR yet, skipping PWS anticipation",,2026-03-24 13:37:50.474626+00
220,ruth-pws-katl-20260324-133750653,wendy,KATL,debug,signal,"No confirmed METAR yet, skipping PWS anticipation",,2026-03-24 13:37:50.657043+00
221,ruth-pws-eglc-20260324-133750816,wendy,EGLC,debug,signal,"No confirmed METAR yet, skipping PWS anticipation",,2026-03-24 13:37:50.818892+00
222,ruth-pws-lfpg-20260324-133750955,wendy,LFPG,info,signal,"PWS anticipation: STRONG (score=0.863), METAR 18.0°C → estimated 19.3°C, bucket 18°C → 19°C","{""gap"": ""1.17"", ""conf"": ""1.00"", ""ramp"": ""2.15"", ""score"": 0.8625000000000003, ""current"": ""18°C"", ""predicted"": ""19°C"", ""tEstimated"": ""19.35""}",2026-03-24 13:37:50.959292+00
223,ruth-pws-lfpg-20260324-133750955,wendy,LFPG,info,trade,BUY attempt: 19°C @ 0.215,"{""amount"": 5, ""tokenId"": ""86030058571993767490459212341318577884474308624008053657194166750112634913196""}",2026-03-24 13:37:51.041871+00
224,ruth-pws-cyyz-20260324-133756109,wendy,CYYZ,debug,signal,"No confirmed METAR yet, skipping PWS anticipation",,2026-03-24 13:37:56.114251+00
225,ruth-pws-lfpg-20260324-133750955,wendy,LFPG,success,trade,BUY filled: 19.926295 shares,"{""bucket"": ""19°C"", ""shares"": 19.926295, ""orderId"": ""0x36362cdca3bf4cabbb51422abadd9c07adc229f1a0c65b49c259f1119728ed8e""}",2026-03-24 13:37:57.217696+00
226,ruth-pws-lfpg-20260324-133750955,wendy,LFPG,info,signal,PWS position registered for METAR validation: 19°C (19.926295 shares),,2026-03-24 13:37:57.218035+00
227,ruth-pws-ksea-20260324-133849642,wendy,KSEA,debug,signal,"No confirmed METAR yet, skipping PWS anticipation",,2026-03-24 13:38:49.665107+00
228,ruth-pws-kdal-20260324-133849806,wendy,KDAL,debug,signal,"No confirmed METAR yet, skipping PWS anticipation",,2026-03-24 13:38:49.809597+00
229,ruth-pws-kord-20260324-133850153,wendy,KORD,debug,signal,"No confirmed METAR yet, skipping PWS anticipation",,2026-03-24 13:38:50.158616+00
230,ruth-pws-klga-20260324-133850389,wendy,KLGA,debug,signal,"No confirmed METAR yet, skipping PWS anticipation",,2026-03-24 13:38:50.392923+00
231,ruth-pws-kmia-20260324-133850559,wendy,KMIA,debug,signal,"No confirmed METAR yet, skipping PWS anticipation",,2026-03-24 13:38:50.561103+00
232,ruth-pws-katl-20260324-133850696,wendy,KATL,debug,signal,"No confirmed METAR yet, skipping PWS anticipation",,2026-03-24 13:38:50.699836+00
233,ruth-pws-eglc-20260324-133850910,wendy,EGLC,debug,signal,"No confirmed METAR yet, skipping PWS anticipation",,2026-03-24 13:38:50.914234+00
234,ruth-pws-lfpg-20260324-133851111,wendy,LFPG,info,signal,"PWS anticipation: STRONG (score=0.888), METAR 18.0°C → estimated 19.3°C, bucket 18°C → 19°C","{""gap"": ""1.28"", ""conf"": ""1.00"", ""ramp"": ""1.90"", ""score"": 0.8875000000000002, ""current"": ""18°C"", ""predicted"": ""19°C"", ""tEstimated"": ""19.34""}",2026-03-24 13:38:51.116157+00
235,ruth-pws-lfpg-20260324-133851111,wendy,LFPG,info,trade,BUY attempt: 19°C @ 0.225,"{""amount"": 5, ""tokenId"": ""86030058571993767490459212341318577884474308624008053657194166750112634913196""}",2026-03-24 13:38:51.207935+00
236,ruth-pws-cyyz-20260324-133856263,wendy,CYYZ,debug,signal,"No confirmed METAR yet, skipping PWS anticipation",,2026-03-24 13:38:56.270081+00
237,ruth-pws-lfpg-20260324-133851111,wendy,LFPG,success,trade,BUY filled: 18.888887 shares,"{""bucket"": ""19°C"", ""shares"": 18.888887, ""orderId"": ""0xc771c904d6513c5d96882db71f7cbacc7eedab53bf97ed70cd76542007c9f29c""}",2026-03-24 13:38:57.395611+00
238,ruth-pws-lfpg-20260324-133851111,wendy,LFPG,info,signal,PWS position registered for METAR validation: 19°C (18.888887 shares),,2026-03-24 13:38:57.403411+00
239,ruth-pws-ksea-20260324-133949634,wendy,KSEA,debug,signal,"No confirmed METAR yet, skipping PWS anticipation",,2026-03-24 13:39:49.647343+00
240,ruth-pws-kdal-20260324-133949803,wendy,KDAL,debug,signal,"No confirmed METAR yet, skipping PWS anticipation",,2026-03-24 13:39:49.805487+00
241,ruth-pws-kord-20260324-133949956,wendy,KORD,debug,signal,"No confirmed METAR yet, skipping PWS anticipation",,2026-03-24 13:39:49.960408+00
242,ruth-pws-klga-20260324-133950218,wendy,KLGA,debug,signal,"No confirmed METAR yet, skipping PWS anticipation",,2026-03-24 13:39:50.221645+00
243,ruth-pws-kmia-20260324-133950444,wendy,KMIA,debug,signal,"No confirmed METAR yet, skipping PWS anticipation",,2026-03-24 13:39:50.44769+00
244,ruth-pws-katl-20260324-133950608,wendy,KATL,debug,signal,"No confirmed METAR yet, skipping PWS anticipation",,2026-03-24 13:39:50.611528+00
245,ruth-pws-eglc-20260324-133950820,wendy,EGLC,debug,signal,"No confirmed METAR yet, skipping PWS anticipation",,2026-03-24 13:39:50.822572+00
246,ruth-pws-lfpg-20260324-133951009,wendy,LFPG,info,signal,"PWS anticipation: STRONG (score=0.888), METAR 18.0°C → estimated 19.3°C, bucket 18°C → 19°C","{""gap"": ""1.28"", ""conf"": ""1.00"", ""ramp"": ""1.84"", ""score"": 0.8875000000000002, ""current"": ""18°C"", ""predicted"": ""19°C"", ""tEstimated"": ""19.32""}",2026-03-24 13:39:51.013323+00
247,ruth-pws-lfpg-20260324-133951009,wendy,LFPG,info,trade,BUY attempt: 19°C @ 0.225,"{""amount"": 5, ""tokenId"": ""86030058571993767490459212341318577884474308624008053657194166750112634913196""}",2026-03-24 13:39:51.087256+00
248,ruth-pws-cyyz-20260324-133956252,wendy,CYYZ,debug,signal,"No confirmed METAR yet, skipping PWS anticipation",,2026-03-24 13:39:56.255928+00
249,ruth-pws-lfpg-20260324-133951009,wendy,LFPG,success,trade,BUY filled: 20 shares,"{""bucket"": ""19°C"", ""shares"": 20, ""orderId"": ""0x570d1fbcd7272049158775c98d701570f8f31ddbc56ccb1623b2767aa5ddb8df""}",2026-03-24 13:39:57.281712+00
250,ruth-pws-lfpg-20260324-133951009,wendy,LFPG,info,signal,PWS position registered for METAR validation: 19°C (20 shares),,2026-03-24 13:39:57.28196+00
251,ruth-pws-ksea-20260324-134049722,wendy,KSEA,debug,signal,"No confirmed METAR yet, skipping PWS anticipation",,2026-03-24 13:40:49.732465+00
252,ruth-pws-kdal-20260324-134049928,wendy,KDAL,debug,signal,"No confirmed METAR yet, skipping PWS anticipation",,2026-03-24 13:40:49.931735+00
253,ruth-pws-kord-20260324-134050097,wendy,KORD,debug,signal,"No confirmed METAR yet, skipping PWS anticipation",,2026-03-24 13:40:50.104705+00
254,ruth-pws-klga-20260324-134050240,wendy,KLGA,debug,signal,"No confirmed METAR yet, skipping PWS anticipation",,2026-03-24 13:40:50.242561+00
255,ruth-pws-kmia-20260324-134050405,wendy,KMIA,debug,signal,"No confirmed METAR yet, skipping PWS anticipation",,2026-03-24 13:40:50.408544+00
256,ruth-pws-katl-20260324-134050564,wendy,KATL,debug,signal,"No confirmed METAR yet, skipping PWS anticipation",,2026-03-24 13:40:50.568002+00
257,ruth-pws-eglc-20260324-134050733,wendy,EGLC,debug,signal,"No confirmed METAR yet, skipping PWS anticipation",,2026-03-24 13:40:50.737084+00
258,ruth-pws-lfpg-20260324-134050881,wendy,LFPG,info,signal,"PWS anticipation: STRONG (score=0.888), METAR 18.0°C → estimated 19.2°C, bucket 18°C → 19°C","{""gap"": ""1.28"", ""conf"": ""1.00"", ""ramp"": ""1.58"", ""score"": 0.8875000000000002, ""current"": ""18°C"", ""predicted"": ""19°C"", ""tEstimated"": ""19.24""}",2026-03-24 13:40:50.885875+00
259,ruth-pws-lfpg-20260324-134050881,wendy,LFPG,info,trade,BUY attempt: 19°C @ 0.225,"{""amount"": 5, ""tokenId"": ""86030058571993767490459212341318577884474308624008053657194166750112634913196""}",2026-03-24 13:40:50.963566+00
260,ruth-pws-cyyz-20260324-134056084,wendy,CYYZ,debug,signal,"No confirmed METAR yet, skipping PWS anticipation",,2026-03-24 13:40:56.087618+00
261,ruth-pws-lfpg-20260324-134050881,wendy,LFPG,success,trade,BUY filled: 17.066665 shares,"{""bucket"": ""19°C"", ""shares"": 17.066665, ""orderId"": ""0xf78aa4f74b1413533878eff7fcdd63fc703989bc6ec8da6763f2c7ba6379cc17""}",2026-03-24 13:40:57.182423+00
262,ruth-pws-lfpg-20260324-134050881,wendy,LFPG,info,signal,PWS position registered for METAR validation: 19°C (17.066665 shares),,2026-03-24 13:40:57.182849+00
263,ruth-pws-ksea-20260324-134149669,wendy,KSEA,debug,signal,"No confirmed METAR yet, skipping PWS anticipation",,2026-03-24 13:41:49.684851+00
264,ruth-pws-kdal-20260324-134149828,wendy,KDAL,debug,signal,"No confirmed METAR yet, skipping PWS anticipation",,2026-03-24 13:41:49.830713+00
265,ruth-pws-kord-20260324-134149969,wendy,KORD,debug,signal,"No confirmed METAR yet, skipping PWS anticipation",,2026-03-24 13:41:49.971872+00
266,ruth-pws-klga-20260324-134150101,wendy,KLGA,debug,signal,"No confirmed METAR yet, skipping PWS anticipation",,2026-03-24 13:41:50.104462+00
267,ruth-pws-kmia-20260324-134150252,wendy,KMIA,debug,signal,"No confirmed METAR yet, skipping PWS anticipation",,2026-03-24 13:41:50.254963+00
268,ruth-pws-katl-20260324-134150418,wendy,KATL,debug,signal,"No confirmed METAR yet, skipping PWS anticipation",,2026-03-24 13:41:50.421041+00
269,ruth-pws-eglc-20260324-134150571,wendy,EGLC,debug,signal,"No confirmed METAR yet, skipping PWS anticipation",,2026-03-24 13:41:50.574445+00
270,ruth-pws-lfpg-20260324-134150755,wendy,LFPG,info,signal,"PWS anticipation: STRONG (score=0.888), METAR 18.0°C → estimated 19.2°C, bucket 18°C → 19°C","{""gap"": ""1.28"", ""conf"": ""1.00"", ""ramp"": ""1.43"", ""score"": 0.8875000000000002, ""current"": ""18°C"", ""predicted"": ""19°C"", ""tEstimated"": ""19.19""}",2026-03-24 13:41:50.760615+00
271,ruth-pws-lfpg-20260324-134150755,wendy,LFPG,info,trade,BUY attempt: 19°C @ 0.23,"{""amount"": 5, ""tokenId"": ""86030058571993767490459212341318577884474308624008053657194166750112634913196""}",2026-03-24 13:41:50.869353+00
272,ruth-pws-cyyz-20260324-134155892,wendy,CYYZ,debug,signal,"No confirmed METAR yet, skipping PWS anticipation",,2026-03-24 13:41:55.897355+00
273,ruth-pws-lfpg-20260324-134150755,wendy,LFPG,success,trade,BUY filled: 17.241378 shares,"{""bucket"": ""19°C"", ""shares"": 17.241378, ""orderId"": ""0x77fa33269a86ce8b07934b9cd36225f8df2d64091e743f8a2b71e4ce8adfd5da""}",2026-03-24 13:41:57.046755+00
274,ruth-pws-lfpg-20260324-134150755,wendy,LFPG,info,signal,PWS position registered for METAR validation: 19°C (17.241378 shares),,2026-03-24 13:41:57.054857+00
275,ruth-pws-ksea-20260324-134249762,wendy,KSEA,debug,signal,"No confirmed METAR yet, skipping PWS anticipation",,2026-03-24 13:42:49.774626+00
276,ruth-pws-kdal-20260324-134249994,wendy,KDAL,debug,signal,"No confirmed METAR yet, skipping PWS anticipation",,2026-03-24 13:42:49.997293+00
277,ruth-pws-kord-20260324-134250152,wendy,KORD,debug,signal,"No confirmed METAR yet, skipping PWS anticipation",,2026-03-24 13:42:50.155633+00
278,ruth-pws-klga-20260324-134250339,wendy,KLGA,debug,signal,"No confirmed METAR yet, skipping PWS anticipation",,2026-03-24 13:42:50.341908+00
279,ruth-pws-kmia-20260324-134250474,wendy,KMIA,debug,signal,"No confirmed METAR yet, skipping PWS anticipation",,2026-03-24 13:42:50.477715+00
280,ruth-pws-katl-20260324-134250625,wendy,KATL,debug,signal,"No confirmed METAR yet, skipping PWS anticipation",,2026-03-24 13:42:50.627639+00
281,ruth-pws-eglc-20260324-134250843,wendy,EGLC,debug,signal,"No confirmed METAR yet, skipping PWS anticipation",,2026-03-24 13:42:50.846773+00
282,ruth-pws-lfpg-20260324-134251019,wendy,LFPG,info,signal,"PWS anticipation: STRONG (score=0.845), METAR 18.0°C → estimated 19.0°C, bucket 18°C → 19°C","{""gap"": ""1.22"", ""conf"": ""1.00"", ""ramp"": ""0.85"", ""score"": 0.8447876324844052, ""current"": ""18°C"", ""predicted"": ""19°C"", ""tEstimated"": ""18.99""}",2026-03-24 13:42:51.023759+00
283,ruth-pws-lfpg-20260324-134251019,wendy,LFPG,info,trade,BUY attempt: 19°C @ 0.23,"{""amount"": 5, ""tokenId"": ""86030058571993767490459212341318577884474308624008053657194166750112634913196""}",2026-03-24 13:42:51.107165+00
284,ruth-pws-cyyz-20260324-134256185,wendy,CYYZ,debug,signal,"No confirmed METAR yet, skipping PWS anticipation",,2026-03-24 13:42:56.189154+00
285,ruth-pws-lfpg-20260324-134251019,wendy,LFPG,success,trade,BUY filled: 17.241378 shares,"{""bucket"": ""19°C"", ""shares"": 17.241378, ""orderId"": ""0x4acc796620369f66cf9f134e4a45312292dd94edee5e1e8320f6c10eaf1835fb""}",2026-03-24 13:42:57.286203+00
286,ruth-pws-lfpg-20260324-134251019,wendy,LFPG,info,signal,PWS position registered for METAR validation: 19°C (17.241378 shares),,2026-03-24 13:42:57.286795+00
287,ruth-pws-ksea-20260324-134349628,wendy,KSEA,debug,signal,"No confirmed METAR yet, skipping PWS anticipation",,2026-03-24 13:43:49.642683+00
288,ruth-pws-kdal-20260324-134349765,wendy,KDAL,debug,signal,"No confirmed METAR yet, skipping PWS anticipation",,2026-03-24 13:43:49.769106+00
289,ruth-pws-kord-20260324-134349914,wendy,KORD,debug,signal,"No confirmed METAR yet, skipping PWS anticipation",,2026-03-24 13:43:49.917178+00
290,ruth-pws-klga-20260324-134350094,wendy,KLGA,debug,signal,"No confirmed METAR yet, skipping PWS anticipation",,2026-03-24 13:43:50.097012+00
291,ruth-pws-kmia-20260324-134350264,wendy,KMIA,debug,signal,"No confirmed METAR yet, skipping PWS anticipation",,2026-03-24 13:43:50.266813+00
292,ruth-pws-katl-20260324-134350437,wendy,KATL,debug,signal,"No confirmed METAR yet, skipping PWS anticipation",,2026-03-24 13:43:50.440471+00
293,ruth-pws-eglc-20260324-134350582,wendy,EGLC,debug,signal,"No confirmed METAR yet, skipping PWS anticipation",,2026-03-24 13:43:50.585425+00
294,ruth-pws-lfpg-20260324-134350751,wendy,LFPG,info,signal,"PWS anticipation: STRONG (score=0.735), METAR 18.0°C → estimated 18.8°C, bucket 18°C → 19°C","{""gap"": ""1.17"", ""conf"": ""1.00"", ""ramp"": ""0.36"", ""score"": 0.7353167445564186, ""current"": ""18°C"", ""predicted"": ""19°C"", ""tEstimated"": ""18.81""}",2026-03-24 13:43:50.755968+00
295,ruth-pws-lfpg-20260324-134350751,wendy,LFPG,info,guard,"PWS guards blocked: daily_loss_exceeded | estimated 18.8°C, bucket 19°C, price 0.23",,2026-03-24 13:43:50.830458+00
296,ruth-pws-cyyz-20260324-134350990,wendy,CYYZ,debug,signal,"No confirmed METAR yet, skipping PWS anticipation",,2026-03-24 13:43:50.993262+00
297,ruth-pws-ksea-20260324-134449634,wendy,KSEA,debug,signal,"No confirmed METAR yet, skipping PWS anticipation",,2026-03-24 13:44:49.647373+00
298,ruth-pws-kdal-20260324-134449772,wendy,KDAL,debug,signal,"No confirmed METAR yet, skipping PWS anticipation",,2026-03-24 13:44:49.775708+00
299,ruth-pws-kord-20260324-134449932,wendy,KORD,debug,signal,"No confirmed METAR yet, skipping PWS anticipation",,2026-03-24 13:44:49.935656+00
300,ruth-pws-klga-20260324-134450098,wendy,KLGA,debug,signal,"No confirmed METAR yet, skipping PWS anticipation",,2026-03-24 13:44:50.10075+00
301,ruth-pws-kmia-20260324-134450238,wendy,KMIA,debug,signal,"No confirmed METAR yet, skipping PWS anticipation",,2026-03-24 13:44:50.240536+00
302,ruth-pws-katl-20260324-134450403,wendy,KATL,debug,signal,"No confirmed METAR yet, skipping PWS anticipation",,2026-03-24 13:44:50.406341+00
303,ruth-pws-eglc-20260324-134450629,wendy,EGLC,debug,signal,"No confirmed METAR yet, skipping PWS anticipation",,2026-03-24 13:44:50.631447+00
304,ruth-pws-lfpg-20260324-134450916,wendy,LFPG,info,signal,"PWS anticipation: STRONG (score=0.663), METAR 18.0°C → estimated 18.7°C, bucket 18°C → 19°C","{""gap"": ""1.17"", ""conf"": ""1.00"", ""ramp"": ""-0.15"", ""score"": 0.6625000000000003, ""current"": ""18°C"", ""predicted"": ""19°C"", ""tEstimated"": ""18.65""}",2026-03-24 13:44:50.921529+00
305,ruth-pws-lfpg-20260324-134450916,wendy,LFPG,info,guard,"PWS guards blocked: daily_loss_exceeded | estimated 18.7°C, bucket 19°C, price 0.28",,2026-03-24 13:44:51.003006+00
306,ruth-pws-cyyz-20260324-134451161,wendy,CYYZ,debug,signal,"No confirmed METAR yet, skipping PWS anticipation",,2026-03-24 13:44:51.164055+00
307,ruth-pws-ksea-20260324-134549654,wendy,KSEA,debug,signal,"No confirmed METAR yet, skipping PWS anticipation",,2026-03-24 13:45:49.681227+00
308,ruth-pws-kdal-20260324-134549864,wendy,KDAL,debug,signal,"No confirmed METAR yet, skipping PWS anticipation",,2026-03-24 13:45:49.869573+00
309,ruth-pws-kord-20260324-134550042,wendy,KORD,debug,signal,"No confirmed METAR yet, skipping PWS anticipation",,2026-03-24 13:45:50.046317+00
310,ruth-pws-klga-20260324-134550280,wendy,KLGA,debug,signal,"No confirmed METAR yet, skipping PWS anticipation",,2026-03-24 13:45:50.285163+00
311,ruth-pws-kmia-20260324-134550765,wendy,KMIA,debug,signal,"No confirmed METAR yet, skipping PWS anticipation",,2026-03-24 13:45:50.769297+00
312,ruth-pws-katl-20260324-134551000,wendy,KATL,debug,signal,"No confirmed METAR yet, skipping PWS anticipation",,2026-03-24 13:45:51.004522+00
313,ruth-pws-eglc-20260324-134551201,wendy,EGLC,debug,signal,"No confirmed METAR yet, skipping PWS anticipation",,2026-03-24 13:45:51.204376+00
314,ruth-pws-lfpg-20260324-134551380,wendy,LFPG,debug,signal,"No confirmed METAR yet, skipping PWS anticipation",,2026-03-24 13:45:51.383991+00
315,ruth-pws-cyyz-20260324-134552130,wendy,CYYZ,debug,signal,"No confirmed METAR yet, skipping PWS anticipation",,2026-03-24 13:45:52.133878+00
316,ruth-pws-ksea-20260324-134649641,wendy,KSEA,debug,signal,"No confirmed METAR yet, skipping PWS anticipation",,2026-03-24 13:46:49.656086+00
317,ruth-pws-kdal-20260324-134649798,wendy,KDAL,debug,signal,"No confirmed METAR yet, skipping PWS anticipation",,2026-03-24 13:46:49.802334+00
318,ruth-pws-kord-20260324-134649967,wendy,KORD,debug,signal,"No confirmed METAR yet, skipping PWS anticipation",,2026-03-24 13:46:49.970835+00
319,ruth-pws-klga-20260324-134650136,wendy,KLGA,debug,signal,"No confirmed METAR yet, skipping PWS anticipation",,2026-03-24 13:46:50.141749+00
320,ruth-pws-kmia-20260324-134650283,wendy,KMIA,debug,signal,"No confirmed METAR yet, skipping PWS anticipation",,2026-03-24 13:46:50.286972+00
321,ruth-pws-katl-20260324-134650489,wendy,KATL,debug,signal,"No confirmed METAR yet, skipping PWS anticipation",,2026-03-24 13:46:50.492742+00
322,ruth-pws-eglc-20260324-134650666,wendy,EGLC,debug,signal,"No confirmed METAR yet, skipping PWS anticipation",,2026-03-24 13:46:50.669688+00
323,ruth-pws-lfpg-20260324-134650832,wendy,LFPG,debug,signal,"No confirmed METAR yet, skipping PWS anticipation",,2026-03-24 13:46:50.836275+00
324,ruth-pws-cyyz-20260324-134651016,wendy,CYYZ,debug,signal,"No confirmed METAR yet, skipping PWS anticipation",,2026-03-24 13:46:51.02026+00
325,ruth-pws-ksea-20260324-134749817,wendy,KSEA,debug,signal,"No confirmed METAR yet, skipping PWS anticipation",,2026-03-24 13:47:49.83308+00
326,ruth-pws-kdal-20260324-134750011,wendy,KDAL,debug,signal,"No confirmed METAR yet, skipping PWS anticipation",,2026-03-24 13:47:50.01517+00
327,ruth-pws-kord-20260324-134750162,wendy,KORD,debug,signal,"No confirmed METAR yet, skipping PWS anticipation",,2026-03-24 13:47:50.165188+00
328,ruth-pws-klga-20260324-134750300,wendy,KLGA,debug,signal,"No confirmed METAR yet, skipping PWS anticipation",,2026-03-24 13:47:50.305134+00
329,ruth-pws-kmia-20260324-134750467,wendy,KMIA,debug,signal,"No confirmed METAR yet, skipping PWS anticipation",,2026-03-24 13:47:50.470589+00
330,ruth-pws-katl-20260324-134750600,wendy,KATL,debug,signal,"No confirmed METAR yet, skipping PWS anticipation",,2026-03-24 13:47:50.603138+00
331,ruth-pws-eglc-20260324-134750738,wendy,EGLC,debug,signal,"No confirmed METAR yet, skipping PWS anticipation",,2026-03-24 13:47:50.741972+00
332,ruth-pws-lfpg-20260324-134750893,wendy,LFPG,debug,signal,"No confirmed METAR yet, skipping PWS anticipation",,2026-03-24 13:47:50.896732+00
333,ruth-pws-cyyz-20260324-134751026,wendy,CYYZ,debug,signal,"No confirmed METAR yet, skipping PWS anticipation",,2026-03-24 13:47:51.029023+00
334,ruth-pws-ksea-20260324-134849627,wendy,KSEA,debug,signal,"No confirmed METAR yet, skipping PWS anticipation",,2026-03-24 13:48:49.644237+00
335,ruth-pws-kdal-20260324-134849803,wendy,KDAL,debug,signal,"No confirmed METAR yet, skipping PWS anticipation",,2026-03-24 13:48:49.80778+00
336,ruth-pws-kord-20260324-134849958,wendy,KORD,debug,signal,"No confirmed METAR yet, skipping PWS anticipation",,2026-03-24 13:48:49.961333+00
337,ruth-pws-klga-20260324-134850096,wendy,KLGA,debug,signal,"No confirmed METAR yet, skipping PWS anticipation",,2026-03-24 13:48:50.100502+00
338,ruth-pws-kmia-20260324-134850251,wendy,KMIA,debug,signal,"No confirmed METAR yet, skipping PWS anticipation",,2026-03-24 13:48:50.25486+00
339,ruth-pws-katl-20260324-134850415,wendy,KATL,debug,signal,"No confirmed METAR yet, skipping PWS anticipation",,2026-03-24 13:48:50.419545+00
340,ruth-pws-eglc-20260324-134850559,wendy,EGLC,debug,signal,"No confirmed METAR yet, skipping PWS anticipation",,2026-03-24 13:48:50.562181+00
341,ruth-pws-lfpg-20260324-134850728,wendy,LFPG,debug,signal,"No confirmed METAR yet, skipping PWS anticipation",,2026-03-24 13:48:50.73273+00
342,ruth-pws-cyyz-20260324-134850925,wendy,CYYZ,debug,signal,"No confirmed METAR yet, skipping PWS anticipation",,2026-03-24 13:48:50.928967+00
343,ruth-pws-ksea-20260324-134949655,wendy,KSEA,debug,signal,"No confirmed METAR yet, skipping PWS anticipation",,2026-03-24 13:49:49.669681+00
344,ruth-pws-kdal-20260324-134949805,wendy,KDAL,debug,signal,"No confirmed METAR yet, skipping PWS anticipation",,2026-03-24 13:49:49.80886+00
345,ruth-pws-kord-20260324-134949981,wendy,KORD,debug,signal,"No confirmed METAR yet, skipping PWS anticipation",,2026-03-24 13:49:49.983871+00
346,ruth-pws-klga-20260324-134950147,wendy,KLGA,debug,signal,"No confirmed METAR yet, skipping PWS anticipation",,2026-03-24 13:49:50.150652+00
347,ruth-pws-kmia-20260324-134950335,wendy,KMIA,debug,signal,"No confirmed METAR yet, skipping PWS anticipation",,2026-03-24 13:49:50.33802+00
348,ruth-pws-katl-20260324-134950546,wendy,KATL,debug,signal,"No confirmed METAR yet, skipping PWS anticipation",,2026-03-24 13:49:50.549683+00
349,ruth-pws-eglc-20260324-134950729,wendy,EGLC,debug,signal,"No confirmed METAR yet, skipping PWS anticipation",,2026-03-24 13:49:50.732899+00
350,ruth-pws-lfpg-20260324-134950891,wendy,LFPG,debug,signal,"No confirmed METAR yet, skipping PWS anticipation",,2026-03-24 13:49:50.894209+00
351,ruth-pws-cyyz-20260324-134951059,wendy,CYYZ,debug,signal,"No confirmed METAR yet, skipping PWS anticipation",,2026-03-24 13:49:51.062291+00
352,ruth-pws-ksea-20260324-135049641,wendy,KSEA,debug,signal,"No confirmed METAR yet, skipping PWS anticipation",,2026-03-24 13:50:49.655307+00
353,ruth-pws-kdal-20260324-135049840,wendy,KDAL,debug,signal,"No confirmed METAR yet, skipping PWS anticipation",,2026-03-24 13:50:49.84317+00
354,ruth-pws-kord-20260324-135050084,wendy,KORD,debug,signal,"No confirmed METAR yet, skipping PWS anticipation",,2026-03-24 13:50:50.086549+00
355,ruth-pws-klga-20260324-135050296,wendy,KLGA,debug,signal,"No confirmed METAR yet, skipping PWS anticipation",,2026-03-24 13:50:50.29954+00
356,ruth-pws-kmia-20260324-135050492,wendy,KMIA,debug,signal,"No confirmed METAR yet, skipping PWS anticipation",,2026-03-24 13:50:50.495458+00
357,ruth-pws-katl-20260324-135050651,wendy,KATL,debug,signal,"No confirmed METAR yet, skipping PWS anticipation",,2026-03-24 13:50:50.654435+00
358,ruth-pws-eglc-20260324-135050830,wendy,EGLC,debug,signal,"No confirmed METAR yet, skipping PWS anticipation",,2026-03-24 13:50:50.832972+00
359,ruth-pws-lfpg-20260324-135051010,wendy,LFPG,debug,signal,"No confirmed METAR yet, skipping PWS anticipation",,2026-03-24 13:50:51.012717+00
360,ruth-pws-cyyz-20260324-135051158,wendy,CYYZ,debug,signal,"No confirmed METAR yet, skipping PWS anticipation",,2026-03-24 13:50:51.161518+00
361,ruth-pws-ksea-20260324-135149653,wendy,KSEA,debug,signal,"No confirmed METAR yet, skipping PWS anticipation",,2026-03-24 13:51:49.666033+00
362,ruth-pws-kdal-20260324-135149869,wendy,KDAL,debug,signal,"No confirmed METAR yet, skipping PWS anticipation",,2026-03-24 13:51:49.872318+00
363,ruth-pws-kord-20260324-135150031,wendy,KORD,debug,signal,"No confirmed METAR yet, skipping PWS anticipation",,2026-03-24 13:51:50.035405+00
364,ruth-pws-klga-20260324-135150214,wendy,KLGA,debug,signal,"No confirmed METAR yet, skipping PWS anticipation",,2026-03-24 13:51:50.217171+00
365,ruth-pws-kmia-20260324-135150385,wendy,KMIA,debug,signal,"No confirmed METAR yet, skipping PWS anticipation",,2026-03-24 13:51:50.387741+00
366,ruth-pws-katl-20260324-135150532,wendy,KATL,debug,signal,"No confirmed METAR yet, skipping PWS anticipation",,2026-03-24 13:51:50.534948+00
367,ruth-pws-eglc-20260324-135150756,wendy,EGLC,debug,signal,"No confirmed METAR yet, skipping PWS anticipation",,2026-03-24 13:51:50.759143+00
368,ruth-pws-lfpg-20260324-135150931,wendy,LFPG,debug,signal,"No confirmed METAR yet, skipping PWS anticipation",,2026-03-24 13:51:50.935926+00
369,ruth-pws-cyyz-20260324-135151186,wendy,CYYZ,debug,signal,"No confirmed METAR yet, skipping PWS anticipation",,2026-03-24 13:51:51.189847+00
370,ruth-pws-ksea-20260324-135249721,wendy,KSEA,debug,signal,"No confirmed METAR yet, skipping PWS anticipation",,2026-03-24 13:52:49.733858+00
371,ruth-pws-kdal-20260324-135249905,wendy,KDAL,debug,signal,"No confirmed METAR yet, skipping PWS anticipation",,2026-03-24 13:52:49.908263+00
372,ruth-pws-kord-20260324-135250124,wendy,KORD,debug,signal,"No confirmed METAR yet, skipping PWS anticipation",,2026-03-24 13:52:50.128622+00
373,ruth-pws-klga-20260324-135250349,wendy,KLGA,debug,signal,"No confirmed METAR yet, skipping PWS anticipation",,2026-03-24 13:52:50.352651+00
374,ruth-pws-kmia-20260324-135250517,wendy,KMIA,debug,signal,"No confirmed METAR yet, skipping PWS anticipation",,2026-03-24 13:52:50.520436+00
375,ruth-pws-katl-20260324-135250797,wendy,KATL,debug,signal,"No confirmed METAR yet, skipping PWS anticipation",,2026-03-24 13:52:50.801595+00
376,ruth-pws-eglc-20260324-135250981,wendy,EGLC,debug,signal,"No confirmed METAR yet, skipping PWS anticipation",,2026-03-24 13:52:50.984356+00
377,ruth-pws-lfpg-20260324-135251176,wendy,LFPG,debug,signal,"No confirmed METAR yet, skipping PWS anticipation",,2026-03-24 13:52:51.178796+00
378,ruth-pws-cyyz-20260324-135251333,wendy,CYYZ,debug,signal,"No confirmed METAR yet, skipping PWS anticipation",,2026-03-24 13:52:51.335838+00
379,ruth-pws-ksea-20260324-135349669,wendy,KSEA,debug,signal,"No confirmed METAR yet, skipping PWS anticipation",,2026-03-24 13:53:49.684173+00
380,ruth-pws-kdal-20260324-135349956,wendy,KDAL,debug,signal,"No confirmed METAR yet, skipping PWS anticipation",,2026-03-24 13:53:49.960457+00
381,ruth-pws-kord-20260324-135350203,wendy,KORD,debug,signal,"No confirmed METAR yet, skipping PWS anticipation",,2026-03-24 13:53:50.207344+00
382,ruth-pws-klga-20260324-135350344,wendy,KLGA,debug,signal,"No confirmed METAR yet, skipping PWS anticipation",,2026-03-24 13:53:50.347332+00
383,ruth-pws-kmia-20260324-135350544,wendy,KMIA,debug,signal,"No confirmed METAR yet, skipping PWS anticipation",,2026-03-24 13:53:50.546722+00
384,ruth-pws-katl-20260324-135350777,wendy,KATL,debug,signal,"No confirmed METAR yet, skipping PWS anticipation",,2026-03-24 13:53:50.781089+00
385,ruth-pws-eglc-20260324-135350933,wendy,EGLC,debug,signal,"No confirmed METAR yet, skipping PWS anticipation",,2026-03-24 13:53:50.936248+00
386,ruth-pws-lfpg-20260324-135351195,wendy,LFPG,debug,signal,"No confirmed METAR yet, skipping PWS anticipation",,2026-03-24 13:53:51.198142+00
387,ruth-pws-cyyz-20260324-135351466,wendy,CYYZ,debug,signal,"No confirmed METAR yet, skipping PWS anticipation",,2026-03-24 13:53:51.471246+00
388,ruth-pws-ksea-20260324-135449740,wendy,KSEA,debug,signal,"No confirmed METAR yet, skipping PWS anticipation",,2026-03-24 13:54:49.752022+00
389,ruth-pws-kdal-20260324-135449909,wendy,KDAL,debug,signal,"No confirmed METAR yet, skipping PWS anticipation",,2026-03-24 13:54:49.912192+00
390,ruth-pws-kord-20260324-135450074,wendy,KORD,debug,signal,"No confirmed METAR yet, skipping PWS anticipation",,2026-03-24 13:54:50.078096+00
391,ruth-pws-klga-20260324-135450247,wendy,KLGA,debug,signal,"No confirmed METAR yet, skipping PWS anticipation",,2026-03-24 13:54:50.249654+00
392,ruth-pws-kmia-20260324-135450464,wendy,KMIA,debug,signal,"No confirmed METAR yet, skipping PWS anticipation",,2026-03-24 13:54:50.46763+00
393,ruth-pws-katl-20260324-135450690,wendy,KATL,debug,signal,"No confirmed METAR yet, skipping PWS anticipation",,2026-03-24 13:54:50.692804+00
394,ruth-pws-eglc-20260324-135450870,wendy,EGLC,debug,signal,"No confirmed METAR yet, skipping PWS anticipation",,2026-03-24 13:54:50.87356+00
395,ruth-pws-lfpg-20260324-135451068,wendy,LFPG,debug,signal,"No confirmed METAR yet, skipping PWS anticipation",,2026-03-24 13:54:51.070905+00
396,ruth-pws-cyyz-20260324-135451251,wendy,CYYZ,debug,signal,"No confirmed METAR yet, skipping PWS anticipation",,2026-03-24 13:54:51.260128+00
397,ruth-pws-ksea-20260324-135549705,wendy,KSEA,debug,signal,"No confirmed METAR yet, skipping PWS anticipation",,2026-03-24 13:55:49.721183+00
398,ruth-pws-kdal-20260324-135549867,wendy,KDAL,debug,signal,"No confirmed METAR yet, skipping PWS anticipation",,2026-03-24 13:55:49.87055+00
399,ruth-pws-kord-20260324-135550037,wendy,KORD,debug,signal,"No confirmed METAR yet, skipping PWS anticipation",,2026-03-24 13:55:50.04066+00
400,ruth-pws-klga-20260324-135550190,wendy,KLGA,debug,signal,"No confirmed METAR yet, skipping PWS anticipation",,2026-03-24 13:55:50.193204+00
401,ruth-pws-kmia-20260324-135550460,wendy,KMIA,debug,signal,"No confirmed METAR yet, skipping PWS anticipation",,2026-03-24 13:55:50.462779+00
402,ruth-pws-katl-20260324-135550674,wendy,KATL,debug,signal,"No confirmed METAR yet, skipping PWS anticipation",,2026-03-24 13:55:50.676545+00
403,ruth-pws-eglc-20260324-135550901,wendy,EGLC,debug,signal,"No confirmed METAR yet, skipping PWS anticipation",,2026-03-24 13:55:50.911475+00
404,ruth-pws-lfpg-20260324-135551111,wendy,LFPG,debug,signal,"No confirmed METAR yet, skipping PWS anticipation",,2026-03-24 13:55:51.114309+00
405,ruth-pws-cyyz-20260324-135551305,wendy,CYYZ,debug,signal,"No confirmed METAR yet, skipping PWS anticipation",,2026-03-24 13:55:51.309072+00
406,ruth-pws-ksea-20260324-135649635,wendy,KSEA,debug,signal,"No confirmed METAR yet, skipping PWS anticipation",,2026-03-24 13:56:49.652502+00
407,ruth-pws-kdal-20260324-135649814,wendy,KDAL,debug,signal,"No confirmed METAR yet, skipping PWS anticipation",,2026-03-24 13:56:49.820513+00
408,ruth-pws-kord-20260324-135650053,wendy,KORD,debug,signal,"No confirmed METAR yet, skipping PWS anticipation",,2026-03-24 13:56:50.059082+00
409,ruth-pws-klga-20260324-135650286,wendy,KLGA,debug,signal,"No confirmed METAR yet, skipping PWS anticipation",,2026-03-24 13:56:50.292007+00
410,ruth-pws-kmia-20260324-135650450,wendy,KMIA,debug,signal,"No confirmed METAR yet, skipping PWS anticipation",,2026-03-24 13:56:50.454933+00
411,ruth-pws-katl-20260324-135650616,wendy,KATL,debug,signal,"No confirmed METAR yet, skipping PWS anticipation",,2026-03-24 13:56:50.621895+00
412,ruth-pws-eglc-20260324-135650786,wendy,EGLC,debug,signal,"No confirmed METAR yet, skipping PWS anticipation",,2026-03-24 13:56:50.790187+00
413,ruth-pws-lfpg-20260324-135650964,wendy,LFPG,debug,signal,"No confirmed METAR yet, skipping PWS anticipation",,2026-03-24 13:56:50.968167+00
414,ruth-pws-cyyz-20260324-135651147,wendy,CYYZ,debug,signal,"No confirmed METAR yet, skipping PWS anticipation",,2026-03-24 13:56:51.151345+00
415,ruth-pws-ksea-20260324-135749711,wendy,KSEA,debug,signal,"No confirmed METAR yet, PWS median 44.4°F (2 readings), skipping",,2026-03-24 13:57:49.740925+00
416,ruth-pws-kdal-20260324-135749882,wendy,KDAL,debug,signal,"No confirmed METAR yet, PWS median 63.5°F (3 readings), skipping",,2026-03-24 13:57:49.887865+00
417,ruth-pws-kord-20260324-135750086,wendy,KORD,debug,signal,"No confirmed METAR yet, PWS median 34.7°F (3 readings), skipping",,2026-03-24 13:57:50.091537+00
418,ruth-pws-klga-20260324-135750276,wendy,KLGA,debug,signal,"No confirmed METAR yet, PWS median 38.7°F (3 readings), skipping",,2026-03-24 13:57:50.281743+00
419,ruth-pws-kmia-20260324-135750499,wendy,KMIA,debug,signal,"No confirmed METAR yet, PWS median 73.8°F (2 readings), skipping",,2026-03-24 13:57:50.503795+00
420,ruth-pws-katl-20260324-135750637,wendy,KATL,debug,signal,"No confirmed METAR yet, PWS median 53.4°F (3 readings), skipping",,2026-03-24 13:57:50.64259+00
421,ruth-pws-eglc-20260324-135750802,wendy,EGLC,debug,signal,"No confirmed METAR yet, PWS median 13.3°C (3 readings), skipping",,2026-03-24 13:57:50.805725+00
422,ruth-pws-lfpg-20260324-135750960,wendy,LFPG,debug,signal,"No confirmed METAR yet, PWS median 19.2°C (3 readings), skipping",,2026-03-24 13:57:50.964202+00
423,ruth-pws-cyyz-20260324-135751118,wendy,CYYZ,debug,signal,"No confirmed METAR yet, PWS median -0.6°C (3 readings), skipping",,2026-03-24 13:57:51.121768+00
424,ruth-pws-ksea-20260324-135849668,wendy,KSEA,debug,signal,"No confirmed METAR yet, PWS median 44.5°F (2 readings), skipping",,2026-03-24 13:58:49.682857+00
425,ruth-pws-kdal-20260324-135849836,wendy,KDAL,debug,signal,"No confirmed METAR yet, PWS median 63.5°F (3 readings), skipping",,2026-03-24 13:58:49.839089+00
426,ruth-pws-kord-20260324-135850013,wendy,KORD,debug,signal,"No confirmed METAR yet, PWS median 34.7°F (3 readings), skipping",,2026-03-24 13:58:50.017204+00
427,ruth-pws-klga-20260324-135850146,wendy,KLGA,debug,signal,"No confirmed METAR yet, PWS median 38.7°F (3 readings), skipping",,2026-03-24 13:58:50.149751+00
428,ruth-pws-kmia-20260324-135850306,wendy,KMIA,debug,signal,"No confirmed METAR yet, PWS median 73.6°F (2 readings), skipping",,2026-03-24 13:58:50.309943+00
429,ruth-pws-katl-20260324-135850546,wendy,KATL,debug,signal,"No confirmed METAR yet, PWS median 53.5°F (3 readings), skipping",,2026-03-24 13:58:50.549706+00
430,ruth-pws-eglc-20260324-135850814,wendy,EGLC,debug,signal,"No confirmed METAR yet, PWS median 13.3°C (3 readings), skipping",,2026-03-24 13:58:50.817211+00
431,ruth-pws-lfpg-20260324-135851111,wendy,LFPG,debug,signal,"No confirmed METAR yet, PWS median 19.2°C (3 readings), skipping",,2026-03-24 13:58:51.116273+00
432,ruth-pws-cyyz-20260324-135851309,wendy,CYYZ,debug,signal,"No confirmed METAR yet, PWS median -0.8°C (3 readings), skipping",,2026-03-24 13:58:51.312245+00
433,ruth-pws-ksea-20260324-135949648,wendy,KSEA,debug,signal,"No confirmed METAR yet, PWS median 44.5°F (2 readings), skipping",,2026-03-24 13:59:49.663354+00
434,ruth-pws-kdal-20260324-135949849,wendy,KDAL,debug,signal,"No confirmed METAR yet, PWS median 63.5°F (3 readings), skipping",,2026-03-24 13:59:49.852524+00
435,ruth-pws-kord-20260324-135950076,wendy,KORD,debug,signal,"No confirmed METAR yet, PWS median 34.7°F (3 readings), skipping",,2026-03-24 13:59:50.080052+00
436,ruth-pws-klga-20260324-135950253,wendy,KLGA,debug,signal,"No confirmed METAR yet, PWS median 38.7°F (3 readings), skipping",,2026-03-24 13:59:50.257103+00
437,ruth-pws-kmia-20260324-135950401,wendy,KMIA,debug,signal,"No confirmed METAR yet, PWS median 73.5°F (2 readings), skipping",,2026-03-24 13:59:50.40476+00
438,ruth-pws-katl-20260324-135950560,wendy,KATL,debug,signal,"No confirmed METAR yet, PWS median 53.5°F (3 readings), skipping",,2026-03-24 13:59:50.563949+00
439,ruth-pws-eglc-20260324-135950743,wendy,EGLC,debug,signal,"No confirmed METAR yet, PWS median 13.3°C (3 readings), skipping",,2026-03-24 13:59:50.747434+00
440,ruth-pws-lfpg-20260324-135950962,wendy,LFPG,debug,signal,"No confirmed METAR yet, PWS median 19.2°C (3 readings), skipping",,2026-03-24 13:59:50.967523+00
441,ruth-pws-cyyz-20260324-135951151,wendy,CYYZ,debug,signal,"No confirmed METAR yet, PWS median -0.8°C (3 readings), skipping",,2026-03-24 13:59:51.154721+00
442,ruth-metar-kord-20260324-140002136,wendy,KORD,info,signal,Threshold crossed: none → 34-35°F,,2026-03-24 14:00:02.290073+00
443,ruth-metar-kord-20260324-140002136,wendy,KORD,info,signal,"METAR: 1.1°C, max=1.1°C, bucket=34-35°F","{""prevBucket"": null}",2026-03-24 14:00:02.331964+00
444,ruth-metar-kord-20260324-140002136,wendy,KORD,warn,signal,No market found for bucket 34-35°F,,2026-03-24 14:00:02.371542+00
445,ruth-metar-klga-20260324-140002322,wendy,KLGA,info,guard,"Guards blocked: price_out_of_range | METAR 37.9°F, bucket 38-39°F, price 0.00","{""price"": 0.004, ""bucket"": ""38-39°F""}",2026-03-24 14:00:02.409455+00
446,ruth-metar-klga-20260324-140002322,wendy,KLGA,info,signal,"METAR: 3.3°C, max=3.3°C, bucket=38-39°F","{""prevBucket"": null}",2026-03-24 14:00:02.411711+00
447,ruth-metar-katl-20260324-140002418,wendy,KATL,info,signal,"METAR: 12.2°C, max=12.2°C, bucket=54-55°F","{""prevBucket"": null}",2026-03-24 14:00:02.427447+00
448,ruth-metar-katl-20260324-140002418,wendy,KATL,info,signal,Threshold crossed: none → 54-55°F,,2026-03-24 14:00:02.429396+00
449,ruth-metar-klga-20260324-140002322,wendy,KLGA,info,signal,Threshold crossed: none → 38-39°F,,2026-03-24 14:00:02.442588+00
450,ruth-metar-katl-20260324-140002418,wendy,KATL,warn,signal,No market found for bucket 54-55°F,,2026-03-24 14:00:02.45235+00
451,ruth-metar-eglc-20260324-140002449,wendy,EGLC,info,signal,"METAR: 13°C, max=13°C, bucket=13°C","{""prevBucket"": null}",2026-03-24 14:00:02.460959+00
452,ruth-metar-eglc-20260324-140002449,wendy,EGLC,info,signal,Threshold crossed: none → 13°C,,2026-03-24 14:00:02.464628+00
453,ruth-metar-eglc-20260324-140002449,wendy,EGLC,info,guard,"Guards blocked: price_out_of_range | METAR 13.0°C, bucket 13°C, price 0.78","{""price"": 0.777, ""bucket"": ""13°C""}",2026-03-24 14:00:02.489406+00
455,ruth-metar-kdal-20260324-140002488,wendy,KDAL,info,signal,"METAR: 16.7°C, max=16.7°C, bucket=62-63°F","{""prevBucket"": null}",2026-03-24 14:00:02.502104+00
454,ruth-metar-kdal-20260324-140002488,wendy,KDAL,info,signal,Threshold crossed: none → 62-63°F,,2026-03-24 14:00:02.502447+00
456,ruth-metar-kdal-20260324-140002488,wendy,KDAL,warn,signal,No market found for bucket 62-63°F,,2026-03-24 14:00:02.549677+00
457,ruth-metar-kmia-20260324-140002558,wendy,KMIA,info,signal,"METAR: 22.8°C, max=22.8°C, bucket=72-73°F","{""prevBucket"": null}",2026-03-24 14:00:02.592484+00
458,ruth-metar-kmia-20260324-140002558,wendy,KMIA,info,signal,Threshold crossed: none → 72-73°F,,2026-03-24 14:00:02.592975+00
459,ruth-metar-kmia-20260324-140002558,wendy,KMIA,warn,signal,No market found for bucket 72-73°F,,2026-03-24 14:00:02.624343+00
460,ruth-metar-ksea-20260324-140002624,wendy,KSEA,info,signal,"METAR: 6.1°C, max=6.1°C, bucket=42-43°F","{""prevBucket"": null}",2026-03-24 14:00:02.644734+00
461,ruth-metar-ksea-20260324-140002624,wendy,KSEA,info,signal,Threshold crossed: none → 42-43°F,,2026-03-24 14:00:02.645354+00
462,ruth-metar-ksea-20260324-140002624,wendy,KSEA,info,guard,"Guards blocked: price_out_of_range | METAR 43.0°F, bucket 42-43°F, price 0.00","{""price"": 0, ""bucket"": ""42-43°F""}",2026-03-24 14:00:02.68866+00
463,ruth-pws-ksea-20260324-140049710,wendy,KSEA,info,guard,"PWS guards blocked: price_out_of_range | estimated 44.6°F, bucket 44-45°F, price 0.00",,2026-03-24 14:00:49.733682+00
464,ruth-pws-ksea-20260324-140049710,wendy,KSEA,info,signal,"PWS anticipation: STRONG (score=0.790), METAR 43.0°F → estimated 44.6°F, bucket 42-43°F → 44-45°F","{""gap"": ""0.84"", ""conf"": ""1.00"", ""ramp"": ""1.00"", ""score"": 0.7899597335983112, ""current"": ""42-43°F"", ""predicted"": ""44-45°F"", ""tEstimated"": ""6.99""}",2026-03-24 14:00:49.734483+00
465,ruth-pws-klga-20260324-140050362,wendy,KLGA,info,signal,"PWS anticipation: STRONG (score=0.758), METAR 37.9°F → estimated 41.5°F, bucket 38-39°F → 42-43°F","{""gap"": ""0.70"", ""conf"": ""1.00"", ""ramp"": ""5.00"", ""score"": 0.7575000000000005, ""current"": ""38-39°F"", ""predicted"": ""42-43°F"", ""tEstimated"": ""5.29""}",2026-03-24 14:00:50.367883+00
466,ruth-pws-klga-20260324-140050362,wendy,KLGA,info,guard,"PWS guards blocked: price_out_of_range | estimated 41.5°F, bucket 42-43°F, price 0.02",,2026-03-24 14:00:50.372565+00
467,ruth-pws-kmia-20260324-140050593,wendy,KMIA,info,signal,"PWS anticipation: STRONG (score=0.576), METAR 73.0°F → estimated 73.8°F, bucket 72-73°F → 74-75°F","{""gap"": ""0.48"", ""conf"": ""1.00"", ""ramp"": ""0.34"", ""score"": 0.5755776085459482, ""current"": ""72-73°F"", ""predicted"": ""74-75°F"", ""tEstimated"": ""23.24""}",2026-03-24 14:00:50.597454+00
468,ruth-pws-kmia-20260324-140050593,wendy,KMIA,info,guard,"PWS guards blocked: price_out_of_range | estimated 73.8°F, bucket 74-75°F, price 0.00",,2026-03-24 14:00:50.600182+00
469,ruth-pws-lfpg-20260324-140051280,wendy,LFPG,debug,signal,"No confirmed METAR yet, PWS median 19.1°C (3 readings), skipping",,2026-03-24 14:00:51.282576+00
470,ruth-pws-cyyz-20260324-140051518,wendy,CYYZ,debug,signal,"No confirmed METAR yet, PWS median -0.8°C (3 readings), skipping",,2026-03-24 14:00:51.520759+00
471,ruth-pws-ksea-20260324-140149743,wendy,KSEA,info,signal,"PWS anticipation: STRONG (score=0.723), METAR 43.0°F → estimated 44.4°F, bucket 42-43°F → 44-45°F","{""gap"": ""0.84"", ""conf"": ""1.00"", ""ramp"": ""0.67"", ""score"": 0.7232702189166231, ""current"": ""42-43°F"", ""predicted"": ""44-45°F"", ""tEstimated"": ""6.89""}",2026-03-24 14:01:49.773536+00
472,ruth-pws-ksea-20260324-140149743,wendy,KSEA,info,guard,"PWS guards blocked: price_out_of_range | estimated 44.4°F, bucket 44-45°F, price 0.00",,2026-03-24 14:01:49.783557+00
473,ruth-pws-klga-20260324-140150592,wendy,KLGA,info,signal,"PWS anticipation: STRONG (score=0.782), METAR 37.9°F → estimated 42.4°F, bucket 38-39°F → 42-43°F","{""gap"": ""0.81"", ""conf"": ""1.00"", ""ramp"": ""6.33"", ""score"": 0.7825, ""current"": ""38-39°F"", ""predicted"": ""42-43°F"", ""tEstimated"": ""5.77""}",2026-03-24 14:01:50.595373+00
474,ruth-pws-klga-20260324-140150592,wendy,KLGA,info,guard,"PWS guards blocked: price_out_of_range | estimated 42.4°F, bucket 42-43°F, price 0.02",,2026-03-24 14:01:50.598154+00
475,ruth-pws-kmia-20260324-140150793,wendy,KMIA,info,signal,"PWS anticipation: STRONG (score=0.708), METAR 73.0°F → estimated 74.5°F, bucket 72-73°F → 74-75°F","{""gap"": ""0.48"", ""conf"": ""1.00"", ""ramp"": ""1.50"", ""score"": 0.7075, ""current"": ""72-73°F"", ""predicted"": ""74-75°F"", ""tEstimated"": ""23.59""}",2026-03-24 14:01:50.7976+00
476,ruth-pws-kmia-20260324-140150793,wendy,KMIA,info,guard,"PWS guards blocked: price_out_of_range | estimated 74.5°F, bucket 74-75°F, price 0.00",,2026-03-24 14:01:50.798625+00
477,ruth-pws-lfpg-20260324-140151450,wendy,LFPG,debug,signal,"No confirmed METAR yet, PWS median 19.1°C (3 readings), skipping",,2026-03-24 14:01:51.453211+00
478,ruth-pws-cyyz-20260324-140151652,wendy,CYYZ,debug,signal,"No confirmed METAR yet, PWS median -0.8°C (3 readings), skipping",,2026-03-24 14:01:51.654907+00
479,ruth-metar-lfpg-20260324-140223097,wendy,LFPG,info,signal,Threshold crossed: none → 19°C,,2026-03-24 14:02:23.144652+00
480,ruth-metar-lfpg-20260324-140223097,wendy,LFPG,info,signal,"METAR: 19°C, max=19°C, bucket=19°C","{""prevBucket"": null}",2026-03-24 14:02:23.145662+00
481,ruth-metar-lfpg-20260324-140223097,wendy,LFPG,info,guard,"Guards blocked: daily_loss_exceeded | METAR 19.0°C, bucket 19°C, price 0.53","{""price"": 0.525, ""bucket"": ""19°C""}",2026-03-24 14:02:23.225778+00
482,ruth-pws-ksea-20260324-140249665,wendy,KSEA,info,signal,"PWS anticipation: STRONG (score=0.685), METAR 43.0°F → estimated 44.3°F, bucket 42-43°F → 44-45°F","{""gap"": ""0.84"", ""conf"": ""1.00"", ""ramp"": ""0.48"", ""score"": 0.685219536553256, ""current"": ""42-43°F"", ""predicted"": ""44-45°F"", ""tEstimated"": ""6.83""}",2026-03-24 14:02:49.679845+00
483,ruth-pws-ksea-20260324-140249665,wendy,KSEA,info,guard,"PWS guards blocked: price_out_of_range | estimated 44.3°F, bucket 44-45°F, price 0.00",,2026-03-24 14:02:49.693744+00
484,ruth-pws-kdal-20260324-140249863,wendy,KDAL,info,signal,"PWS anticipation: STRONG (score=0.795), METAR 62.1°F → estimated 63.7°F, bucket 62-63°F → 64-65°F","{""gap"": ""0.91"", ""conf"": ""1.00"", ""ramp"": ""0.95"", ""score"": 0.7953264079362967, ""current"": ""62-63°F"", ""predicted"": ""64-65°F"", ""tEstimated"": ""17.62""}",2026-03-24 14:02:49.869867+00
485,ruth-pws-klga-20260324-140250199,wendy,KLGA,info,signal,"PWS anticipation: STRONG (score=0.758), METAR 37.9°F → estimated 41.4°F, bucket 38-39°F → 40-41°F","{""gap"": ""0.70"", ""conf"": ""1.00"", ""ramp"": ""4.86"", ""score"": 0.7575000000000005, ""current"": ""38-39°F"", ""predicted"": ""40-41°F"", ""tEstimated"": ""5.25""}",2026-03-24 14:02:50.203852+00
486,ruth-pws-klga-20260324-140250199,wendy,KLGA,info,guard,"PWS guards blocked: price_out_of_range | estimated 41.4°F, bucket 40-41°F, price 0.01",,2026-03-24 14:02:50.225272+00
487,ruth-pws-kmia-20260324-140250722,wendy,KMIA,info,signal,"PWS anticipation: STRONG (score=0.714), METAR 73.0°F → estimated 74.7°F, bucket 72-73°F → 74-75°F","{""gap"": ""0.51"", ""conf"": ""1.00"", ""ramp"": ""1.86"", ""score"": 0.7137500000000003, ""current"": ""72-73°F"", ""predicted"": ""74-75°F"", ""tEstimated"": ""23.71""}",2026-03-24 14:02:50.725749+00
488,ruth-pws-kmia-20260324-140250722,wendy,KMIA,info,guard,"PWS guards blocked: price_out_of_range | estimated 74.7°F, bucket 74-75°F, price 0.00",,2026-03-24 14:02:50.746469+00
489,ruth-pws-lfpg-20260324-140251568,wendy,LFPG,info,signal,"PWS anticipation: WEAK (score=0.267), METAR 19.0°C → estimated 18.2°C, bucket 19°C → 18°C","{""gap"": ""0.00"", ""conf"": ""0.67"", ""ramp"": ""-2.76"", ""score"": 0.26666666666666666, ""current"": ""19°C"", ""predicted"": ""18°C"", ""tEstimated"": ""18.17""}",2026-03-24 14:02:51.571983+00
490,ruth-pws-cyyz-20260324-140251730,wendy,CYYZ,debug,signal,"No confirmed METAR yet, PWS median -0.9°C (3 readings), skipping",,2026-03-24 14:02:51.733905+00
491,ruth-pws-ksea-20260324-140349815,wendy,KSEA,info,signal,"PWS anticipation: STRONG (score=0.661), METAR 43.0°F → estimated 44.2°F, bucket 42-43°F → 44-45°F","{""gap"": ""0.84"", ""conf"": ""1.00"", ""ramp"": ""0.36"", ""score"": 0.6613929442450752, ""current"": ""42-43°F"", ""predicted"": ""44-45°F"", ""tEstimated"": ""6.80""}",2026-03-24 14:03:49.829417+00
492,ruth-pws-ksea-20260324-140349815,wendy,KSEA,info,guard,"PWS guards blocked: price_out_of_range | estimated 44.2°F, bucket 44-45°F, price 0.00",,2026-03-24 14:03:49.833588+00
493,ruth-pws-kdal-20260324-140350059,wendy,KDAL,info,signal,"PWS anticipation: STRONG (score=0.830), METAR 62.1°F → estimated 64.4°F, bucket 62-63°F → 64-65°F","{""gap"": ""1.02"", ""conf"": ""1.00"", ""ramp"": ""1.90"", ""score"": 0.8300000000000001, ""current"": ""62-63°F"", ""predicted"": ""64-65°F"", ""tEstimated"": ""17.99""}",2026-03-24 14:03:50.062707+00
494,ruth-pws-klga-20260324-140350423,wendy,KLGA,info,signal,"PWS anticipation: STRONG (score=0.758), METAR 37.9°F → estimated 40.9°F, bucket 38-39°F → 40-41°F","{""gap"": ""0.70"", ""conf"": ""1.00"", ""ramp"": ""3.81"", ""score"": 0.7575000000000005, ""current"": ""38-39°F"", ""predicted"": ""40-41°F"", ""tEstimated"": ""4.93""}",2026-03-24 14:03:50.428083+00
495,ruth-pws-klga-20260324-140350423,wendy,KLGA,info,guard,"PWS guards blocked: price_out_of_range | estimated 40.9°F, bucket 40-41°F, price 0.01",,2026-03-24 14:03:50.430607+00
496,ruth-pws-kmia-20260324-140350638,wendy,KMIA,info,signal,"PWS anticipation: STRONG (score=0.714), METAR 73.0°F → estimated 74.6°F, bucket 72-73°F → 74-75°F","{""gap"": ""0.51"", ""conf"": ""1.00"", ""ramp"": ""1.79"", ""score"": 0.7137500000000003, ""current"": ""72-73°F"", ""predicted"": ""74-75°F"", ""tEstimated"": ""23.69""}",2026-03-24 14:03:50.642995+00
497,ruth-pws-kmia-20260324-140350638,wendy,KMIA,info,guard,"PWS guards blocked: price_out_of_range | estimated 74.6°F, bucket 74-75°F, price 0.00",,2026-03-24 14:03:50.645753+00
498,ruth-pws-lfpg-20260324-140351163,wendy,LFPG,info,signal,"PWS anticipation: WEAK (score=0.083), METAR 19.0°C → estimated 17.7°C, bucket 19°C → 18°C","{""gap"": ""-0.22"", ""conf"": ""0.33"", ""ramp"": ""-4.04"", ""score"": 0.08333333333333351, ""current"": ""19°C"", ""predicted"": ""18°C"", ""tEstimated"": ""17.74""}",2026-03-24 14:03:51.167026+00
499,ruth-pws-cyyz-20260324-140351383,wendy,CYYZ,debug,signal,"No confirmed METAR yet, PWS median -0.9°C (3 readings), skipping",,2026-03-24 14:03:51.387247+00
500,ruth-pws-ksea-20260324-140449768,wendy,KSEA,info,signal,"PWS anticipation: STRONG (score=0.646), METAR 43.0°F → estimated 44.2°F, bucket 42-43°F → 44-45°F","{""gap"": ""0.84"", ""conf"": ""1.00"", ""ramp"": ""0.28"", ""score"": 0.6455295230836959, ""current"": ""42-43°F"", ""predicted"": ""44-45°F"", ""tEstimated"": ""6.77""}",2026-03-24 14:04:49.79353+00
501,ruth-pws-ksea-20260324-140449768,wendy,KSEA,info,guard,"PWS guards blocked: price_out_of_range | estimated 44.2°F, bucket 44-45°F, price 0.00",,2026-03-24 14:04:49.796715+00
502,ruth-pws-kdal-20260324-140449930,wendy,KDAL,info,signal,"PWS anticipation: STRONG (score=0.830), METAR 62.1°F → estimated 64.5°F, bucket 62-63°F → 64-65°F","{""gap"": ""1.02"", ""conf"": ""1.00"", ""ramp"": ""2.14"", ""score"": 0.8300000000000001, ""current"": ""62-63°F"", ""predicted"": ""64-65°F"", ""tEstimated"": ""18.06""}",2026-03-24 14:04:49.934164+00
503,ruth-pws-klga-20260324-140450231,wendy,KLGA,info,signal,"PWS anticipation: STRONG (score=0.782), METAR 37.9°F → estimated 40.9°F, bucket 38-39°F → 40-41°F","{""gap"": ""0.81"", ""conf"": ""1.00"", ""ramp"": ""3.61"", ""score"": 0.7825, ""current"": ""38-39°F"", ""predicted"": ""40-41°F"", ""tEstimated"": ""4.95""}",2026-03-24 14:04:50.235797+00
504,ruth-pws-klga-20260324-140450231,wendy,KLGA,info,guard,"PWS guards blocked: price_out_of_range | estimated 40.9°F, bucket 40-41°F, price 0.01",,2026-03-24 14:04:50.239684+00
505,ruth-pws-kmia-20260324-140450399,wendy,KMIA,info,signal,"PWS anticipation: STRONG (score=0.708), METAR 73.0°F → estimated 74.4°F, bucket 72-73°F → 74-75°F","{""gap"": ""0.48"", ""conf"": ""1.00"", ""ramp"": ""1.47"", ""score"": 0.7075, ""current"": ""72-73°F"", ""predicted"": ""74-75°F"", ""tEstimated"": ""23.58""}",2026-03-24 14:04:50.403062+00
506,ruth-pws-kmia-20260324-140450399,wendy,KMIA,info,guard,"PWS guards blocked: price_out_of_range | estimated 74.4°F, bucket 74-75°F, price 0.00",,2026-03-24 14:04:50.405632+00
507,ruth-pws-lfpg-20260324-140450874,wendy,LFPG,info,signal,"PWS anticipation: WEAK (score=0.083), METAR 19.0°C → estimated 17.7°C, bucket 19°C → 18°C","{""gap"": ""-0.22"", ""conf"": ""0.33"", ""ramp"": ""-4.24"", ""score"": 0.08333333333333351, ""current"": ""19°C"", ""predicted"": ""18°C"", ""tEstimated"": ""17.68""}",2026-03-24 14:04:50.878871+00
508,ruth-pws-cyyz-20260324-140451133,wendy,CYYZ,debug,signal,"No confirmed METAR yet, PWS median -0.9°C (3 readings), skipping",,2026-03-24 14:04:51.136868+00
509,ruth-pws-ksea-20260324-140549676,wendy,KSEA,info,signal,"PWS anticipation: STRONG (score=0.634), METAR 43.0°F → estimated 44.2°F, bucket 42-43°F → 44-45°F","{""gap"": ""0.84"", ""conf"": ""1.00"", ""ramp"": ""0.22"", ""score"": 0.6344330223647543, ""current"": ""42-43°F"", ""predicted"": ""44-45°F"", ""tEstimated"": ""6.76""}",2026-03-24 14:05:49.694319+00
510,ruth-pws-ksea-20260324-140549676,wendy,KSEA,info,guard,"PWS guards blocked: price_out_of_range | estimated 44.2°F, bucket 44-45°F, price 0.00",,2026-03-24 14:05:49.748677+00
511,ruth-pws-kdal-20260324-140549983,wendy,KDAL,info,signal,"PWS anticipation: STRONG (score=0.830), METAR 62.1°F → estimated 64.5°F, bucket 62-63°F → 64-65°F","{""gap"": ""1.02"", ""conf"": ""1.00"", ""ramp"": ""2.11"", ""score"": 0.8300000000000001, ""current"": ""62-63°F"", ""predicted"": ""64-65°F"", ""tEstimated"": ""18.05""}",2026-03-24 14:05:49.986596+00
512,ruth-pws-klga-20260324-140550408,wendy,KLGA,info,signal,"PWS anticipation: STRONG (score=0.808), METAR 37.9°F → estimated 41.1°F, bucket 38-39°F → 40-41°F","{""gap"": ""0.92"", ""conf"": ""1.00"", ""ramp"": ""3.72"", ""score"": 0.8075000000000003, ""current"": ""38-39°F"", ""predicted"": ""40-41°F"", ""tEstimated"": ""5.06""}",2026-03-24 14:05:50.411671+00
513,ruth-pws-klga-20260324-140550408,wendy,KLGA,info,guard,"PWS guards blocked: price_out_of_range | estimated 41.1°F, bucket 40-41°F, price 0.01",,2026-03-24 14:05:50.430969+00
514,ruth-pws-kmia-20260324-140550585,wendy,KMIA,info,signal,"PWS anticipation: STRONG (score=0.732), METAR 73.0°F → estimated 74.7°F, bucket 72-73°F → 74-75°F","{""gap"": ""0.59"", ""conf"": ""1.00"", ""ramp"": ""1.67"", ""score"": 0.7324999999999999, ""current"": ""72-73°F"", ""predicted"": ""74-75°F"", ""tEstimated"": ""23.71""}",2026-03-24 14:05:50.588807+00
515,ruth-pws-kmia-20260324-140550585,wendy,KMIA,info,guard,"PWS guards blocked: price_out_of_range | estimated 74.7°F, bucket 74-75°F, price 0.00",,2026-03-24 14:05:50.605843+00
516,ruth-pws-lfpg-20260324-140551300,wendy,LFPG,info,signal,"PWS anticipation: WEAK (score=0.083), METAR 19.0°C → estimated 17.7°C, bucket 19°C → 18°C","{""gap"": ""-0.22"", ""conf"": ""0.33"", ""ramp"": ""-4.05"", ""score"": 0.08333333333333351, ""current"": ""19°C"", ""predicted"": ""18°C"", ""tEstimated"": ""17.74""}",2026-03-24 14:05:51.303161+00
517,ruth-pws-cyyz-20260324-140551475,wendy,CYYZ,debug,signal,"No confirmed METAR yet, PWS median -0.9°C (3 readings), skipping",,2026-03-24 14:05:51.478813+00
518,ruth-metar-ksea-20260324-140641101,wendy,KSEA,info,signal,"METAR: 6.1°C, max=6.1°C, bucket=42-43°F","{""prevBucket"": ""42-43°F""}",2026-03-24 14:06:41.116891+00
519,ruth-pws-ksea-20260324-140649656,wendy,KSEA,info,signal,"PWS anticipation: STRONG (score=0.626), METAR 43.0°F → estimated 44.1°F, bucket 42-43°F → 44-45°F","{""gap"": ""0.84"", ""conf"": ""1.00"", ""ramp"": ""0.18"", ""score"": 0.6263596663724652, ""current"": ""42-43°F"", ""predicted"": ""44-45°F"", ""tEstimated"": ""6.75""}",2026-03-24 14:06:49.669864+00
520,ruth-pws-ksea-20260324-140649656,wendy,KSEA,info,guard,"PWS guards blocked: price_out_of_range | estimated 44.1°F, bucket 44-45°F, price 0.00",,2026-03-24 14:06:49.672095+00
521,ruth-pws-kdal-20260324-140649833,wendy,KDAL,info,signal,"PWS anticipation: STRONG (score=0.830), METAR 62.1°F → estimated 64.4°F, bucket 62-63°F → 64-65°F","{""gap"": ""1.02"", ""conf"": ""1.00"", ""ramp"": ""1.98"", ""score"": 0.8300000000000001, ""current"": ""62-63°F"", ""predicted"": ""64-65°F"", ""tEstimated"": ""18.01""}",2026-03-24 14:06:49.837803+00
522,ruth-pws-klga-20260324-140650255,wendy,KLGA,info,signal,"PWS anticipation: STRONG (score=0.808), METAR 37.9°F → estimated 41.0°F, bucket 38-39°F → 40-41°F","{""gap"": ""0.92"", ""conf"": ""1.00"", ""ramp"": ""3.58"", ""score"": 0.8075000000000003, ""current"": ""38-39°F"", ""predicted"": ""40-41°F"", ""tEstimated"": ""5.02""}",2026-03-24 14:06:50.260086+00
523,ruth-pws-klga-20260324-140650255,wendy,KLGA,info,guard,"PWS guards blocked: price_out_of_range | estimated 41.0°F, bucket 40-41°F, price 0.01",,2026-03-24 14:06:50.262173+00
524,ruth-pws-kmia-20260324-140650449,wendy,KMIA,info,signal,"PWS anticipation: STRONG (score=0.732), METAR 73.0°F → estimated 74.7°F, bucket 72-73°F → 74-75°F","{""gap"": ""0.59"", ""conf"": ""1.00"", ""ramp"": ""1.68"", ""score"": 0.7324999999999999, ""current"": ""72-73°F"", ""predicted"": ""74-75°F"", ""tEstimated"": ""23.72""}",2026-03-24 14:06:50.452923+00
525,ruth-pws-kmia-20260324-140650449,wendy,KMIA,info,guard,"PWS guards blocked: price_out_of_range | estimated 74.7°F, bucket 74-75°F, price 0.00",,2026-03-24 14:06:50.454727+00
526,ruth-pws-lfpg-20260324-140650999,wendy,LFPG,info,signal,"PWS anticipation: WEAK (score=0.071), METAR 19.0°C → estimated 17.8°C, bucket 19°C → 18°C","{""gap"": ""-0.28"", ""conf"": ""0.33"", ""ramp"": ""-3.92"", ""score"": 0.07083333333333315, ""current"": ""19°C"", ""predicted"": ""18°C"", ""tEstimated"": ""17.77""}",2026-03-24 14:06:51.002472+00
527,ruth-pws-cyyz-20260324-140651159,wendy,CYYZ,debug,signal,"No confirmed METAR yet, PWS median -0.9°C (3 readings), skipping",,2026-03-24 14:06:51.162407+00
528,ruth-metar-cyyz-20260324-140735097,wendy,CYYZ,info,signal,"METAR: -1°C, max=-1°C, bucket=-1°C","{""prevBucket"": null}",2026-03-24 14:07:35.130435+00
529,ruth-metar-cyyz-20260324-140735097,wendy,CYYZ,info,signal,Threshold crossed: none → -1°C,,2026-03-24 14:07:35.135566+00
530,ruth-metar-cyyz-20260324-140735097,wendy,CYYZ,info,guard,"Guards blocked: price_out_of_range | METAR -1.0°C, bucket -1°C, price 0.00","{""price"": 0.0045, ""bucket"": ""-1°C""}",2026-03-24 14:07:35.138707+00
531,ruth-pws-ksea-20260324-140749630,wendy,KSEA,info,signal,"PWS anticipation: STRONG (score=0.663), METAR 43.0°F → estimated 44.3°F, bucket 42-43°F → 44-45°F","{""gap"": ""0.90"", ""conf"": ""1.00"", ""ramp"": ""0.30"", ""score"": 0.6631012068618645, ""current"": ""42-43°F"", ""predicted"": ""44-45°F"", ""tEstimated"": ""6.82""}",2026-03-24 14:07:49.655034+00
532,ruth-pws-ksea-20260324-140749630,wendy,KSEA,info,guard,"PWS guards blocked: price_out_of_range | estimated 44.3°F, bucket 44-45°F, price 0.00",,2026-03-24 14:07:49.656902+00
533,ruth-pws-kdal-20260324-140749835,wendy,KDAL,info,signal,"PWS anticipation: STRONG (score=0.868), METAR 62.1°F → estimated 64.8°F, bucket 62-63°F → 64-65°F","{""gap"": ""1.19"", ""conf"": ""1.00"", ""ramp"": ""2.27"", ""score"": 0.8675000000000002, ""current"": ""62-63°F"", ""predicted"": ""64-65°F"", ""tEstimated"": ""18.21""}",2026-03-24 14:07:49.840011+00
534,ruth-pws-klga-20260324-140750186,wendy,KLGA,info,signal,"PWS anticipation: STRONG (score=0.758), METAR 37.9°F → estimated 40.3°F, bucket 38-39°F → 40-41°F","{""gap"": ""0.70"", ""conf"": ""1.00"", ""ramp"": ""2.73"", ""score"": 0.7575000000000005, ""current"": ""38-39°F"", ""predicted"": ""40-41°F"", ""tEstimated"": ""4.61""}",2026-03-24 14:07:50.191548+00
535,ruth-pws-klga-20260324-140750186,wendy,KLGA,info,guard,"PWS guards blocked: price_out_of_range | estimated 40.3°F, bucket 40-41°F, price 0.01",,2026-03-24 14:07:50.193641+00
536,ruth-pws-kmia-20260324-140750349,wendy,KMIA,info,signal,"PWS anticipation: STRONG (score=0.739), METAR 73.0°F → estimated 74.7°F, bucket 72-73°F → 74-75°F","{""gap"": ""0.62"", ""conf"": ""1.00"", ""ramp"": ""1.68"", ""score"": 0.7387500000000009, ""current"": ""72-73°F"", ""predicted"": ""74-75°F"", ""tEstimated"": ""23.74""}",2026-03-24 14:07:50.355207+00
537,ruth-pws-kmia-20260324-140750349,wendy,KMIA,info,guard,"PWS guards blocked: price_out_of_range | estimated 74.7°F, bucket 74-75°F, price 0.00",,2026-03-24 14:07:50.357358+00
538,ruth-pws-lfpg-20260324-140750893,wendy,LFPG,info,signal,"PWS anticipation: WEAK (score=0.071), METAR 19.0°C → estimated 17.8°C, bucket 19°C → 18°C","{""gap"": ""-0.28"", ""conf"": ""0.33"", ""ramp"": ""-3.67"", ""score"": 0.07083333333333315, ""current"": ""19°C"", ""predicted"": ""18°C"", ""tEstimated"": ""17.84""}",2026-03-24 14:07:50.896779+00
539,ruth-pws-ksea-20260324-140849650,wendy,KSEA,info,guard,"PWS guards blocked: price_out_of_range | estimated 44.3°F, bucket 44-45°F, price 0.00",,2026-03-24 14:08:49.670253+00
540,ruth-pws-ksea-20260324-140849650,wendy,KSEA,info,signal,"PWS anticipation: STRONG (score=0.657), METAR 43.0°F → estimated 44.3°F, bucket 42-43°F → 44-45°F","{""gap"": ""0.90"", ""conf"": ""1.00"", ""ramp"": ""0.27"", ""score"": 0.6570405788157047, ""current"": ""42-43°F"", ""predicted"": ""44-45°F"", ""tEstimated"": ""6.81""}",2026-03-24 14:08:49.670287+00
541,ruth-pws-kdal-20260324-140849832,wendy,KDAL,info,signal,"PWS anticipation: STRONG (score=0.868), METAR 62.1°F → estimated 64.9°F, bucket 62-63°F → 64-65°F","{""gap"": ""1.19"", ""conf"": ""1.00"", ""ramp"": ""2.58"", ""score"": 0.8675000000000002, ""current"": ""62-63°F"", ""predicted"": ""64-65°F"", ""tEstimated"": ""18.30""}",2026-03-24 14:08:49.836614+00
542,ruth-pws-kord-20260324-140850031,wendy,KORD,info,signal,"PWS anticipation: STRONG (score=0.740), METAR 34.0°F → estimated 35.7°F, bucket 34-35°F → 36-37°F","{""gap"": ""0.62"", ""conf"": ""1.00"", ""ramp"": ""1.62"", ""score"": 0.7400000000000002, ""current"": ""34-35°F"", ""predicted"": ""36-37°F"", ""tEstimated"": ""2.08""}",2026-03-24 14:08:50.03435+00
543,ruth-pws-kmia-20260324-140850355,wendy,KMIA,info,signal,"PWS anticipation: STRONG (score=0.739), METAR 73.0°F → estimated 74.8°F, bucket 72-73°F → 74-75°F","{""gap"": ""0.62"", ""conf"": ""1.00"", ""ramp"": ""1.82"", ""score"": 0.7387500000000009, ""current"": ""72-73°F"", ""predicted"": ""74-75°F"", ""tEstimated"": ""23.78""}",2026-03-24 14:08:50.359979+00
544,ruth-pws-kmia-20260324-140850355,wendy,KMIA,info,guard,"PWS guards blocked: price_out_of_range | estimated 74.8°F, bucket 74-75°F, price 0.00",,2026-03-24 14:08:50.362927+00
545,ruth-pws-lfpg-20260324-140851183,wendy,LFPG,info,signal,"PWS anticipation: WEAK (score=0.058), METAR 19.0°C → estimated 17.8°C, bucket 19°C → 18°C","{""gap"": ""-0.33"", ""conf"": ""0.33"", ""ramp"": ""-3.62"", ""score"": 0.05833333333333279, ""current"": ""19°C"", ""predicted"": ""18°C"", ""tEstimated"": ""17.85""}",2026-03-24 14:08:51.186321+00
546,ruth-pws-ksea-20260324-140949711,wendy,KSEA,info,signal,"PWS anticipation: STRONG (score=0.687), METAR 43.0°F → estimated 44.3°F, bucket 42-43°F → 44-45°F","{""gap"": ""0.90"", ""conf"": ""1.00"", ""ramp"": ""0.42"", ""score"": 0.6873565799232785, ""current"": ""42-43°F"", ""predicted"": ""44-45°F"", ""tEstimated"": ""6.86""}",2026-03-24 14:09:49.728283+00
547,ruth-pws-ksea-20260324-140949711,wendy,KSEA,info,guard,"PWS guards blocked: price_out_of_range | estimated 44.3°F, bucket 44-45°F, price 0.00",,2026-03-24 14:09:49.732994+00
548,ruth-pws-kdal-20260324-140949931,wendy,KDAL,info,signal,"PWS anticipation: STRONG (score=0.868), METAR 62.1°F → estimated 65.1°F, bucket 62-63°F → 64-65°F","{""gap"": ""1.19"", ""conf"": ""1.00"", ""ramp"": ""2.77"", ""score"": 0.8675000000000002, ""current"": ""62-63°F"", ""predicted"": ""64-65°F"", ""tEstimated"": ""18.36""}",2026-03-24 14:09:49.936716+00
549,ruth-pws-kord-20260324-140950104,wendy,KORD,info,signal,"PWS anticipation: STRONG (score=0.740), METAR 34.0°F → estimated 35.9°F, bucket 34-35°F → 36-37°F","{""gap"": ""0.62"", ""conf"": ""1.00"", ""ramp"": ""1.86"", ""score"": 0.7400000000000002, ""current"": ""34-35°F"", ""predicted"": ""36-37°F"", ""tEstimated"": ""2.16""}",2026-03-24 14:09:50.108208+00
550,ruth-pws-kmia-20260324-140950434,wendy,KMIA,info,signal,"PWS anticipation: STRONG (score=0.764), METAR 73.0°F → estimated 74.8°F, bucket 72-73°F → 74-75°F","{""gap"": ""0.73"", ""conf"": ""1.00"", ""ramp"": ""1.51"", ""score"": 0.7637499999999999, ""current"": ""72-73°F"", ""predicted"": ""74-75°F"", ""tEstimated"": ""23.76""}",2026-03-24 14:09:50.440383+00
551,ruth-pws-kmia-20260324-140950434,wendy,KMIA,info,guard,"PWS guards blocked: price_out_of_range | estimated 74.8°F, bucket 74-75°F, price 0.00",,2026-03-24 14:09:50.443387+00
552,ruth-pws-lfpg-20260324-140951059,wendy,LFPG,info,signal,"PWS anticipation: WEAK (score=0.046), METAR 19.0°C → estimated 18.0°C, bucket 19°C → 18°C","{""gap"": ""-0.39"", ""conf"": ""0.33"", ""ramp"": ""-3.15"", ""score"": 0.04583333333333324, ""current"": ""19°C"", ""predicted"": ""18°C"", ""tEstimated"": ""17.98""}",2026-03-24 14:09:51.062693+00
553,ruth-pws-ksea-20260324-141049660,wendy,KSEA,info,signal,"PWS anticipation: STRONG (score=0.687), METAR 43.0°F → estimated 44.3°F, bucket 42-43°F → 44-45°F","{""gap"": ""0.90"", ""conf"": ""1.00"", ""ramp"": ""0.42"", ""score"": 0.6873573012401526, ""current"": ""42-43°F"", ""predicted"": ""44-45°F"", ""tEstimated"": ""6.86""}",2026-03-24 14:10:49.679141+00
554,ruth-pws-ksea-20260324-141049660,wendy,KSEA,info,guard,"PWS guards blocked: price_out_of_range | estimated 44.3°F, bucket 44-45°F, price 0.00",,2026-03-24 14:10:49.683611+00
555,ruth-pws-kdal-20260324-141049892,wendy,KDAL,info,signal,"PWS anticipation: STRONG (score=0.917), METAR 62.1°F → estimated 65.5°F, bucket 62-63°F → 66-67°F","{""gap"": ""1.41"", ""conf"": ""1.00"", ""ramp"": ""3.15"", ""score"": 0.9174999999999993, ""current"": ""62-63°F"", ""predicted"": ""66-67°F"", ""tEstimated"": ""18.63""}",2026-03-24 14:10:49.897409+00
556,ruth-pws-kord-20260324-141050065,wendy,KORD,info,signal,"PWS anticipation: STRONG (score=0.740), METAR 34.0°F → estimated 35.8°F, bucket 34-35°F → 36-37°F","{""gap"": ""0.62"", ""conf"": ""1.00"", ""ramp"": ""1.76"", ""score"": 0.7400000000000002, ""current"": ""34-35°F"", ""predicted"": ""36-37°F"", ""tEstimated"": ""2.13""}",2026-03-24 14:10:50.069255+00
557,ruth-pws-kmia-20260324-141050393,wendy,KMIA,info,signal,"PWS anticipation: STRONG (score=0.826), METAR 73.0°F → estimated 75.6°F, bucket 72-73°F → 76-77°F","{""gap"": ""1.01"", ""conf"": ""1.00"", ""ramp"": ""2.35"", ""score"": 0.8262500000000002, ""current"": ""72-73°F"", ""predicted"": ""76-77°F"", ""tEstimated"": ""24.21""}",2026-03-24 14:10:50.397235+00
558,ruth-pws-kmia-20260324-141050393,wendy,KMIA,info,guard,"PWS guards blocked: price_out_of_range | estimated 75.6°F, bucket 76-77°F, price 0.00",,2026-03-24 14:10:50.400125+00
559,ruth-pws-lfpg-20260324-141050888,wendy,LFPG,info,signal,"PWS anticipation: WEAK (score=0.058), METAR 19.0°C → estimated 18.1°C, bucket 19°C → 18°C","{""gap"": ""-0.33"", ""conf"": ""0.33"", ""ramp"": ""-2.79"", ""score"": 0.05833333333333279, ""current"": ""19°C"", ""predicted"": ""18°C"", ""tEstimated"": ""18.10""}",2026-03-24 14:10:50.892339+00
560,ruth-pws-ksea-20260324-141149698,wendy,KSEA,info,signal,"PWS anticipation: STRONG (score=0.651), METAR 43.0°F → estimated 44.2°F, bucket 42-43°F → 44-45°F","{""gap"": ""0.84"", ""conf"": ""1.00"", ""ramp"": ""0.30"", ""score"": 0.6506074058618273, ""current"": ""42-43°F"", ""predicted"": ""44-45°F"", ""tEstimated"": ""6.78""}",2026-03-24 14:11:49.715672+00
561,ruth-pws-ksea-20260324-141149698,wendy,KSEA,info,guard,"PWS guards blocked: price_out_of_range | estimated 44.2°F, bucket 44-45°F, price 0.00",,2026-03-24 14:11:49.726972+00
562,ruth-pws-kdal-20260324-141149896,wendy,KDAL,info,signal,"PWS anticipation: STRONG (score=0.942), METAR 62.1°F → estimated 65.9°F, bucket 62-63°F → 66-67°F","{""gap"": ""1.52"", ""conf"": ""1.00"", ""ramp"": ""3.61"", ""score"": 0.9424999999999999, ""current"": ""62-63°F"", ""predicted"": ""66-67°F"", ""tEstimated"": ""18.85""}",2026-03-24 14:11:49.901195+00
563,ruth-pws-kord-20260324-141150132,wendy,KORD,info,signal,"PWS anticipation: STRONG (score=0.740), METAR 34.0°F → estimated 35.8°F, bucket 34-35°F → 36-37°F","{""gap"": ""0.62"", ""conf"": ""1.00"", ""ramp"": ""1.76"", ""score"": 0.7400000000000002, ""current"": ""34-35°F"", ""predicted"": ""36-37°F"", ""tEstimated"": ""2.13""}",2026-03-24 14:11:50.136349+00
564,ruth-pws-klga-20260324-141150352,wendy,KLGA,info,signal,"PWS anticipation: MODERATE (score=0.495), METAR 37.9°F → estimated 37.2°F, bucket 38-39°F → 36-37°F","{""gap"": ""0.42"", ""conf"": ""1.00"", ""ramp"": ""-2.39"", ""score"": 0.4950000000000004, ""current"": ""38-39°F"", ""predicted"": ""36-37°F"", ""tEstimated"": ""2.88""}",2026-03-24 14:11:50.356181+00
565,ruth-pws-kmia-20260324-141150540,wendy,KMIA,info,signal,"PWS anticipation: STRONG (score=0.833), METAR 73.0°F → estimated 76.0°F, bucket 72-73°F → 76-77°F","{""gap"": ""1.03"", ""conf"": ""1.00"", ""ramp"": ""3.14"", ""score"": 0.8325000000000005, ""current"": ""72-73°F"", ""predicted"": ""76-77°F"", ""tEstimated"": ""24.46""}",2026-03-24 14:11:50.54606+00
566,ruth-pws-kmia-20260324-141150540,wendy,KMIA,info,guard,"PWS guards blocked: price_out_of_range | estimated 76.0°F, bucket 76-77°F, price 0.00",,2026-03-24 14:11:50.559369+00
567,ruth-pws-lfpg-20260324-141151056,wendy,LFPG,info,signal,"PWS anticipation: WEAK (score=0.083), METAR 19.0°C → estimated 18.3°C, bucket 19°C → 18°C","{""gap"": ""-0.22"", ""conf"": ""0.33"", ""ramp"": ""-2.06"", ""score"": 0.08333333333333351, ""current"": ""19°C"", ""predicted"": ""18°C"", ""tEstimated"": ""18.34""}",2026-03-24 14:11:51.060202+00
568,ruth-pws-ksea-20260324-141249664,wendy,KSEA,info,signal,"PWS anticipation: STRONG (score=0.626), METAR 43.0°F → estimated 44.1°F, bucket 42-43°F → 44-45°F","{""gap"": ""0.84"", ""conf"": ""1.00"", ""ramp"": ""0.18"", ""score"": 0.6263605419445871, ""current"": ""42-43°F"", ""predicted"": ""44-45°F"", ""tEstimated"": ""6.75""}",2026-03-24 14:12:49.683388+00
569,ruth-pws-ksea-20260324-141249664,wendy,KSEA,info,guard,"PWS guards blocked: price_out_of_range | estimated 44.1°F, bucket 44-45°F, price 0.00",,2026-03-24 14:12:49.688424+00
570,ruth-pws-kdal-20260324-141249856,wendy,KDAL,info,signal,"PWS anticipation: STRONG (score=0.955), METAR 62.1°F → estimated 66.1°F, bucket 62-63°F → 66-67°F","{""gap"": ""1.58"", ""conf"": ""1.00"", ""ramp"": ""3.82"", ""score"": 0.9550000000000012, ""current"": ""62-63°F"", ""predicted"": ""66-67°F"", ""tEstimated"": ""18.95""}",2026-03-24 14:12:49.859981+00
571,ruth-pws-kord-20260324-141250046,wendy,KORD,info,signal,"PWS anticipation: STRONG (score=0.740), METAR 34.0°F → estimated 35.8°F, bucket 34-35°F → 36-37°F","{""gap"": ""0.62"", ""conf"": ""1.00"", ""ramp"": ""1.64"", ""score"": 0.7400000000000002, ""current"": ""34-35°F"", ""predicted"": ""36-37°F"", ""tEstimated"": ""2.09""}",2026-03-24 14:12:50.050077+00
572,ruth-pws-klga-20260324-141250211,wendy,KLGA,info,signal,"PWS anticipation: MODERATE (score=0.507), METAR 37.9°F → estimated 36.8°F, bucket 38-39°F → 36-37°F","{""gap"": ""0.48"", ""conf"": ""1.00"", ""ramp"": ""-3.15"", ""score"": 0.5074999999999997, ""current"": ""38-39°F"", ""predicted"": ""36-37°F"", ""tEstimated"": ""2.69""}",2026-03-24 14:12:50.21409+00
573,ruth-pws-kmia-20260324-141250406,wendy,KMIA,info,signal,"PWS anticipation: STRONG (score=0.857), METAR 73.0°F → estimated 76.6°F, bucket 72-73°F → 76-77°F","{""gap"": ""1.14"", ""conf"": ""1.00"", ""ramp"": ""3.93"", ""score"": 0.8574999999999995, ""current"": ""72-73°F"", ""predicted"": ""76-77°F"", ""tEstimated"": ""24.78""}",2026-03-24 14:12:50.409877+00
574,ruth-pws-kmia-20260324-141250406,wendy,KMIA,info,guard,"PWS guards blocked: price_out_of_range | estimated 76.6°F, bucket 76-77°F, price 0.00",,2026-03-24 14:12:50.413198+00
575,ruth-pws-ksea-20260324-141349674,wendy,KSEA,info,signal,"PWS anticipation: STRONG (score=0.602), METAR 43.0°F → estimated 44.1°F, bucket 42-43°F → 44-45°F","{""gap"": ""0.84"", ""conf"": ""1.00"", ""ramp"": ""0.06"", ""score"": 0.602113335622117, ""current"": ""42-43°F"", ""predicted"": ""44-45°F"", ""tEstimated"": ""6.71""}",2026-03-24 14:13:49.696846+00
576,ruth-pws-ksea-20260324-141349674,wendy,KSEA,info,guard,"PWS guards blocked: price_out_of_range | estimated 44.1°F, bucket 44-45°F, price 0.00",,2026-03-24 14:13:49.69887+00
577,ruth-pws-kdal-20260324-141349846,wendy,KDAL,info,signal,"PWS anticipation: STRONG (score=0.980), METAR 62.1°F → estimated 66.5°F, bucket 62-63°F → 66-67°F","{""gap"": ""1.69"", ""conf"": ""1.00"", ""ramp"": ""4.27"", ""score"": 0.9799999999999995, ""current"": ""62-63°F"", ""predicted"": ""66-67°F"", ""tEstimated"": ""19.16""}",2026-03-24 14:13:49.850418+00
578,ruth-pws-kord-20260324-141350023,wendy,KORD,info,signal,"PWS anticipation: STRONG (score=0.740), METAR 34.0°F → estimated 35.6°F, bucket 34-35°F → 36-37°F","{""gap"": ""0.62"", ""conf"": ""1.00"", ""ramp"": ""1.39"", ""score"": 0.7400000000000002, ""current"": ""34-35°F"", ""predicted"": ""36-37°F"", ""tEstimated"": ""2.02""}",2026-03-24 14:13:50.028119+00
579,ruth-pws-kmia-20260324-141350507,wendy,KMIA,info,signal,"PWS anticipation: STRONG (score=0.882), METAR 73.0°F → estimated 77.2°F, bucket 72-73°F → 76-77°F","{""gap"": ""1.26"", ""conf"": ""1.00"", ""ramp"": ""4.74"", ""score"": 0.8824999999999994, ""current"": ""72-73°F"", ""predicted"": ""76-77°F"", ""tEstimated"": ""25.10""}",2026-03-24 14:13:50.510979+00
580,ruth-pws-kmia-20260324-141350507,wendy,KMIA,info,guard,"PWS guards blocked: price_out_of_range | estimated 77.2°F, bucket 76-77°F, price 0.00",,2026-03-24 14:13:50.513196+00
581,ruth-pws-cyyz-20260324-141351391,wendy,CYYZ,info,signal,"PWS anticipation: STRONG (score=0.687), METAR -1.0°C → estimated -0.3°C, bucket -1°C → 0°C","{""gap"": ""0.39"", ""conf"": ""1.00"", ""ramp"": ""1.80"", ""score"": 0.6874999999999998, ""current"": ""-1°C"", ""predicted"": ""0°C"", ""tEstimated"": ""-0.27""}",2026-03-24 14:13:51.395188+00
582,ruth-pws-cyyz-20260324-141351391,wendy,CYYZ,info,guard,"PWS guards blocked: price_out_of_range | estimated -0.3°C, bucket 0°C, price 0.00",,2026-03-24 14:13:51.397339+00
583,ruth-pws-ksea-20260324-141449659,wendy,KSEA,info,signal,"PWS anticipation: STRONG (score=0.590), METAR 43.0°F → estimated 44.0°F, bucket 42-43°F → 44-45°F","{""gap"": ""0.84"", ""conf"": ""1.00"", ""ramp"": ""-0.06"", ""score"": 0.5900000000000001, ""current"": ""42-43°F"", ""predicted"": ""44-45°F"", ""tEstimated"": ""6.67""}",2026-03-24 14:14:49.670473+00
584,ruth-pws-ksea-20260324-141449659,wendy,KSEA,info,guard,"PWS guards blocked: price_out_of_range | estimated 44.0°F, bucket 44-45°F, price 0.00",,2026-03-24 14:14:49.7265+00
585,ruth-pws-kdal-20260324-141449869,wendy,KDAL,info,signal,"PWS anticipation: STRONG (score=0.980), METAR 62.1°F → estimated 66.7°F, bucket 62-63°F → 66-67°F","{""gap"": ""1.69"", ""conf"": ""1.00"", ""ramp"": ""4.67"", ""score"": 0.9799999999999995, ""current"": ""62-63°F"", ""predicted"": ""66-67°F"", ""tEstimated"": ""19.28""}",2026-03-24 14:14:49.872248+00
586,ruth-pws-kord-20260324-141450034,wendy,KORD,info,signal,"PWS anticipation: STRONG (score=0.753), METAR 34.0°F → estimated 35.6°F, bucket 34-35°F → 36-37°F","{""gap"": ""0.68"", ""conf"": ""1.00"", ""ramp"": ""1.18"", ""score"": 0.7525000000000004, ""current"": ""34-35°F"", ""predicted"": ""36-37°F"", ""tEstimated"": ""2.00""}",2026-03-24 14:14:50.037375+00
587,ruth-pws-kmia-20260324-141450420,wendy,KMIA,info,signal,"PWS anticipation: STRONG (score=0.901), METAR 73.0°F → estimated 77.8°F, bucket 72-73°F → 78-79°F","{""gap"": ""1.34"", ""conf"": ""1.00"", ""ramp"": ""5.67"", ""score"": 0.9012500000000008, ""current"": ""72-73°F"", ""predicted"": ""78-79°F"", ""tEstimated"": ""25.44""}",2026-03-24 14:14:50.424018+00
588,ruth-pws-kmia-20260324-141450420,wendy,KMIA,info,guard,"PWS guards blocked: price_out_of_range | estimated 77.8°F, bucket 78-79°F, price 0.00",,2026-03-24 14:14:50.441799+00
589,ruth-pws-cyyz-20260324-141451189,wendy,CYYZ,info,signal,"PWS anticipation: STRONG (score=0.687), METAR -1.0°C → estimated -0.2°C, bucket -1°C → 0°C","{""gap"": ""0.39"", ""conf"": ""1.00"", ""ramp"": ""2.10"", ""score"": 0.6874999999999998, ""current"": ""-1°C"", ""predicted"": ""0°C"", ""tEstimated"": ""-0.18""}",2026-03-24 14:14:51.192459+00
590,ruth-pws-cyyz-20260324-141451189,wendy,CYYZ,info,guard,"PWS guards blocked: price_out_of_range | estimated -0.2°C, bucket 0°C, price 0.00",,2026-03-24 14:14:51.212754+00
591,ruth-pws-ksea-20260324-141549647,wendy,KSEA,info,signal,"PWS anticipation: STRONG (score=0.590), METAR 43.0°F → estimated 43.9°F, bucket 42-43°F → 44-45°F","{""gap"": ""0.84"", ""conf"": ""1.00"", ""ramp"": ""-0.18"", ""score"": 0.5900000000000001, ""current"": ""42-43°F"", ""predicted"": ""44-45°F"", ""tEstimated"": ""6.64""}",2026-03-24 14:15:49.66424+00
592,ruth-pws-ksea-20260324-141549647,wendy,KSEA,info,guard,"PWS guards blocked: price_out_of_range | estimated 43.9°F, bucket 44-45°F, price 0.00",,2026-03-24 14:15:49.666211+00
593,ruth-pws-kdal-20260324-141549893,wendy,KDAL,info,signal,"PWS anticipation: STRONG (score=0.942), METAR 62.1°F → estimated 66.3°F, bucket 62-63°F → 66-67°F","{""gap"": ""1.52"", ""conf"": ""1.00"", ""ramp"": ""4.24"", ""score"": 0.9424999999999999, ""current"": ""62-63°F"", ""predicted"": ""66-67°F"", ""tEstimated"": ""19.04""}",2026-03-24 14:15:49.897615+00
594,ruth-pws-kmia-20260324-141550521,wendy,KMIA,info,signal,"PWS anticipation: STRONG (score=0.895), METAR 73.0°F → estimated 77.6°F, bucket 72-73°F → 78-79°F","{""gap"": ""1.31"", ""conf"": ""1.00"", ""ramp"": ""5.39"", ""score"": 0.8949999999999989, ""current"": ""72-73°F"", ""predicted"": ""78-79°F"", ""tEstimated"": ""25.34""}",2026-03-24 14:15:50.524863+00
595,ruth-pws-kmia-20260324-141550521,wendy,KMIA,info,guard,"PWS guards blocked: price_out_of_range | estimated 77.6°F, bucket 78-79°F, price 0.00",,2026-03-24 14:15:50.528177+00
596,ruth-pws-cyyz-20260324-141551271,wendy,CYYZ,info,signal,"PWS anticipation: STRONG (score=0.713), METAR -1.0°C → estimated -0.0°C, bucket -1°C → 0°C","{""gap"": ""0.50"", ""conf"": ""1.00"", ""ramp"": ""2.33"", ""score"": 0.7125000000000001, ""current"": ""-1°C"", ""predicted"": ""0°C"", ""tEstimated"": ""-0.05""}",2026-03-24 14:15:51.275415+00
597,ruth-pws-cyyz-20260324-141551271,wendy,CYYZ,info,guard,"PWS guards blocked: price_out_of_range | estimated -0.0°C, bucket 0°C, price 0.00",,2026-03-24 14:15:51.277073+00
598,ruth-pws-ksea-20260324-141649651,wendy,KSEA,info,signal,"PWS anticipation: STRONG (score=0.578), METAR 43.0°F → estimated 43.7°F, bucket 42-43°F → 44-45°F","{""gap"": ""0.79"", ""conf"": ""1.00"", ""ramp"": ""-0.45"", ""score"": 0.5775000000000001, ""current"": ""42-43°F"", ""predicted"": ""44-45°F"", ""tEstimated"": ""6.52""}",2026-03-24 14:16:49.668855+00
599,ruth-pws-ksea-20260324-141649651,wendy,KSEA,info,guard,"PWS guards blocked: price_out_of_range | estimated 43.7°F, bucket 44-45°F, price 0.00",,2026-03-24 14:16:49.671663+00
600,ruth-pws-kdal-20260324-141649842,wendy,KDAL,info,signal,"PWS anticipation: STRONG (score=0.942), METAR 62.1°F → estimated 65.7°F, bucket 62-63°F → 66-67°F","{""gap"": ""1.52"", ""conf"": ""1.00"", ""ramp"": ""3.17"", ""score"": 0.9424999999999999, ""current"": ""62-63°F"", ""predicted"": ""66-67°F"", ""tEstimated"": ""18.72""}",2026-03-24 14:16:49.846529+00
601,ruth-pws-klga-20260324-141650204,wendy,KLGA,info,signal,"PWS anticipation: STRONG (score=0.845), METAR 37.9°F → estimated 40.5°F, bucket 38-39°F → 40-41°F","{""gap"": ""1.09"", ""conf"": ""1.00"", ""ramp"": ""2.12"", ""score"": 0.845, ""current"": ""38-39°F"", ""predicted"": ""40-41°F"", ""tEstimated"": ""4.70""}",2026-03-24 14:16:50.207864+00
602,ruth-pws-klga-20260324-141650204,wendy,KLGA,info,guard,"PWS guards blocked: price_out_of_range | estimated 40.5°F, bucket 40-41°F, price 0.01",,2026-03-24 14:16:50.210124+00
603,ruth-pws-kmia-20260324-141650372,wendy,KMIA,info,signal,"PWS anticipation: STRONG (score=0.895), METAR 73.0°F → estimated 77.6°F, bucket 72-73°F → 78-79°F","{""gap"": ""1.31"", ""conf"": ""1.00"", ""ramp"": ""5.32"", ""score"": 0.8949999999999989, ""current"": ""72-73°F"", ""predicted"": ""78-79°F"", ""tEstimated"": ""25.31""}",2026-03-24 14:16:50.37588+00
604,ruth-pws-kmia-20260324-141650372,wendy,KMIA,info,guard,"PWS guards blocked: price_out_of_range | estimated 77.6°F, bucket 78-79°F, price 0.00",,2026-03-24 14:16:50.378703+00
605,ruth-pws-cyyz-20260324-141651050,wendy,CYYZ,info,signal,"PWS anticipation: STRONG (score=0.713), METAR -1.0°C → estimated 0.0°C, bucket -1°C → 0°C","{""gap"": ""0.50"", ""conf"": ""1.00"", ""ramp"": ""2.58"", ""score"": 0.7125000000000001, ""current"": ""-1°C"", ""predicted"": ""0°C"", ""tEstimated"": ""0.02""}",2026-03-24 14:16:51.054171+00
606,ruth-pws-cyyz-20260324-141651050,wendy,CYYZ,info,guard,"PWS guards blocked: price_out_of_range | estimated 0.0°C, bucket 0°C, price 0.00",,2026-03-24 14:16:51.057573+00
607,ruth-pws-ksea-20260324-141749717,wendy,KSEA,info,signal,"PWS anticipation: STRONG (score=0.578), METAR 43.0°F → estimated 43.6°F, bucket 42-43°F → 44-45°F","{""gap"": ""0.79"", ""conf"": ""1.00"", ""ramp"": ""-0.75"", ""score"": 0.5775000000000001, ""current"": ""42-43°F"", ""predicted"": ""44-45°F"", ""tEstimated"": ""6.43""}",2026-03-24 14:17:49.735077+00
608,ruth-pws-ksea-20260324-141749717,wendy,KSEA,info,guard,"PWS guards blocked: price_out_of_range | estimated 43.6°F, bucket 44-45°F, price 0.00",,2026-03-24 14:17:49.744106+00
609,ruth-pws-kdal-20260324-141749987,wendy,KDAL,info,signal,"PWS anticipation: STRONG (score=0.980), METAR 62.1°F → estimated 65.8°F, bucket 62-63°F → 66-67°F","{""gap"": ""1.69"", ""conf"": ""1.00"", ""ramp"": ""2.91"", ""score"": 0.9799999999999995, ""current"": ""62-63°F"", ""predicted"": ""66-67°F"", ""tEstimated"": ""18.75""}",2026-03-24 14:17:49.991453+00
610,ruth-pws-klga-20260324-141750372,wendy,KLGA,info,signal,"PWS anticipation: STRONG (score=0.870), METAR 37.9°F → estimated 42.4°F, bucket 38-39°F → 42-43°F","{""gap"": ""1.20"", ""conf"": ""1.00"", ""ramp"": ""5.39"", ""score"": 0.8700000000000003, ""current"": ""38-39°F"", ""predicted"": ""42-43°F"", ""tEstimated"": ""5.76""}",2026-03-24 14:17:50.376603+00
611,ruth-pws-klga-20260324-141750372,wendy,KLGA,info,guard,"PWS guards blocked: price_out_of_range | estimated 42.4°F, bucket 42-43°F, price 0.02",,2026-03-24 14:17:50.388754+00
612,ruth-pws-kmia-20260324-141750563,wendy,KMIA,info,signal,"PWS anticipation: STRONG (score=0.895), METAR 73.0°F → estimated 77.2°F, bucket 72-73°F → 76-77°F","{""gap"": ""1.31"", ""conf"": ""1.00"", ""ramp"": ""4.69"", ""score"": 0.8949999999999989, ""current"": ""72-73°F"", ""predicted"": ""76-77°F"", ""tEstimated"": ""25.12""}",2026-03-24 14:17:50.568462+00
613,ruth-pws-kmia-20260324-141750563,wendy,KMIA,info,guard,"PWS guards blocked: price_out_of_range | estimated 77.2°F, bucket 76-77°F, price 0.00",,2026-03-24 14:17:50.582173+00
614,ruth-pws-cyyz-20260324-141751343,wendy,CYYZ,info,signal,"PWS anticipation: STRONG (score=0.687), METAR -1.0°C → estimated -0.1°C, bucket -1°C → 0°C","{""gap"": ""0.39"", ""conf"": ""1.00"", ""ramp"": ""2.28"", ""score"": 0.6874999999999998, ""current"": ""-1°C"", ""predicted"": ""0°C"", ""tEstimated"": ""-0.12""}",2026-03-24 14:17:51.346528+00
615,ruth-pws-cyyz-20260324-141751343,wendy,CYYZ,info,guard,"PWS guards blocked: price_out_of_range | estimated -0.1°C, bucket 0°C, price 0.00",,2026-03-24 14:17:51.361035+00
616,ruth-pws-ksea-20260324-141849684,wendy,KSEA,info,signal,"PWS anticipation: STRONG (score=0.578), METAR 43.0°F → estimated 43.6°F, bucket 42-43°F → 44-45°F","{""gap"": ""0.79"", ""conf"": ""1.00"", ""ramp"": ""-0.75"", ""score"": 0.5775000000000001, ""current"": ""42-43°F"", ""predicted"": ""44-45°F"", ""tEstimated"": ""6.43""}",2026-03-24 14:18:49.712436+00
617,ruth-pws-ksea-20260324-141849684,wendy,KSEA,info,guard,"PWS guards blocked: price_out_of_range | estimated 43.6°F, bucket 44-45°F, price 0.00",,2026-03-24 14:18:49.714399+00
618,ruth-pws-kdal-20260324-141849911,wendy,KDAL,info,signal,"PWS anticipation: STRONG (score=0.942), METAR 62.1°F → estimated 64.9°F, bucket 62-63°F → 64-65°F","{""gap"": ""1.52"", ""conf"": ""1.00"", ""ramp"": ""1.74"", ""score"": 0.9424999999999999, ""current"": ""62-63°F"", ""predicted"": ""64-65°F"", ""tEstimated"": ""18.29""}",2026-03-24 14:18:49.914671+00
619,ruth-pws-klga-20260324-141850198,wendy,KLGA,info,signal,"PWS anticipation: STRONG (score=0.870), METAR 37.9°F → estimated 42.9°F, bucket 38-39°F → 42-43°F","{""gap"": ""1.20"", ""conf"": ""1.00"", ""ramp"": ""6.30"", ""score"": 0.8700000000000003, ""current"": ""38-39°F"", ""predicted"": ""42-43°F"", ""tEstimated"": ""6.03""}",2026-03-24 14:18:50.202534+00
620,ruth-pws-klga-20260324-141850198,wendy,KLGA,info,guard,"PWS guards blocked: price_out_of_range | estimated 42.9°F, bucket 42-43°F, price 0.02",,2026-03-24 14:18:50.204647+00
621,ruth-pws-kmia-20260324-141850448,wendy,KMIA,info,signal,"PWS anticipation: STRONG (score=0.901), METAR 73.0°F → estimated 76.6°F, bucket 72-73°F → 76-77°F","{""gap"": ""1.34"", ""conf"": ""1.00"", ""ramp"": ""3.49"", ""score"": 0.9012499999999999, ""current"": ""72-73°F"", ""predicted"": ""76-77°F"", ""tEstimated"": ""24.79""}",2026-03-24 14:18:50.453696+00
622,ruth-pws-kmia-20260324-141850448,wendy,KMIA,info,guard,"PWS guards blocked: price_out_of_range | estimated 76.6°F, bucket 76-77°F, price 0.00",,2026-03-24 14:18:50.45507+00
623,ruth-pws-cyyz-20260324-141851296,wendy,CYYZ,info,signal,"PWS anticipation: STRONG (score=0.662), METAR -1.0°C → estimated -0.4°C, bucket -1°C → 0°C","{""gap"": ""0.28"", ""conf"": ""1.00"", ""ramp"": ""1.58"", ""score"": 0.6624999999999999, ""current"": ""-1°C"", ""predicted"": ""0°C"", ""tEstimated"": ""-0.39""}",2026-03-24 14:18:51.299654+00
624,ruth-pws-cyyz-20260324-141851296,wendy,CYYZ,info,guard,"PWS guards blocked: price_out_of_range | estimated -0.4°C, bucket 0°C, price 0.00",,2026-03-24 14:18:51.301478+00
625,ruth-pws-ksea-20260324-141949974,wendy,KSEA,info,signal,"PWS anticipation: STRONG (score=0.578), METAR 43.0°F → estimated 43.6°F, bucket 42-43°F → 44-45°F","{""gap"": ""0.79"", ""conf"": ""1.00"", ""ramp"": ""-0.67"", ""score"": 0.5775000000000001, ""current"": ""42-43°F"", ""predicted"": ""44-45°F"", ""tEstimated"": ""6.45""}",2026-03-24 14:19:49.989896+00
626,ruth-pws-ksea-20260324-141949974,wendy,KSEA,info,guard,"PWS guards blocked: price_out_of_range | estimated 43.6°F, bucket 44-45°F, price 0.00",,2026-03-24 14:19:49.992747+00
627,ruth-pws-kdal-20260324-141950296,wendy,KDAL,info,signal,"PWS anticipation: STRONG (score=0.807), METAR 62.1°F → estimated 64.2°F, bucket 62-63°F → 64-65°F","{""gap"": ""1.52"", ""conf"": ""1.00"", ""ramp"": ""0.32"", ""score"": 0.8070545157048514, ""current"": ""62-63°F"", ""predicted"": ""64-65°F"", ""tEstimated"": ""17.86""}",2026-03-24 14:19:50.301657+00
628,ruth-pws-kord-20260324-141950708,wendy,KORD,info,signal,"PWS anticipation: STRONG (score=0.747), METAR 34.0°F → estimated 35.6°F, bucket 34-35°F → 36-37°F","{""gap"": ""0.79"", ""conf"": ""1.00"", ""ramp"": ""0.85"", ""score"": 0.7471778311121434, ""current"": ""34-35°F"", ""predicted"": ""36-37°F"", ""tEstimated"": ""1.99""}",2026-03-24 14:19:50.713079+00
629,ruth-pws-klga-20260324-141950942,wendy,KLGA,info,signal,"PWS anticipation: STRONG (score=0.870), METAR 37.9°F → estimated 42.9°F, bucket 38-39°F → 42-43°F","{""gap"": ""1.20"", ""conf"": ""1.00"", ""ramp"": ""6.32"", ""score"": 0.8700000000000003, ""current"": ""38-39°F"", ""predicted"": ""42-43°F"", ""tEstimated"": ""6.04""}",2026-03-24 14:19:50.945541+00
630,ruth-pws-klga-20260324-141950942,wendy,KLGA,info,guard,"PWS guards blocked: price_out_of_range | estimated 42.9°F, bucket 42-43°F, price 0.02",,2026-03-24 14:19:50.947199+00
631,ruth-pws-kmia-20260324-141951156,wendy,KMIA,info,signal,"PWS anticipation: STRONG (score=0.926), METAR 73.0°F → estimated 76.3°F, bucket 72-73°F → 76-77°F","{""gap"": ""1.45"", ""conf"": ""1.00"", ""ramp"": ""2.58"", ""score"": 0.9262499999999998, ""current"": ""72-73°F"", ""predicted"": ""76-77°F"", ""tEstimated"": ""24.59""}",2026-03-24 14:19:51.160709+00
632,ruth-pws-kmia-20260324-141951156,wendy,KMIA,info,guard,"PWS guards blocked: price_out_of_range | estimated 76.3°F, bucket 76-77°F, price 0.00",,2026-03-24 14:19:51.163865+00
633,ruth-pws-ksea-20260324-142049705,wendy,KSEA,info,signal,"PWS anticipation: STRONG (score=0.603), METAR 43.0°F → estimated 44.0°F, bucket 42-43°F → 44-45°F","{""gap"": ""0.90"", ""conf"": ""1.00"", ""ramp"": ""-0.14"", ""score"": 0.6025, ""current"": ""42-43°F"", ""predicted"": ""44-45°F"", ""tEstimated"": ""6.69""}",2026-03-24 14:20:49.72609+00
634,ruth-pws-ksea-20260324-142049705,wendy,KSEA,info,guard,"PWS guards blocked: price_out_of_range | estimated 44.0°F, bucket 44-45°F, price 0.00",,2026-03-24 14:20:49.776198+00
635,ruth-pws-kdal-20260324-142050000,wendy,KDAL,info,signal,"PWS anticipation: STRONG (score=0.742), METAR 62.1°F → estimated 63.7°F, bucket 62-63°F → 64-65°F","{""gap"": ""1.52"", ""conf"": ""1.00"", ""ramp"": ""-0.44"", ""score"": 0.7424999999999999, ""current"": ""62-63°F"", ""predicted"": ""64-65°F"", ""tEstimated"": ""17.63""}",2026-03-24 14:20:50.004667+00
636,ruth-pws-kord-20260324-142050212,wendy,KORD,info,signal,"PWS anticipation: STRONG (score=0.777), METAR 34.0°F → estimated 35.7°F, bucket 34-35°F → 36-37°F","{""gap"": ""0.79"", ""conf"": ""1.00"", ""ramp"": ""1.07"", ""score"": 0.7774999999999999, ""current"": ""34-35°F"", ""predicted"": ""36-37°F"", ""tEstimated"": ""2.05""}",2026-03-24 14:20:50.216353+00
637,ruth-pws-klga-20260324-142050401,wendy,KLGA,info,signal,"PWS anticipation: STRONG (score=0.758), METAR 37.9°F → estimated 41.0°F, bucket 38-39°F → 40-41°F","{""gap"": ""0.70"", ""conf"": ""1.00"", ""ramp"": ""3.96"", ""score"": 0.7575000000000005, ""current"": ""38-39°F"", ""predicted"": ""40-41°F"", ""tEstimated"": ""4.98""}",2026-03-24 14:20:50.404446+00
638,ruth-pws-klga-20260324-142050401,wendy,KLGA,info,guard,"PWS guards blocked: price_out_of_range | estimated 41.0°F, bucket 40-41°F, price 0.01",,2026-03-24 14:20:50.419786+00
639,ruth-pws-kmia-20260324-142050565,wendy,KMIA,info,signal,"PWS anticipation: STRONG (score=0.958), METAR 73.0°F → estimated 76.5°F, bucket 72-73°F → 76-77°F","{""gap"": ""1.59"", ""conf"": ""1.00"", ""ramp"": ""2.72"", ""score"": 0.9575, ""current"": ""72-73°F"", ""predicted"": ""76-77°F"", ""tEstimated"": ""24.73""}",2026-03-24 14:20:50.570116+00
640,ruth-pws-kmia-20260324-142050565,wendy,KMIA,info,guard,"PWS guards blocked: price_out_of_range | estimated 76.5°F, bucket 76-77°F, price 0.00",,2026-03-24 14:20:50.589177+00
641,ruth-pws-katl-20260324-142050768,wendy,KATL,info,signal,"PWS anticipation: STRONG (score=0.655), METAR 54.0°F → estimated 55.5°F, bucket 54-55°F → 56-57°F","{""gap"": ""0.24"", ""conf"": ""1.00"", ""ramp"": ""2.36"", ""score"": 0.6550000000000002, ""current"": ""54-55°F"", ""predicted"": ""56-57°F"", ""tEstimated"": ""13.08""}",2026-03-24 14:20:50.77268+00
642,ruth-pws-ksea-20260324-142149641,wendy,KSEA,info,signal,"PWS anticipation: STRONG (score=0.590), METAR 43.0°F → estimated 44.0°F, bucket 42-43°F → 44-45°F","{""gap"": ""0.84"", ""conf"": ""1.00"", ""ramp"": ""-0.06"", ""score"": 0.5900000000000001, ""current"": ""42-43°F"", ""predicted"": ""44-45°F"", ""tEstimated"": ""6.67""}",2026-03-24 14:21:49.656044+00
643,ruth-pws-ksea-20260324-142149641,wendy,KSEA,info,guard,"PWS guards blocked: price_out_of_range | estimated 44.0°F, bucket 44-45°F, price 0.00",,2026-03-24 14:21:49.663247+00
644,ruth-pws-kdal-20260324-142149832,wendy,KDAL,info,signal,"PWS anticipation: STRONG (score=0.755), METAR 62.1°F → estimated 63.9°F, bucket 62-63°F → 64-65°F","{""gap"": ""1.58"", ""conf"": ""1.00"", ""ramp"": ""-0.33"", ""score"": 0.7550000000000012, ""current"": ""62-63°F"", ""predicted"": ""64-65°F"", ""tEstimated"": ""17.70""}",2026-03-24 14:21:49.836913+00
645,ruth-pws-kord-20260324-142150009,wendy,KORD,info,signal,"PWS anticipation: STRONG (score=0.777), METAR 34.0°F → estimated 35.7°F, bucket 34-35°F → 36-37°F","{""gap"": ""0.79"", ""conf"": ""1.00"", ""ramp"": ""1.09"", ""score"": 0.7774999999999999, ""current"": ""34-35°F"", ""predicted"": ""36-37°F"", ""tEstimated"": ""2.06""}",2026-03-24 14:21:50.014478+00
646,ruth-pws-klga-20260324-142150152,wendy,KLGA,info,signal,"PWS anticipation: STRONG (score=0.732), METAR 37.9°F → estimated 39.8°F, bucket 38-39°F → 40-41°F","{""gap"": ""0.59"", ""conf"": ""1.00"", ""ramp"": ""2.12"", ""score"": 0.7324999999999999, ""current"": ""38-39°F"", ""predicted"": ""40-41°F"", ""tEstimated"": ""4.35""}",2026-03-24 14:21:50.15669+00
647,ruth-pws-klga-20260324-142150152,wendy,KLGA,info,guard,"PWS guards blocked: price_out_of_range | estimated 39.8°F, bucket 40-41°F, price 0.01",,2026-03-24 14:21:50.159646+00
648,ruth-pws-kmia-20260324-142150346,wendy,KMIA,info,signal,"PWS anticipation: STRONG (score=0.958), METAR 73.0°F → estimated 76.6°F, bucket 72-73°F → 76-77°F","{""gap"": ""1.59"", ""conf"": ""1.00"", ""ramp"": ""2.80"", ""score"": 0.9575, ""current"": ""72-73°F"", ""predicted"": ""76-77°F"", ""tEstimated"": ""24.75""}",2026-03-24 14:21:50.349381+00
649,ruth-pws-kmia-20260324-142150346,wendy,KMIA,info,guard,"PWS guards blocked: price_out_of_range | estimated 76.6°F, bucket 76-77°F, price 0.00",,2026-03-24 14:21:50.35181+00
650,ruth-pws-ksea-20260324-142249633,wendy,KSEA,info,signal,"PWS anticipation: STRONG (score=0.596), METAR 43.0°F → estimated 44.1°F, bucket 42-43°F → 44-45°F","{""gap"": ""0.84"", ""conf"": ""1.00"", ""ramp"": ""0.03"", ""score"": 0.5960357271718356, ""current"": ""42-43°F"", ""predicted"": ""44-45°F"", ""tEstimated"": ""6.70""}",2026-03-24 14:22:49.658665+00
651,ruth-pws-ksea-20260324-142249633,wendy,KSEA,info,guard,"PWS guards blocked: price_out_of_range | estimated 44.1°F, bucket 44-45°F, price 0.00",,2026-03-24 14:22:49.66091+00
652,ruth-pws-kdal-20260324-142249830,wendy,KDAL,info,signal,"PWS anticipation: STRONG (score=0.780), METAR 62.1°F → estimated 64.1°F, bucket 62-63°F → 64-65°F","{""gap"": ""1.69"", ""conf"": ""1.00"", ""ramp"": ""-0.21"", ""score"": 0.7799999999999995, ""current"": ""62-63°F"", ""predicted"": ""64-65°F"", ""tEstimated"": ""17.82""}",2026-03-24 14:22:49.83423+00
653,ruth-pws-kord-20260324-142249999,wendy,KORD,info,signal,"PWS anticipation: STRONG (score=0.777), METAR 34.0°F → estimated 35.7°F, bucket 34-35°F → 36-37°F","{""gap"": ""0.79"", ""conf"": ""1.00"", ""ramp"": ""1.12"", ""score"": 0.7774999999999999, ""current"": ""34-35°F"", ""predicted"": ""36-37°F"", ""tEstimated"": ""2.07""}",2026-03-24 14:22:50.003932+00
654,ruth-pws-kmia-20260324-142250412,wendy,KMIA,info,signal,"PWS anticipation: STRONG (score=0.958), METAR 73.0°F → estimated 76.3°F, bucket 72-73°F → 76-77°F","{""gap"": ""1.59"", ""conf"": ""1.00"", ""ramp"": ""2.39"", ""score"": 0.9575, ""current"": ""72-73°F"", ""predicted"": ""76-77°F"", ""tEstimated"": ""24.63""}",2026-03-24 14:22:50.415964+00
655,ruth-pws-kmia-20260324-142250412,wendy,KMIA,info,guard,"PWS guards blocked: price_out_of_range | estimated 76.3°F, bucket 76-77°F, price 0.00",,2026-03-24 14:22:50.418583+00
656,ruth-pws-katl-20260324-142250615,wendy,KATL,info,signal,"PWS anticipation: STRONG (score=0.680), METAR 54.0°F → estimated 55.7°F, bucket 54-55°F → 56-57°F","{""gap"": ""0.36"", ""conf"": ""1.00"", ""ramp"": ""2.30"", ""score"": 0.6800000000000002, ""current"": ""54-55°F"", ""predicted"": ""56-57°F"", ""tEstimated"": ""13.14""}",2026-03-24 14:22:50.619256+00
657,ruth-pws-ksea-20260324-142349742,wendy,KSEA,info,signal,"PWS anticipation: STRONG (score=0.586), METAR 43.0°F → estimated 44.0°F, bucket 42-43°F → 44-45°F","{""gap"": ""0.79"", ""conf"": ""1.00"", ""ramp"": ""0.04"", ""score"": 0.5855466680104048, ""current"": ""42-43°F"", ""predicted"": ""44-45°F"", ""tEstimated"": ""6.66""}",2026-03-24 14:23:49.756263+00
658,ruth-pws-ksea-20260324-142349742,wendy,KSEA,info,guard,"PWS guards blocked: price_out_of_range | estimated 44.0°F, bucket 44-45°F, price 0.00",,2026-03-24 14:23:49.808913+00
659,ruth-pws-kdal-20260324-142349958,wendy,KDAL,info,signal,"PWS anticipation: STRONG (score=0.849), METAR 62.1°F → estimated 64.4°F, bucket 62-63°F → 64-65°F","{""gap"": ""1.69"", ""conf"": ""1.00"", ""ramp"": ""0.34"", ""score"": 0.8486116063064665, ""current"": ""62-63°F"", ""predicted"": ""64-65°F"", ""tEstimated"": ""17.99""}",2026-03-24 14:23:49.962724+00
660,ruth-pws-kord-20260324-142350166,wendy,KORD,info,signal,"PWS anticipation: STRONG (score=0.777), METAR 34.0°F → estimated 35.7°F, bucket 34-35°F → 36-37°F","{""gap"": ""0.79"", ""conf"": ""1.00"", ""ramp"": ""1.01"", ""score"": 0.7774999999999999, ""current"": ""34-35°F"", ""predicted"": ""36-37°F"", ""tEstimated"": ""2.03""}",2026-03-24 14:23:50.17046+00
661,ruth-pws-kmia-20260324-142350501,wendy,KMIA,info,signal,"PWS anticipation: STRONG (score=0.933), METAR 73.0°F → estimated 76.0°F, bucket 72-73°F → 76-77°F","{""gap"": ""1.48"", ""conf"": ""1.00"", ""ramp"": ""1.98"", ""score"": 0.9325000000000001, ""current"": ""72-73°F"", ""predicted"": ""76-77°F"", ""tEstimated"": ""24.43""}",2026-03-24 14:23:50.506515+00
662,ruth-pws-kmia-20260324-142350501,wendy,KMIA,info,guard,"PWS guards blocked: price_out_of_range | estimated 76.0°F, bucket 76-77°F, price 0.00",,2026-03-24 14:23:50.518153+00
663,ruth-pws-katl-20260324-142350680,wendy,KATL,info,signal,"PWS anticipation: STRONG (score=0.680), METAR 54.0°F → estimated 55.6°F, bucket 54-55°F → 56-57°F","{""gap"": ""0.36"", ""conf"": ""1.00"", ""ramp"": ""2.24"", ""score"": 0.6800000000000002, ""current"": ""54-55°F"", ""predicted"": ""56-57°F"", ""tEstimated"": ""13.12""}",2026-03-24 14:23:50.683743+00
664,ruth-metar-eglc-20260324-142417252,wendy,EGLC,info,signal,"METAR: 13°C, max=13°C, bucket=13°C","{""prevBucket"": ""13°C""}",2026-03-24 14:24:17.268862+00
665,ruth-pws-ksea-20260324-142449681,wendy,KSEA,info,signal,"PWS anticipation: STRONG (score=0.582), METAR 43.0°F → estimated 44.0°F, bucket 42-43°F → 44-45°F","{""gap"": ""0.79"", ""conf"": ""1.00"", ""ramp"": ""0.02"", ""score"": 0.5815123634787058, ""current"": ""42-43°F"", ""predicted"": ""44-45°F"", ""tEstimated"": ""6.66""}",2026-03-24 14:24:49.702702+00
666,ruth-pws-ksea-20260324-142449681,wendy,KSEA,info,guard,"PWS guards blocked: price_out_of_range | estimated 44.0°F, bucket 44-45°F, price 0.00",,2026-03-24 14:24:49.70631+00
667,ruth-pws-kdal-20260324-142449981,wendy,KDAL,info,signal,"PWS anticipation: STRONG (score=0.980), METAR 62.1°F → estimated 64.7°F, bucket 62-63°F → 64-65°F","{""gap"": ""1.69"", ""conf"": ""1.00"", ""ramp"": ""1.03"", ""score"": 0.9799999999999995, ""current"": ""62-63°F"", ""predicted"": ""64-65°F"", ""tEstimated"": ""18.19""}",2026-03-24 14:24:49.986342+00
668,ruth-pws-kord-20260324-142450198,wendy,KORD,info,signal,"PWS anticipation: STRONG (score=0.772), METAR 34.0°F → estimated 35.6°F, bucket 34-35°F → 36-37°F","{""gap"": ""0.79"", ""conf"": ""1.00"", ""ramp"": ""0.97"", ""score"": 0.7715206117612664, ""current"": ""34-35°F"", ""predicted"": ""36-37°F"", ""tEstimated"": ""2.02""}",2026-03-24 14:24:50.201541+00
669,ruth-pws-kmia-20260324-142450538,wendy,KMIA,info,signal,"PWS anticipation: STRONG (score=0.933), METAR 73.0°F → estimated 75.9°F, bucket 72-73°F → 76-77°F","{""gap"": ""1.48"", ""conf"": ""1.00"", ""ramp"": ""1.80"", ""score"": 0.9325000000000001, ""current"": ""72-73°F"", ""predicted"": ""76-77°F"", ""tEstimated"": ""24.37""}",2026-03-24 14:24:50.54254+00
670,ruth-pws-kmia-20260324-142450538,wendy,KMIA,info,guard,"PWS guards blocked: price_out_of_range | estimated 75.9°F, bucket 76-77°F, price 0.00",,2026-03-24 14:24:50.545523+00
671,ruth-pws-katl-20260324-142450699,wendy,KATL,info,signal,"PWS anticipation: STRONG (score=0.705), METAR 54.0°F → estimated 55.9°F, bucket 54-55°F → 56-57°F","{""gap"": ""0.47"", ""conf"": ""1.00"", ""ramp"": ""2.48"", ""score"": 0.7049999999999996, ""current"": ""54-55°F"", ""predicted"": ""56-57°F"", ""tEstimated"": ""13.27""}",2026-03-24 14:24:50.703358+00
672,ruth-pws-lfpg-20260324-142451015,wendy,LFPG,info,signal,"PWS anticipation: WEAK (score=0.046), METAR 19.0°C → estimated 18.4°C, bucket 19°C → 18°C","{""gap"": ""-0.39"", ""conf"": ""0.33"", ""ramp"": ""-1.78"", ""score"": 0.04583333333333324, ""current"": ""19°C"", ""predicted"": ""18°C"", ""tEstimated"": ""18.39""}",2026-03-24 14:24:51.019005+00
673,ruth-pws-ksea-20260324-142549651,wendy,KSEA,info,signal,"PWS anticipation: STRONG (score=0.586), METAR 43.0°F → estimated 44.0°F, bucket 42-43°F → 44-45°F","{""gap"": ""0.79"", ""conf"": ""1.00"", ""ramp"": ""0.04"", ""score"": 0.5855625839865121, ""current"": ""42-43°F"", ""predicted"": ""44-45°F"", ""tEstimated"": ""6.66""}",2026-03-24 14:25:49.670072+00
674,ruth-pws-ksea-20260324-142549651,wendy,KSEA,info,guard,"PWS guards blocked: price_out_of_range | estimated 44.0°F, bucket 44-45°F, price 0.00",,2026-03-24 14:25:49.672712+00
675,ruth-pws-kdal-20260324-142549809,wendy,KDAL,info,signal,"PWS anticipation: STRONG (score=0.980), METAR 62.1°F → estimated 64.7°F, bucket 62-63°F → 64-65°F","{""gap"": ""1.69"", ""conf"": ""1.00"", ""ramp"": ""1.03"", ""score"": 0.9799999999999995, ""current"": ""62-63°F"", ""predicted"": ""64-65°F"", ""tEstimated"": ""18.19""}",2026-03-24 14:25:49.812673+00
676,ruth-pws-kord-20260324-142549950,wendy,KORD,info,signal,"PWS anticipation: STRONG (score=0.747), METAR 34.0°F → estimated 35.6°F, bucket 34-35°F → 36-37°F","{""gap"": ""0.79"", ""conf"": ""1.00"", ""ramp"": ""0.85"", ""score"": 0.7472977756964975, ""current"": ""34-35°F"", ""predicted"": ""36-37°F"", ""tEstimated"": ""1.99""}",2026-03-24 14:25:49.954435+00
677,ruth-pws-kmia-20260324-142550310,wendy,KMIA,info,signal,"PWS anticipation: STRONG (score=1.000), METAR 73.0°F → estimated 76.5°F, bucket 72-73°F → 76-77°F","{""gap"": ""1.78"", ""conf"": ""1.00"", ""ramp"": ""2.27"", ""score"": 1, ""current"": ""72-73°F"", ""predicted"": ""76-77°F"", ""tEstimated"": ""24.73""}",2026-03-24 14:25:50.314703+00
678,ruth-pws-kmia-20260324-142550310,wendy,KMIA,info,guard,"PWS guards blocked: price_out_of_range | estimated 76.5°F, bucket 76-77°F, price 0.00",,2026-03-24 14:25:50.317318+00
679,ruth-pws-katl-20260324-142550479,wendy,KATL,info,signal,"PWS anticipation: STRONG (score=0.718), METAR 54.0°F → estimated 56.1°F, bucket 54-55°F → 56-57°F","{""gap"": ""0.52"", ""conf"": ""1.00"", ""ramp"": ""2.67"", ""score"": 0.7175, ""current"": ""54-55°F"", ""predicted"": ""56-57°F"", ""tEstimated"": ""13.37""}",2026-03-24 14:25:50.483214+00
680,ruth-pws-eglc-20260324-142550655,wendy,EGLC,info,signal,"PWS anticipation: WEAK (score=0.083), METAR 13.0°C → estimated 12.4°C, bucket 13°C → 12°C","{""gap"": ""-0.22"", ""conf"": ""0.33"", ""ramp"": ""-1.76"", ""score"": 0.08333333333333351, ""current"": ""13°C"", ""predicted"": ""12°C"", ""tEstimated"": ""12.42""}",2026-03-24 14:25:50.659356+00
681,ruth-pws-lfpg-20260324-142550807,wendy,LFPG,info,signal,"PWS anticipation: WEAK (score=0.033), METAR 19.0°C → estimated 18.3°C, bucket 19°C → 18°C","{""gap"": ""-0.44"", ""conf"": ""0.33"", ""ramp"": ""-1.97"", ""score"": 0.03333333333333369, ""current"": ""19°C"", ""predicted"": ""18°C"", ""tEstimated"": ""18.32""}",2026-03-24 14:25:50.810428+00
682,ruth-pws-ksea-20260324-142649649,wendy,KSEA,info,signal,"PWS anticipation: STRONG (score=0.571), METAR 43.0°F → estimated 43.9°F, bucket 42-43°F → 44-45°F","{""gap"": ""0.76"", ""conf"": ""1.00"", ""ramp"": ""-0.11"", ""score"": 0.5712500000000005, ""current"": ""42-43°F"", ""predicted"": ""44-45°F"", ""tEstimated"": ""6.60""}",2026-03-24 14:26:49.674432+00
683,ruth-pws-ksea-20260324-142649649,wendy,KSEA,info,guard,"PWS guards blocked: price_out_of_range | estimated 43.9°F, bucket 44-45°F, price 0.00",,2026-03-24 14:26:49.685767+00
684,ruth-pws-kdal-20260324-142649832,wendy,KDAL,info,signal,"PWS anticipation: STRONG (score=0.980), METAR 62.1°F → estimated 64.7°F, bucket 62-63°F → 64-65°F","{""gap"": ""1.69"", ""conf"": ""1.00"", ""ramp"": ""1.00"", ""score"": 0.9799999999999995, ""current"": ""62-63°F"", ""predicted"": ""64-65°F"", ""tEstimated"": ""18.18""}",2026-03-24 14:26:49.837027+00
685,ruth-pws-kord-20260324-142650014,wendy,KORD,info,signal,"PWS anticipation: STRONG (score=0.803), METAR 34.0°F → estimated 35.8°F, bucket 34-35°F → 36-37°F","{""gap"": ""0.90"", ""conf"": ""1.00"", ""ramp"": ""1.01"", ""score"": 0.8025000000000002, ""current"": ""34-35°F"", ""predicted"": ""36-37°F"", ""tEstimated"": ""2.12""}",2026-03-24 14:26:50.018541+00
686,ruth-pws-kmia-20260324-142650295,wendy,KMIA,info,signal,"PWS anticipation: STRONG (score=1.000), METAR 73.0°F → estimated 76.7°F, bucket 72-73°F → 76-77°F","{""gap"": ""1.78"", ""conf"": ""1.00"", ""ramp"": ""2.58"", ""score"": 1, ""current"": ""72-73°F"", ""predicted"": ""76-77°F"", ""tEstimated"": ""24.82""}",2026-03-24 14:26:50.299408+00
687,ruth-pws-kmia-20260324-142650295,wendy,KMIA,info,guard,"PWS guards blocked: price_out_of_range | estimated 76.7°F, bucket 76-77°F, price 0.00",,2026-03-24 14:26:50.31437+00
688,ruth-pws-katl-20260324-142650474,wendy,KATL,info,signal,"PWS anticipation: STRONG (score=0.743), METAR 54.0°F → estimated 56.4°F, bucket 54-55°F → 56-57°F","{""gap"": ""0.63"", ""conf"": ""1.00"", ""ramp"": ""3.12"", ""score"": 0.7425000000000004, ""current"": ""54-55°F"", ""predicted"": ""56-57°F"", ""tEstimated"": ""13.58""}",2026-03-24 14:26:50.478149+00
689,ruth-pws-eglc-20260324-142650628,wendy,EGLC,info,signal,"PWS anticipation: WEAK (score=0.083), METAR 13.0°C → estimated 12.3°C, bucket 13°C → 12°C","{""gap"": ""-0.22"", ""conf"": ""0.33"", ""ramp"": ""-2.18"", ""score"": 0.08333333333333351, ""current"": ""13°C"", ""predicted"": ""12°C"", ""tEstimated"": ""12.29""}",2026-03-24 14:26:50.631802+00
690,ruth-pws-lfpg-20260324-142650809,wendy,LFPG,info,signal,"PWS anticipation: WEAK (score=0.033), METAR 19.0°C → estimated 18.2°C, bucket 19°C → 18°C","{""gap"": ""-0.44"", ""conf"": ""0.33"", ""ramp"": ""-2.33"", ""score"": 0.03333333333333369, ""current"": ""19°C"", ""predicted"": ""18°C"", ""tEstimated"": ""18.21""}",2026-03-24 14:26:50.812894+00
691,ruth-pws-cyyz-20260324-142650953,wendy,CYYZ,info,signal,"PWS anticipation: STRONG (score=0.725), METAR -1.0°C → estimated -0.4°C, bucket -1°C → 0°C","{""gap"": ""0.56"", ""conf"": ""1.00"", ""ramp"": ""1.12"", ""score"": 0.7249999999999999, ""current"": ""-1°C"", ""predicted"": ""0°C"", ""tEstimated"": ""-0.39""}",2026-03-24 14:26:50.956485+00
692,ruth-pws-cyyz-20260324-142650953,wendy,CYYZ,info,guard,"PWS guards blocked: price_out_of_range | estimated -0.4°C, bucket 0°C, price 0.00",,2026-03-24 14:26:50.968387+00
693,ruth-pws-ksea-20260324-142749660,wendy,KSEA,info,signal,"PWS anticipation: STRONG (score=0.571), METAR 43.0°F → estimated 43.8°F, bucket 42-43°F → 44-45°F","{""gap"": ""0.76"", ""conf"": ""1.00"", ""ramp"": ""-0.29"", ""score"": 0.5712500000000005, ""current"": ""42-43°F"", ""predicted"": ""44-45°F"", ""tEstimated"": ""6.55""}",2026-03-24 14:27:49.684363+00
694,ruth-pws-ksea-20260324-142749660,wendy,KSEA,info,guard,"PWS guards blocked: price_out_of_range | estimated 43.8°F, bucket 44-45°F, price 0.00",,2026-03-24 14:27:49.687199+00
695,ruth-pws-kdal-20260324-142749825,wendy,KDAL,info,signal,"PWS anticipation: STRONG (score=0.956), METAR 62.1°F → estimated 64.7°F, bucket 62-63°F → 64-65°F","{""gap"": ""1.69"", ""conf"": ""1.00"", ""ramp"": ""0.88"", ""score"": 0.9557869632879117, ""current"": ""62-63°F"", ""predicted"": ""64-65°F"", ""tEstimated"": ""18.15""}",2026-03-24 14:27:49.828741+00
696,ruth-pws-kord-20260324-142749975,wendy,KORD,info,signal,"PWS anticipation: STRONG (score=0.803), METAR 34.0°F → estimated 35.9°F, bucket 34-35°F → 36-37°F","{""gap"": ""0.90"", ""conf"": ""1.00"", ""ramp"": ""1.09"", ""score"": 0.8025000000000002, ""current"": ""34-35°F"", ""predicted"": ""36-37°F"", ""tEstimated"": ""2.15""}",2026-03-24 14:27:49.979289+00
697,ruth-pws-kmia-20260324-142750379,wendy,KMIA,info,signal,"PWS anticipation: STRONG (score=1.000), METAR 73.0°F → estimated 76.7°F, bucket 72-73°F → 76-77°F","{""gap"": ""1.78"", ""conf"": ""1.00"", ""ramp"": ""2.62"", ""score"": 1, ""current"": ""72-73°F"", ""predicted"": ""76-77°F"", ""tEstimated"": ""24.84""}",2026-03-24 14:27:50.383872+00
698,ruth-pws-kmia-20260324-142750379,wendy,KMIA,info,guard,"PWS guards blocked: price_out_of_range | estimated 76.7°F, bucket 76-77°F, price 0.00",,2026-03-24 14:27:50.387788+00
699,ruth-pws-katl-20260324-142750543,wendy,KATL,info,signal,"PWS anticipation: STRONG (score=0.743), METAR 54.0°F → estimated 56.5°F, bucket 54-55°F → 56-57°F","{""gap"": ""0.63"", ""conf"": ""1.00"", ""ramp"": ""3.27"", ""score"": 0.7425000000000004, ""current"": ""54-55°F"", ""predicted"": ""56-57°F"", ""tEstimated"": ""13.63""}",2026-03-24 14:27:50.546247+00
700,ruth-pws-eglc-20260324-142750780,wendy,EGLC,info,signal,"PWS anticipation: WEAK (score=0.083), METAR 13.0°C → estimated 12.3°C, bucket 13°C → 12°C","{""gap"": ""-0.22"", ""conf"": ""0.33"", ""ramp"": ""-2.12"", ""score"": 0.08333333333333351, ""current"": ""13°C"", ""predicted"": ""12°C"", ""tEstimated"": ""12.31""}",2026-03-24 14:27:50.785321+00
701,ruth-pws-lfpg-20260324-142750957,wendy,LFPG,info,signal,"PWS anticipation: WEAK (score=0.021), METAR 19.0°C → estimated 18.1°C, bucket 19°C → 18°C","{""gap"": ""-0.50"", ""conf"": ""0.33"", ""ramp"": ""-2.70"", ""score"": 0.02083333333333333, ""current"": ""19°C"", ""predicted"": ""18°C"", ""tEstimated"": ""18.09""}",2026-03-24 14:27:50.960389+00
702,ruth-pws-cyyz-20260324-142751109,wendy,CYYZ,info,signal,"PWS anticipation: STRONG (score=0.750), METAR -1.0°C → estimated -0.1°C, bucket -1°C → 0°C","{""gap"": ""0.67"", ""conf"": ""1.00"", ""ramp"": ""1.82"", ""score"": 0.7499999999999998, ""current"": ""-1°C"", ""predicted"": ""0°C"", ""tEstimated"": ""-0.12""}",2026-03-24 14:27:51.113017+00
703,ruth-pws-cyyz-20260324-142751109,wendy,CYYZ,info,guard,"PWS guards blocked: price_out_of_range | estimated -0.1°C, bucket 0°C, price 0.00",,2026-03-24 14:27:51.115804+00
704,ruth-pws-ksea-20260324-142849660,wendy,KSEA,info,signal,"PWS anticipation: STRONG (score=0.571), METAR 43.0°F → estimated 43.7°F, bucket 42-43°F → 44-45°F","{""gap"": ""0.76"", ""conf"": ""1.00"", ""ramp"": ""-0.45"", ""score"": 0.5712500000000005, ""current"": ""42-43°F"", ""predicted"": ""44-45°F"", ""tEstimated"": ""6.50""}",2026-03-24 14:28:49.677044+00
705,ruth-pws-ksea-20260324-142849660,wendy,KSEA,info,guard,"PWS guards blocked: price_out_of_range | estimated 43.7°F, bucket 44-45°F, price 0.00",,2026-03-24 14:28:49.679747+00
706,ruth-pws-kdal-20260324-142849834,wendy,KDAL,info,signal,"PWS anticipation: STRONG (score=0.980), METAR 62.1°F → estimated 64.8°F, bucket 62-63°F → 64-65°F","{""gap"": ""1.69"", ""conf"": ""1.00"", ""ramp"": ""1.21"", ""score"": 0.9799999999999995, ""current"": ""62-63°F"", ""predicted"": ""64-65°F"", ""tEstimated"": ""18.25""}",2026-03-24 14:28:49.840504+00
707,ruth-pws-kord-20260324-142849995,wendy,KORD,info,signal,"PWS anticipation: STRONG (score=0.815), METAR 34.0°F → estimated 36.0°F, bucket 34-35°F → 36-37°F","{""gap"": ""0.96"", ""conf"": ""1.00"", ""ramp"": ""1.18"", ""score"": 0.8150000000000004, ""current"": ""34-35°F"", ""predicted"": ""36-37°F"", ""tEstimated"": ""2.22""}",2026-03-24 14:28:50.000496+00
708,ruth-pws-kmia-20260324-142850342,wendy,KMIA,info,signal,"PWS anticipation: STRONG (score=1.000), METAR 73.0°F → estimated 76.7°F, bucket 72-73°F → 76-77°F","{""gap"": ""1.84"", ""conf"": ""1.00"", ""ramp"": ""2.56"", ""score"": 1, ""current"": ""72-73°F"", ""predicted"": ""76-77°F"", ""tEstimated"": ""24.86""}",2026-03-24 14:28:50.345715+00
709,ruth-pws-kmia-20260324-142850342,wendy,KMIA,info,guard,"PWS guards blocked: price_out_of_range | estimated 76.7°F, bucket 76-77°F, price 0.00",,2026-03-24 14:28:50.348465+00
710,ruth-pws-katl-20260324-142850491,wendy,KATL,info,signal,"PWS anticipation: STRONG (score=0.767), METAR 54.0°F → estimated 56.8°F, bucket 54-55°F → 56-57°F","{""gap"": ""0.74"", ""conf"": ""1.00"", ""ramp"": ""3.61"", ""score"": 0.7674999999999998, ""current"": ""54-55°F"", ""predicted"": ""56-57°F"", ""tEstimated"": ""13.80""}",2026-03-24 14:28:50.495093+00
711,ruth-pws-eglc-20260324-142850687,wendy,EGLC,info,signal,"PWS anticipation: WEAK (score=0.083), METAR 13.0°C → estimated 12.4°C, bucket 13°C → 12°C","{""gap"": ""-0.22"", ""conf"": ""0.33"", ""ramp"": ""-1.88"", ""score"": 0.08333333333333351, ""current"": ""13°C"", ""predicted"": ""12°C"", ""tEstimated"": ""12.38""}",2026-03-24 14:28:50.691149+00
712,ruth-pws-lfpg-20260324-142850852,wendy,LFPG,info,signal,"PWS anticipation: WEAK (score=0.033), METAR 19.0°C → estimated 18.1°C, bucket 19°C → 18°C","{""gap"": ""-0.44"", ""conf"": ""0.33"", ""ramp"": ""-2.73"", ""score"": 0.03333333333333369, ""current"": ""19°C"", ""predicted"": ""18°C"", ""tEstimated"": ""18.09""}",2026-03-24 14:28:50.856361+00
713,ruth-pws-cyyz-20260324-142851028,wendy,CYYZ,info,signal,"PWS anticipation: STRONG (score=0.750), METAR -1.0°C → estimated -0.0°C, bucket -1°C → 0°C","{""gap"": ""0.67"", ""conf"": ""1.00"", ""ramp"": ""2.06"", ""score"": 0.7499999999999998, ""current"": ""-1°C"", ""predicted"": ""0°C"", ""tEstimated"": ""-0.05""}",2026-03-24 14:28:51.033543+00
714,ruth-pws-cyyz-20260324-142851028,wendy,CYYZ,info,guard,"PWS guards blocked: price_out_of_range | estimated -0.0°C, bucket 0°C, price 0.00",,2026-03-24 14:28:51.036466+00
715,ruth-pws-kdal-20260324-142949836,wendy,KDAL,info,signal,"PWS anticipation: STRONG (score=0.980), METAR 62.1°F → estimated 64.7°F, bucket 62-63°F → 64-65°F","{""gap"": ""1.69"", ""conf"": ""1.00"", ""ramp"": ""1.00"", ""score"": 0.9799999999999995, ""current"": ""62-63°F"", ""predicted"": ""64-65°F"", ""tEstimated"": ""18.18""}",2026-03-24 14:29:49.851587+00
716,ruth-pws-kord-20260324-142950013,wendy,KORD,info,signal,"PWS anticipation: STRONG (score=0.827), METAR 34.0°F → estimated 36.1°F, bucket 34-35°F → 36-37°F","{""gap"": ""1.01"", ""conf"": ""1.00"", ""ramp"": ""1.27"", ""score"": 0.8274999999999997, ""current"": ""34-35°F"", ""predicted"": ""36-37°F"", ""tEstimated"": ""2.29""}",2026-03-24 14:29:50.01718+00
717,ruth-pws-kmia-20260324-142950364,wendy,KMIA,info,signal,"PWS anticipation: STRONG (score=1.000), METAR 73.0°F → estimated 76.7°F, bucket 72-73°F → 76-77°F","{""gap"": ""1.87"", ""conf"": ""1.00"", ""ramp"": ""2.38"", ""score"": 1, ""current"": ""72-73°F"", ""predicted"": ""76-77°F"", ""tEstimated"": ""24.82""}",2026-03-24 14:29:50.367747+00
718,ruth-pws-kmia-20260324-142950364,wendy,KMIA,info,guard,"PWS guards blocked: price_out_of_range | estimated 76.7°F, bucket 76-77°F, price 0.00",,2026-03-24 14:29:50.382253+00
719,ruth-pws-katl-20260324-142950549,wendy,KATL,info,signal,"PWS anticipation: STRONG (score=0.793), METAR 54.0°F → estimated 57.2°F, bucket 54-55°F → 56-57°F","{""gap"": ""0.86"", ""conf"": ""1.00"", ""ramp"": ""4.09"", ""score"": 0.7925000000000002, ""current"": ""54-55°F"", ""predicted"": ""56-57°F"", ""tEstimated"": ""14.03""}",2026-03-24 14:29:50.552433+00
720,ruth-pws-lfpg-20260324-142950919,wendy,LFPG,info,signal,"PWS anticipation: WEAK (score=0.058), METAR 19.0°C → estimated 18.3°C, bucket 19°C → 18°C","{""gap"": ""-0.33"", ""conf"": ""0.33"", ""ramp"": ""-2.12"", ""score"": 0.05833333333333279, ""current"": ""19°C"", ""predicted"": ""18°C"", ""tEstimated"": ""18.30""}",2026-03-24 14:29:50.923617+00
721,ruth-pws-cyyz-20260324-142951066,wendy,CYYZ,info,signal,"PWS anticipation: STRONG (score=0.762), METAR -1.0°C → estimated -0.1°C, bucket -1°C → 0°C","{""gap"": ""0.72"", ""conf"": ""1.00"", ""ramp"": ""1.94"", ""score"": 0.7625, ""current"": ""-1°C"", ""predicted"": ""0°C"", ""tEstimated"": ""-0.06""}",2026-03-24 14:29:51.069962+00
722,ruth-pws-cyyz-20260324-142951066,wendy,CYYZ,info,guard,"PWS guards blocked: price_out_of_range | estimated -0.1°C, bucket 0°C, price 0.00",,2026-03-24 14:29:51.086812+00
723,ruth-pws-kdal-20260324-143049784,wendy,KDAL,info,signal,"PWS anticipation: STRONG (score=0.919), METAR 62.1°F → estimated 64.6°F, bucket 62-63°F → 64-65°F","{""gap"": ""1.69"", ""conf"": ""1.00"", ""ramp"": ""0.70"", ""score"": 0.9194216672476621, ""current"": ""62-63°F"", ""predicted"": ""64-65°F"", ""tEstimated"": ""18.09""}",2026-03-24 14:30:49.796682+00
724,ruth-pws-kord-20260324-143049945,wendy,KORD,info,signal,"PWS anticipation: STRONG (score=0.840), METAR 34.0°F → estimated 36.4°F, bucket 34-35°F → 36-37°F","{""gap"": ""1.07"", ""conf"": ""1.00"", ""ramp"": ""1.70"", ""score"": 0.8399999999999999, ""current"": ""34-35°F"", ""predicted"": ""36-37°F"", ""tEstimated"": ""2.46""}",2026-03-24 14:30:49.948809+00
725,ruth-pws-kmia-20260324-143050231,wendy,KMIA,info,signal,"PWS anticipation: STRONG (score=1.000), METAR 73.0°F → estimated 77.5°F, bucket 72-73°F → 78-79°F","{""gap"": ""2.20"", ""conf"": ""1.00"", ""ramp"": ""3.18"", ""score"": 1, ""current"": ""72-73°F"", ""predicted"": ""78-79°F"", ""tEstimated"": ""25.29""}",2026-03-24 14:30:50.2353+00
726,ruth-pws-kmia-20260324-143050231,wendy,KMIA,info,guard,"PWS guards blocked: price_out_of_range | estimated 77.5°F, bucket 78-79°F, price 0.00",,2026-03-24 14:30:50.244787+00
727,ruth-pws-katl-20260324-143050392,wendy,KATL,info,signal,"PWS anticipation: STRONG (score=0.780), METAR 54.0°F → estimated 57.1°F, bucket 54-55°F → 56-57°F","{""gap"": ""0.80"", ""conf"": ""1.00"", ""ramp"": ""3.88"", ""score"": 0.7800000000000002, ""current"": ""54-55°F"", ""predicted"": ""56-57°F"", ""tEstimated"": ""13.92""}",2026-03-24 14:30:50.395398+00
728,ruth-pws-cyyz-20260324-143050874,wendy,CYYZ,info,signal,"PWS anticipation: STRONG (score=0.825), METAR -1.0°C → estimated 0.2°C, bucket -1°C → 0°C","{""gap"": ""1.00"", ""conf"": ""1.00"", ""ramp"": ""2.33"", ""score"": 0.825, ""current"": ""-1°C"", ""predicted"": ""0°C"", ""tEstimated"": ""0.20""}",2026-03-24 14:30:50.879175+00
729,ruth-pws-cyyz-20260324-143050874,wendy,CYYZ,info,guard,"PWS guards blocked: price_out_of_range | estimated 0.2°C, bucket 0°C, price 0.00",,2026-03-24 14:30:50.883089+00
730,ruth-pws-kdal-20260324-143149797,wendy,KDAL,info,signal,"PWS anticipation: STRONG (score=0.841), METAR 62.1°F → estimated 64.4°F, bucket 62-63°F → 64-65°F","{""gap"": ""1.69"", ""conf"": ""1.00"", ""ramp"": ""0.30"", ""score"": 0.8406274016750857, ""current"": ""62-63°F"", ""predicted"": ""64-65°F"", ""tEstimated"": ""17.97""}",2026-03-24 14:31:49.807664+00
731,ruth-pws-kord-20260324-143149955,wendy,KORD,info,signal,"PWS anticipation: STRONG (score=0.853), METAR 34.0°F → estimated 36.7°F, bucket 34-35°F → 36-37°F","{""gap"": ""1.12"", ""conf"": ""1.00"", ""ramp"": ""2.12"", ""score"": 0.8525, ""current"": ""34-35°F"", ""predicted"": ""36-37°F"", ""tEstimated"": ""2.63""}",2026-03-24 14:31:49.958235+00
732,ruth-pws-klga-20260324-143150126,wendy,KLGA,info,signal,"PWS anticipation: STRONG (score=0.760), METAR 37.9°F → estimated 39.5°F, bucket 38-39°F → 40-41°F","{""gap"": ""0.98"", ""conf"": ""1.00"", ""ramp"": ""0.70"", ""score"": 0.7595517360694717, ""current"": ""38-39°F"", ""predicted"": ""40-41°F"", ""tEstimated"": ""4.19""}",2026-03-24 14:31:50.130391+00
733,ruth-pws-klga-20260324-143150126,wendy,KLGA,info,guard,"PWS guards blocked: price_out_of_range | estimated 39.5°F, bucket 40-41°F, price 0.01",,2026-03-24 14:31:50.143128+00
734,ruth-pws-kmia-20260324-143150304,wendy,KMIA,info,signal,"PWS anticipation: STRONG (score=1.000), METAR 73.0°F → estimated 78.0°F, bucket 72-73°F → 78-79°F","{""gap"": ""2.20"", ""conf"": ""1.00"", ""ramp"": ""4.03"", ""score"": 1, ""current"": ""72-73°F"", ""predicted"": ""78-79°F"", ""tEstimated"": ""25.55""}",2026-03-24 14:31:50.309691+00
735,ruth-pws-kmia-20260324-143150304,wendy,KMIA,info,guard,"PWS guards blocked: price_out_of_range | estimated 78.0°F, bucket 78-79°F, price 0.00",,2026-03-24 14:31:50.31416+00
736,ruth-pws-katl-20260324-143150458,wendy,KATL,info,signal,"PWS anticipation: STRONG (score=0.780), METAR 54.0°F → estimated 56.9°F, bucket 54-55°F → 56-57°F","{""gap"": ""0.80"", ""conf"": ""1.00"", ""ramp"": ""3.67"", ""score"": 0.7800000000000002, ""current"": ""54-55°F"", ""predicted"": ""56-57°F"", ""tEstimated"": ""13.86""}",2026-03-24 14:31:50.462291+00
737,ruth-pws-cyyz-20260324-143151028,wendy,CYYZ,info,signal,"PWS anticipation: STRONG (score=0.825), METAR -1.0°C → estimated 0.5°C, bucket -1°C → 1°C","{""gap"": ""1.00"", ""conf"": ""1.00"", ""ramp"": ""3.48"", ""score"": 0.825, ""current"": ""-1°C"", ""predicted"": ""1°C"", ""tEstimated"": ""0.54""}",2026-03-24 14:31:51.032274+00
738,ruth-pws-cyyz-20260324-143151028,wendy,CYYZ,info,guard,"PWS guards blocked: price_out_of_range | estimated 0.5°C, bucket 1°C, price 0.00",,2026-03-24 14:31:51.035143+00
739,ruth-metar-lfpg-20260324-143217843,wendy,LFPG,info,signal,"METAR: 18°C, max=19°C, bucket=19°C","{""prevBucket"": ""19°C""}",2026-03-24 14:32:17.858874+00
740,ruth-pws-kdal-20260324-143249826,wendy,KDAL,info,signal,"PWS anticipation: STRONG (score=0.866), METAR 62.1°F → estimated 64.5°F, bucket 62-63°F → 64-65°F","{""gap"": ""1.80"", ""conf"": ""1.00"", ""ramp"": ""0.30"", ""score"": 0.8656238938063189, ""current"": ""62-63°F"", ""predicted"": ""64-65°F"", ""tEstimated"": ""18.05""}",2026-03-24 14:32:49.840636+00
741,ruth-pws-kord-20260324-143250013,wendy,KORD,info,signal,"PWS anticipation: STRONG (score=0.853), METAR 34.0°F → estimated 37.0°F, bucket 34-35°F → 36-37°F","{""gap"": ""1.12"", ""conf"": ""1.00"", ""ramp"": ""2.59"", ""score"": 0.8525, ""current"": ""34-35°F"", ""predicted"": ""36-37°F"", ""tEstimated"": ""2.77""}",2026-03-24 14:32:50.017684+00
742,ruth-pws-kmia-20260324-143250470,wendy,KMIA,info,signal,"PWS anticipation: STRONG (score=1.000), METAR 73.0°F → estimated 78.4°F, bucket 72-73°F → 78-79°F","{""gap"": ""2.14"", ""conf"": ""1.00"", ""ramp"": ""4.89"", ""score"": 1, ""current"": ""72-73°F"", ""predicted"": ""78-79°F"", ""tEstimated"": ""25.77""}",2026-03-24 14:32:50.476967+00
743,ruth-pws-kmia-20260324-143250470,wendy,KMIA,info,guard,"PWS guards blocked: price_out_of_range | estimated 78.4°F, bucket 78-79°F, price 0.00",,2026-03-24 14:32:50.500364+00
744,ruth-pws-katl-20260324-143250649,wendy,KATL,info,signal,"PWS anticipation: STRONG (score=0.805), METAR 54.0°F → estimated 57.0°F, bucket 54-55°F → 56-57°F","{""gap"": ""0.91"", ""conf"": ""1.00"", ""ramp"": ""3.46"", ""score"": 0.8050000000000002, ""current"": ""54-55°F"", ""predicted"": ""56-57°F"", ""tEstimated"": ""13.87""}",2026-03-24 14:32:50.653153+00
745,ruth-pws-lfpg-20260324-143251031,wendy,LFPG,info,signal,"PWS anticipation: WEAK (score=0.296), METAR 19.0°C → estimated 19.5°C, bucket 19°C → 20°C","{""gap"": ""-0.17"", ""conf"": ""0.33"", ""ramp"": ""1.84"", ""score"": 0.2958333333333339, ""current"": ""19°C"", ""predicted"": ""20°C"", ""tEstimated"": ""19.52""}",2026-03-24 14:32:51.034705+00
746,ruth-pws-cyyz-20260324-143251201,wendy,CYYZ,info,signal,"PWS anticipation: STRONG (score=0.800), METAR -1.0°C → estimated 0.5°C, bucket -1°C → 1°C","{""gap"": ""0.89"", ""conf"": ""1.00"", ""ramp"": ""3.54"", ""score"": 0.8, ""current"": ""-1°C"", ""predicted"": ""1°C"", ""tEstimated"": ""0.51""}",2026-03-24 14:32:51.204765+00
747,ruth-pws-cyyz-20260324-143251201,wendy,CYYZ,info,guard,"PWS guards blocked: price_out_of_range | estimated 0.5°C, bucket 1°C, price 0.00",,2026-03-24 14:32:51.227911+00
748,ruth-pws-kdal-20260324-143349806,wendy,KDAL,info,signal,"PWS anticipation: STRONG (score=0.914), METAR 62.1°F → estimated 64.6°F, bucket 62-63°F → 64-65°F","{""gap"": ""1.80"", ""conf"": ""1.00"", ""ramp"": ""0.55"", ""score"": 0.9141290233930099, ""current"": ""62-63°F"", ""predicted"": ""64-65°F"", ""tEstimated"": ""18.12""}",2026-03-24 14:33:49.817164+00
749,ruth-pws-kord-20260324-143349971,wendy,KORD,info,signal,"PWS anticipation: STRONG (score=0.865), METAR 34.0°F → estimated 37.1°F, bucket 34-35°F → 36-37°F","{""gap"": ""1.18"", ""conf"": ""1.00"", ""ramp"": ""2.58"", ""score"": 0.8650000000000002, ""current"": ""34-35°F"", ""predicted"": ""36-37°F"", ""tEstimated"": ""2.82""}",2026-03-24 14:33:49.975726+00
750,ruth-pws-klga-20260324-143350131,wendy,KLGA,info,signal,"PWS anticipation: STRONG (score=0.719), METAR 37.9°F → estimated 39.6°F, bucket 38-39°F → 40-41°F","{""gap"": ""1.20"", ""conf"": ""1.00"", ""ramp"": ""0.24"", ""score"": 0.718555400715064, ""current"": ""38-39°F"", ""predicted"": ""40-41°F"", ""tEstimated"": ""4.21""}",2026-03-24 14:33:50.134735+00
751,ruth-pws-klga-20260324-143350131,wendy,KLGA,info,guard,"PWS guards blocked: price_out_of_range | estimated 39.6°F, bucket 40-41°F, price 0.00",,2026-03-24 14:33:50.144615+00
752,ruth-pws-kmia-20260324-143350331,wendy,KMIA,info,signal,"PWS anticipation: STRONG (score=1.000), METAR 73.0°F → estimated 78.3°F, bucket 72-73°F → 78-79°F","{""gap"": ""2.20"", ""conf"": ""1.00"", ""ramp"": ""4.61"", ""score"": 1, ""current"": ""72-73°F"", ""predicted"": ""78-79°F"", ""tEstimated"": ""25.72""}",2026-03-24 14:33:50.336281+00
753,ruth-pws-kmia-20260324-143350331,wendy,KMIA,info,guard,"PWS guards blocked: price_out_of_range | estimated 78.3°F, bucket 78-79°F, price 0.00",,2026-03-24 14:33:50.339323+00
754,ruth-pws-katl-20260324-143350531,wendy,KATL,info,signal,"PWS anticipation: STRONG (score=0.830), METAR 54.0°F → estimated 57.2°F, bucket 54-55°F → 56-57°F","{""gap"": ""1.02"", ""conf"": ""1.00"", ""ramp"": ""3.55"", ""score"": 0.8300000000000001, ""current"": ""54-55°F"", ""predicted"": ""56-57°F"", ""tEstimated"": ""13.98""}",2026-03-24 14:33:50.539458+00
755,ruth-pws-cyyz-20260324-143350989,wendy,CYYZ,info,signal,"PWS anticipation: STRONG (score=0.800), METAR -1.0°C → estimated 0.4°C, bucket -1°C → 0°C","{""gap"": ""0.89"", ""conf"": ""1.00"", ""ramp"": ""3.15"", ""score"": 0.8, ""current"": ""-1°C"", ""predicted"": ""0°C"", ""tEstimated"": ""0.39""}",2026-03-24 14:33:50.993298+00
756,ruth-pws-cyyz-20260324-143350989,wendy,CYYZ,info,guard,"PWS guards blocked: price_out_of_range | estimated 0.4°C, bucket 0°C, price 0.00",,2026-03-24 14:33:50.995328+00
757,ruth-pws-ksea-20260324-143449665,wendy,KSEA,info,signal,"PWS anticipation: STRONG (score=0.559), METAR 43.0°F → estimated 43.5°F, bucket 42-43°F → 44-45°F","{""gap"": ""0.71"", ""conf"": ""1.00"", ""ramp"": ""-0.68"", ""score"": 0.5587500000000001, ""current"": ""42-43°F"", ""predicted"": ""44-45°F"", ""tEstimated"": ""6.39""}",2026-03-24 14:34:49.696904+00
758,ruth-pws-ksea-20260324-143449665,wendy,KSEA,info,guard,"PWS guards blocked: price_out_of_range | estimated 43.5°F, bucket 44-45°F, price 0.00",,2026-03-24 14:34:49.701393+00
759,ruth-pws-kdal-20260324-143449901,wendy,KDAL,info,signal,"PWS anticipation: STRONG (score=0.950), METAR 62.1°F → estimated 64.7°F, bucket 62-63°F → 64-65°F","{""gap"": ""1.80"", ""conf"": ""1.00"", ""ramp"": ""0.73"", ""score"": 0.9504813040775675, ""current"": ""62-63°F"", ""predicted"": ""64-65°F"", ""tEstimated"": ""18.18""}",2026-03-24 14:34:49.905632+00
760,ruth-pws-kord-20260324-143450124,wendy,KORD,info,signal,"PWS anticipation: STRONG (score=0.865), METAR 34.0°F → estimated 37.1°F, bucket 34-35°F → 36-37°F","{""gap"": ""1.18"", ""conf"": ""1.00"", ""ramp"": ""2.58"", ""score"": 0.8650000000000002, ""current"": ""34-35°F"", ""predicted"": ""36-37°F"", ""tEstimated"": ""2.81""}",2026-03-24 14:34:50.128073+00
761,ruth-pws-klga-20260324-143450292,wendy,KLGA,info,signal,"PWS anticipation: STRONG (score=1.000), METAR 37.9°F → estimated 41.6°F, bucket 38-39°F → 42-43°F","{""gap"": ""1.81"", ""conf"": ""1.00"", ""ramp"": ""2.64"", ""score"": 1, ""current"": ""38-39°F"", ""predicted"": ""42-43°F"", ""tEstimated"": ""5.36""}",2026-03-24 14:34:50.296633+00
762,ruth-pws-klga-20260324-143450292,wendy,KLGA,info,guard,"PWS guards blocked: price_out_of_range | estimated 41.6°F, bucket 42-43°F, price 0.03",,2026-03-24 14:34:50.299856+00
763,ruth-pws-kmia-20260324-143450450,wendy,KMIA,info,signal,"PWS anticipation: STRONG (score=1.000), METAR 73.0°F → estimated 78.3°F, bucket 72-73°F → 78-79°F","{""gap"": ""2.28"", ""conf"": ""1.00"", ""ramp"": ""4.35"", ""score"": 1, ""current"": ""72-73°F"", ""predicted"": ""78-79°F"", ""tEstimated"": ""25.70""}",2026-03-24 14:34:50.45453+00
764,ruth-pws-kmia-20260324-143450450,wendy,KMIA,info,guard,"PWS guards blocked: price_out_of_range | estimated 78.3°F, bucket 78-79°F, price 0.00",,2026-03-24 14:34:50.456929+00
765,ruth-pws-katl-20260324-143450616,wendy,KATL,info,signal,"PWS anticipation: STRONG (score=0.843), METAR 54.0°F → estimated 57.2°F, bucket 54-55°F → 56-57°F","{""gap"": ""1.08"", ""conf"": ""1.00"", ""ramp"": ""3.42"", ""score"": 0.8425000000000002, ""current"": ""54-55°F"", ""predicted"": ""56-57°F"", ""tEstimated"": ""13.98""}",2026-03-24 14:34:50.62027+00
766,ruth-pws-lfpg-20260324-143451039,wendy,LFPG,info,signal,"PWS anticipation: WEAK (score=0.163), METAR 19.0°C → estimated 19.7°C, bucket 19°C → 20°C","{""gap"": ""-0.17"", ""conf"": ""0.00"", ""ramp"": ""2.42"", ""score"": 0.16250000000000053, ""current"": ""19°C"", ""predicted"": ""20°C"", ""tEstimated"": ""19.73""}",2026-03-24 14:34:51.041749+00
767,ruth-pws-cyyz-20260324-143451193,wendy,CYYZ,info,signal,"PWS anticipation: STRONG (score=0.800), METAR -1.0°C → estimated 0.3°C, bucket -1°C → 0°C","{""gap"": ""0.89"", ""conf"": ""1.00"", ""ramp"": ""2.81"", ""score"": 0.8, ""current"": ""-1°C"", ""predicted"": ""0°C"", ""tEstimated"": ""0.29""}",2026-03-24 14:34:51.197552+00
768,ruth-pws-cyyz-20260324-143451193,wendy,CYYZ,info,guard,"PWS guards blocked: price_out_of_range | estimated 0.3°C, bucket 0°C, price 0.00",,2026-03-24 14:34:51.199773+00
769,ruth-pws-ksea-20260324-143549669,wendy,KSEA,info,signal,"PWS anticipation: MODERATE (score=0.546), METAR 43.0°F → estimated 43.5°F, bucket 42-43°F → 44-45°F","{""gap"": ""0.65"", ""conf"": ""1.00"", ""ramp"": ""-0.55"", ""score"": 0.5462500000000001, ""current"": ""42-43°F"", ""predicted"": ""44-45°F"", ""tEstimated"": ""6.39""}",2026-03-24 14:35:49.685651+00
770,ruth-pws-kdal-20260324-143549841,wendy,KDAL,info,signal,"PWS anticipation: STRONG (score=0.999), METAR 62.1°F → estimated 64.9°F, bucket 62-63°F → 64-65°F","{""gap"": ""1.80"", ""conf"": ""1.00"", ""ramp"": ""0.97"", ""score"": 0.9989382127154083, ""current"": ""62-63°F"", ""predicted"": ""64-65°F"", ""tEstimated"": ""18.25""}",2026-03-24 14:35:49.845238+00
771,ruth-pws-kord-20260324-143550019,wendy,KORD,info,signal,"PWS anticipation: STRONG (score=0.865), METAR 34.0°F → estimated 36.8°F, bucket 34-35°F → 36-37°F","{""gap"": ""1.18"", ""conf"": ""1.00"", ""ramp"": ""2.16"", ""score"": 0.8650000000000002, ""current"": ""34-35°F"", ""predicted"": ""36-37°F"", ""tEstimated"": ""2.69""}",2026-03-24 14:35:50.024865+00
772,ruth-pws-klga-20260324-143550274,wendy,KLGA,info,signal,"PWS anticipation: STRONG (score=1.000), METAR 37.9°F → estimated 43.5°F, bucket 38-39°F → 42-43°F","{""gap"": ""1.81"", ""conf"": ""1.00"", ""ramp"": ""6.02"", ""score"": 1, ""current"": ""38-39°F"", ""predicted"": ""42-43°F"", ""tEstimated"": ""6.37""}",2026-03-24 14:35:50.278219+00
773,ruth-pws-klga-20260324-143550274,wendy,KLGA,info,guard,"PWS guards blocked: price_out_of_range | estimated 43.5°F, bucket 42-43°F, price 0.03",,2026-03-24 14:35:50.295705+00
774,ruth-pws-kmia-20260324-143550467,wendy,KMIA,info,signal,"PWS anticipation: STRONG (score=1.000), METAR 73.0°F → estimated 78.3°F, bucket 72-73°F → 78-79°F","{""gap"": ""2.39"", ""conf"": ""1.00"", ""ramp"": ""4.23"", ""score"": 1, ""current"": ""72-73°F"", ""predicted"": ""78-79°F"", ""tEstimated"": ""25.75""}",2026-03-24 14:35:50.473584+00
775,ruth-pws-kmia-20260324-143550467,wendy,KMIA,info,guard,"PWS guards blocked: price_out_of_range | estimated 78.3°F, bucket 78-79°F, price 0.00",,2026-03-24 14:35:50.485198+00
776,ruth-pws-katl-20260324-143550831,wendy,KATL,info,signal,"PWS anticipation: STRONG (score=0.855), METAR 54.0°F → estimated 57.2°F, bucket 54-55°F → 56-57°F","{""gap"": ""1.13"", ""conf"": ""1.00"", ""ramp"": ""3.33"", ""score"": 0.8550000000000002, ""current"": ""54-55°F"", ""predicted"": ""56-57°F"", ""tEstimated"": ""13.99""}",2026-03-24 14:35:50.835903+00
777,ruth-pws-lfpg-20260324-143551207,wendy,LFPG,info,signal,"PWS anticipation: WEAK (score=0.163), METAR 19.0°C → estimated 19.7°C, bucket 19°C → 20°C","{""gap"": ""-0.17"", ""conf"": ""0.00"", ""ramp"": ""2.36"", ""score"": 0.16250000000000053, ""current"": ""19°C"", ""predicted"": ""20°C"", ""tEstimated"": ""19.71""}",2026-03-24 14:35:51.210535+00
778,ruth-pws-cyyz-20260324-143551406,wendy,CYYZ,info,signal,"PWS anticipation: STRONG (score=0.825), METAR -1.0°C → estimated 0.3°C, bucket -1°C → 0°C","{""gap"": ""1.00"", ""conf"": ""1.00"", ""ramp"": ""2.60"", ""score"": 0.825, ""current"": ""-1°C"", ""predicted"": ""0°C"", ""tEstimated"": ""0.28""}",2026-03-24 14:35:51.410417+00
779,ruth-pws-cyyz-20260324-143551406,wendy,CYYZ,info,guard,"PWS guards blocked: price_out_of_range | estimated 0.3°C, bucket 0°C, price 0.00",,2026-03-24 14:35:51.424383+00
780,ruth-pws-ksea-20260324-143649653,wendy,KSEA,info,signal,"PWS anticipation: MODERATE (score=0.546), METAR 43.0°F → estimated 43.5°F, bucket 42-43°F → 44-45°F","{""gap"": ""0.65"", ""conf"": ""1.00"", ""ramp"": ""-0.46"", ""score"": 0.5462500000000001, ""current"": ""42-43°F"", ""predicted"": ""44-45°F"", ""tEstimated"": ""6.42""}",2026-03-24 14:36:49.665979+00
781,ruth-pws-kdal-20260324-143649801,wendy,KDAL,info,signal,"PWS anticipation: STRONG (score=1.000), METAR 62.1°F → estimated 65.1°F, bucket 62-63°F → 64-65°F","{""gap"": ""1.91"", ""conf"": ""1.00"", ""ramp"": ""1.21"", ""score"": 1, ""current"": ""62-63°F"", ""predicted"": ""64-65°F"", ""tEstimated"": ""18.40""}",2026-03-24 14:36:49.80568+00
782,ruth-pws-kord-20260324-143649961,wendy,KORD,info,signal,"PWS anticipation: STRONG (score=0.865), METAR 34.0°F → estimated 36.7°F, bucket 34-35°F → 36-37°F","{""gap"": ""1.18"", ""conf"": ""1.00"", ""ramp"": ""1.94"", ""score"": 0.8650000000000002, ""current"": ""34-35°F"", ""predicted"": ""36-37°F"", ""tEstimated"": ""2.62""}",2026-03-24 14:36:49.964454+00
783,ruth-pws-klga-20260324-143650137,wendy,KLGA,info,signal,"PWS anticipation: STRONG (score=0.920), METAR 37.9°F → estimated 42.6°F, bucket 38-39°F → 42-43°F","{""gap"": ""1.42"", ""conf"": ""1.00"", ""ramp"": ""5.36"", ""score"": 0.9200000000000002, ""current"": ""38-39°F"", ""predicted"": ""42-43°F"", ""tEstimated"": ""5.90""}",2026-03-24 14:36:50.14056+00
784,ruth-pws-klga-20260324-143650137,wendy,KLGA,info,guard,"PWS guards blocked: price_out_of_range | estimated 42.6°F, bucket 42-43°F, price 0.03",,2026-03-24 14:36:50.151212+00
785,ruth-pws-kmia-20260324-143650292,wendy,KMIA,info,signal,"PWS anticipation: STRONG (score=1.000), METAR 73.0°F → estimated 78.2°F, bucket 72-73°F → 78-79°F","{""gap"": ""2.39"", ""conf"": ""1.00"", ""ramp"": ""4.06"", ""score"": 1, ""current"": ""72-73°F"", ""predicted"": ""78-79°F"", ""tEstimated"": ""25.69""}",2026-03-24 14:36:50.296997+00
786,ruth-pws-kmia-20260324-143650292,wendy,KMIA,info,guard,"PWS guards blocked: price_out_of_range | estimated 78.2°F, bucket 78-79°F, price 0.00",,2026-03-24 14:36:50.299702+00
787,ruth-pws-katl-20260324-143650495,wendy,KATL,info,signal,"PWS anticipation: STRONG (score=0.855), METAR 54.0°F → estimated 57.2°F, bucket 54-55°F → 56-57°F","{""gap"": ""1.13"", ""conf"": ""1.00"", ""ramp"": ""3.31"", ""score"": 0.8550000000000002, ""current"": ""54-55°F"", ""predicted"": ""56-57°F"", ""tEstimated"": ""13.99""}",2026-03-24 14:36:50.498641+00
788,ruth-pws-lfpg-20260324-143650940,wendy,LFPG,info,signal,"PWS anticipation: WEAK (score=0.150), METAR 19.0°C → estimated 19.6°C, bucket 19°C → 20°C","{""gap"": ""-0.22"", ""conf"": ""0.00"", ""ramp"": ""1.92"", ""score"": 0.1500000000000002, ""current"": ""19°C"", ""predicted"": ""20°C"", ""tEstimated"": ""19.58""}",2026-03-24 14:36:50.944281+00
789,ruth-pws-cyyz-20260324-143651114,wendy,CYYZ,info,signal,"PWS anticipation: STRONG (score=0.850), METAR -1.0°C → estimated 0.3°C, bucket -1°C → 0°C","{""gap"": ""1.11"", ""conf"": ""1.00"", ""ramp"": ""2.44"", ""score"": 0.8500000000000003, ""current"": ""-1°C"", ""predicted"": ""0°C"", ""tEstimated"": ""0.29""}",2026-03-24 14:36:51.117549+00
790,ruth-pws-cyyz-20260324-143651114,wendy,CYYZ,info,guard,"PWS guards blocked: price_out_of_range | estimated 0.3°C, bucket 0°C, price 0.00",,2026-03-24 14:36:51.120394+00
791,ruth-pws-ksea-20260324-143749654,wendy,KSEA,info,signal,"PWS anticipation: MODERATE (score=0.546), METAR 43.0°F → estimated 43.6°F, bucket 42-43°F → 44-45°F","{""gap"": ""0.65"", ""conf"": ""1.00"", ""ramp"": ""-0.45"", ""score"": 0.5462500000000001, ""current"": ""42-43°F"", ""predicted"": ""44-45°F"", ""tEstimated"": ""6.42""}",2026-03-24 14:37:49.679873+00
792,ruth-pws-kdal-20260324-143749881,wendy,KDAL,info,signal,"PWS anticipation: STRONG (score=1.000), METAR 62.1°F → estimated 65.7°F, bucket 62-63°F → 66-67°F","{""gap"": ""2.02"", ""conf"": ""1.00"", ""ramp"": ""1.98"", ""score"": 1, ""current"": ""62-63°F"", ""predicted"": ""66-67°F"", ""tEstimated"": ""18.71""}",2026-03-24 14:37:49.885131+00
793,ruth-pws-kord-20260324-143750088,wendy,KORD,info,signal,"PWS anticipation: STRONG (score=0.865), METAR 34.0°F → estimated 36.5°F, bucket 34-35°F → 36-37°F","{""gap"": ""1.18"", ""conf"": ""1.00"", ""ramp"": ""1.43"", ""score"": 0.8650000000000002, ""current"": ""34-35°F"", ""predicted"": ""36-37°F"", ""tEstimated"": ""2.47""}",2026-03-24 14:37:50.093533+00
794,ruth-pws-klga-20260324-143750303,wendy,KLGA,info,signal,"PWS anticipation: STRONG (score=0.845), METAR 37.9°F → estimated 42.2°F, bucket 38-39°F → 42-43°F","{""gap"": ""1.09"", ""conf"": ""1.00"", ""ramp"": ""5.35"", ""score"": 0.845, ""current"": ""38-39°F"", ""predicted"": ""42-43°F"", ""tEstimated"": ""5.67""}",2026-03-24 14:37:50.307276+00
795,ruth-pws-klga-20260324-143750303,wendy,KLGA,info,guard,"PWS guards blocked: price_out_of_range | estimated 42.2°F, bucket 42-43°F, price 0.03",,2026-03-24 14:37:50.317894+00
796,ruth-pws-kmia-20260324-143750481,wendy,KMIA,info,signal,"PWS anticipation: STRONG (score=1.000), METAR 73.0°F → estimated 77.8°F, bucket 72-73°F → 78-79°F","{""gap"": ""2.34"", ""conf"": ""1.00"", ""ramp"": ""3.44"", ""score"": 1, ""current"": ""72-73°F"", ""predicted"": ""78-79°F"", ""tEstimated"": ""25.47""}",2026-03-24 14:37:50.486056+00
797,ruth-pws-kmia-20260324-143750481,wendy,KMIA,info,guard,"PWS guards blocked: price_out_of_range | estimated 77.8°F, bucket 78-79°F, price 0.00",,2026-03-24 14:37:50.48866+00
798,ruth-pws-katl-20260324-143750689,wendy,KATL,info,signal,"PWS anticipation: STRONG (score=0.868), METAR 54.0°F → estimated 57.1°F, bucket 54-55°F → 56-57°F","{""gap"": ""1.19"", ""conf"": ""1.00"", ""ramp"": ""3.11"", ""score"": 0.8675000000000002, ""current"": ""54-55°F"", ""predicted"": ""56-57°F"", ""tEstimated"": ""13.97""}",2026-03-24 14:37:50.692941+00
799,ruth-pws-cyyz-20260324-143751367,wendy,CYYZ,info,signal,"PWS anticipation: STRONG (score=0.850), METAR -1.0°C → estimated 0.3°C, bucket -1°C → 0°C","{""gap"": ""1.11"", ""conf"": ""1.00"", ""ramp"": ""2.32"", ""score"": 0.8500000000000003, ""current"": ""-1°C"", ""predicted"": ""0°C"", ""tEstimated"": ""0.25""}",2026-03-24 14:37:51.371553+00
800,ruth-pws-cyyz-20260324-143751367,wendy,CYYZ,info,guard,"PWS guards blocked: price_out_of_range | estimated 0.3°C, bucket 0°C, price 0.00",,2026-03-24 14:37:51.374611+00
801,ruth-pws-ksea-20260324-143849707,wendy,KSEA,info,signal,"PWS anticipation: MODERATE (score=0.546), METAR 43.0°F → estimated 43.8°F, bucket 42-43°F → 44-45°F","{""gap"": ""0.65"", ""conf"": ""1.00"", ""ramp"": ""-0.06"", ""score"": 0.5462500000000001, ""current"": ""42-43°F"", ""predicted"": ""44-45°F"", ""tEstimated"": ""6.54""}",2026-03-24 14:38:49.720035+00
802,ruth-pws-kdal-20260324-143849913,wendy,KDAL,info,signal,"PWS anticipation: STRONG (score=1.000), METAR 62.1°F → estimated 65.9°F, bucket 62-63°F → 66-67°F","{""gap"": ""2.02"", ""conf"": ""1.00"", ""ramp"": ""2.34"", ""score"": 1, ""current"": ""62-63°F"", ""predicted"": ""66-67°F"", ""tEstimated"": ""18.82""}",2026-03-24 14:38:49.918276+00
803,ruth-pws-kord-20260324-143850121,wendy,KORD,info,signal,"PWS anticipation: STRONG (score=0.878), METAR 34.0°F → estimated 36.4°F, bucket 34-35°F → 36-37°F","{""gap"": ""1.23"", ""conf"": ""1.00"", ""ramp"": ""1.17"", ""score"": 0.8775000000000004, ""current"": ""34-35°F"", ""predicted"": ""36-37°F"", ""tEstimated"": ""2.44""}",2026-03-24 14:38:50.12873+00
804,ruth-pws-klga-20260324-143850327,wendy,KLGA,info,signal,"PWS anticipation: STRONG (score=0.820), METAR 37.9°F → estimated 41.2°F, bucket 38-39°F → 40-41°F","{""gap"": ""0.98"", ""conf"": ""1.00"", ""ramp"": ""3.72"", ""score"": 0.8200000000000005, ""current"": ""38-39°F"", ""predicted"": ""40-41°F"", ""tEstimated"": ""5.10""}",2026-03-24 14:38:50.330811+00
805,ruth-pws-klga-20260324-143850327,wendy,KLGA,info,guard,"PWS guards blocked: price_out_of_range | estimated 41.2°F, bucket 40-41°F, price 0.00",,2026-03-24 14:38:50.349638+00
806,ruth-pws-kmia-20260324-143850548,wendy,KMIA,info,signal,"PWS anticipation: STRONG (score=1.000), METAR 73.0°F → estimated 77.4°F, bucket 72-73°F → 76-77°F","{""gap"": ""2.34"", ""conf"": ""1.00"", ""ramp"": ""2.55"", ""score"": 1, ""current"": ""72-73°F"", ""predicted"": ""76-77°F"", ""tEstimated"": ""25.20""}",2026-03-24 14:38:50.55143+00
807,ruth-pws-kmia-20260324-143850548,wendy,KMIA,info,guard,"PWS guards blocked: price_out_of_range | estimated 77.4°F, bucket 76-77°F, price 0.00",,2026-03-24 14:38:50.567664+00
808,ruth-pws-katl-20260324-143850729,wendy,KATL,info,signal,"PWS anticipation: STRONG (score=0.880), METAR 54.0°F → estimated 57.2°F, bucket 54-55°F → 56-57°F","{""gap"": ""1.24"", ""conf"": ""1.00"", ""ramp"": ""3.13"", ""score"": 0.8800000000000006, ""current"": ""54-55°F"", ""predicted"": ""56-57°F"", ""tEstimated"": ""14.01""}",2026-03-24 14:38:50.733186+00
809,ruth-pws-cyyz-20260324-143851361,wendy,CYYZ,info,signal,"PWS anticipation: STRONG (score=0.850), METAR -1.0°C → estimated 0.1°C, bucket -1°C → 0°C","{""gap"": ""1.11"", ""conf"": ""1.00"", ""ramp"": ""1.88"", ""score"": 0.8500000000000003, ""current"": ""-1°C"", ""predicted"": ""0°C"", ""tEstimated"": ""0.12""}",2026-03-24 14:38:51.365257+00
810,ruth-pws-cyyz-20260324-143851361,wendy,CYYZ,info,guard,"PWS guards blocked: price_out_of_range | estimated 0.1°C, bucket 0°C, price 0.00",,2026-03-24 14:38:51.386579+00
811,ruth-pws-ksea-20260324-143949692,wendy,KSEA,info,signal,"PWS anticipation: STRONG (score=0.559), METAR 43.0°F → estimated 43.9°F, bucket 42-43°F → 44-45°F","{""gap"": ""0.71"", ""conf"": ""1.00"", ""ramp"": ""0.00"", ""score"": 0.558750646345414, ""current"": ""42-43°F"", ""predicted"": ""44-45°F"", ""tEstimated"": ""6.59""}",2026-03-24 14:39:49.721008+00
812,ruth-pws-ksea-20260324-143949692,wendy,KSEA,info,guard,"PWS guards blocked: price_out_of_range | estimated 43.9°F, bucket 44-45°F, price 0.00",,2026-03-24 14:39:49.725911+00
813,ruth-pws-kdal-20260324-143949939,wendy,KDAL,info,signal,"PWS anticipation: STRONG (score=1.000), METAR 62.1°F → estimated 65.9°F, bucket 62-63°F → 66-67°F","{""gap"": ""2.02"", ""conf"": ""1.00"", ""ramp"": ""2.46"", ""score"": 1, ""current"": ""62-63°F"", ""predicted"": ""66-67°F"", ""tEstimated"": ""18.85""}",2026-03-24 14:39:49.942438+00
814,ruth-pws-kord-20260324-143950172,wendy,KORD,info,signal,"PWS anticipation: STRONG (score=0.863), METAR 34.0°F → estimated 36.3°F, bucket 34-35°F → 36-37°F","{""gap"": ""1.23"", ""conf"": ""1.00"", ""ramp"": ""0.93"", ""score"": 0.8632974662214549, ""current"": ""34-35°F"", ""predicted"": ""36-37°F"", ""tEstimated"": ""2.37""}",2026-03-24 14:39:50.176492+00
815,ruth-pws-klga-20260324-143950380,wendy,KLGA,info,signal,"PWS anticipation: STRONG (score=0.895), METAR 37.9°F → estimated 40.8°F, bucket 38-39°F → 40-41°F","{""gap"": ""1.31"", ""conf"": ""1.00"", ""ramp"": ""2.24"", ""score"": 0.8949999999999998, ""current"": ""38-39°F"", ""predicted"": ""40-41°F"", ""tEstimated"": ""4.89""}",2026-03-24 14:39:50.38501+00
816,ruth-pws-klga-20260324-143950380,wendy,KLGA,info,guard,"PWS guards blocked: price_out_of_range | estimated 40.8°F, bucket 40-41°F, price 0.00",,2026-03-24 14:39:50.387734+00
817,ruth-pws-kmia-20260324-143950658,wendy,KMIA,info,signal,"PWS anticipation: STRONG (score=1.000), METAR 73.0°F → estimated 76.8°F, bucket 72-73°F → 76-77°F","{""gap"": ""2.34"", ""conf"": ""1.00"", ""ramp"": ""1.41"", ""score"": 1, ""current"": ""72-73°F"", ""predicted"": ""76-77°F"", ""tEstimated"": ""24.86""}",2026-03-24 14:39:50.661988+00
818,ruth-pws-kmia-20260324-143950658,wendy,KMIA,info,guard,"PWS guards blocked: price_out_of_range | estimated 76.8°F, bucket 76-77°F, price 0.00",,2026-03-24 14:39:50.664445+00
819,ruth-pws-katl-20260324-143950819,wendy,KATL,info,signal,"PWS anticipation: STRONG (score=0.880), METAR 54.0°F → estimated 57.3°F, bucket 54-55°F → 56-57°F","{""gap"": ""1.24"", ""conf"": ""1.00"", ""ramp"": ""3.23"", ""score"": 0.8800000000000006, ""current"": ""54-55°F"", ""predicted"": ""56-57°F"", ""tEstimated"": ""14.04""}",2026-03-24 14:39:50.822837+00
820,ruth-pws-ksea-20260324-144049704,wendy,KSEA,info,signal,"PWS anticipation: STRONG (score=0.612), METAR 43.0°F → estimated 44.0°F, bucket 42-43°F → 44-45°F","{""gap"": ""0.76"", ""conf"": ""1.00"", ""ramp"": ""0.20"", ""score"": 0.6116521097153136, ""current"": ""42-43°F"", ""predicted"": ""44-45°F"", ""tEstimated"": ""6.69""}",2026-03-24 14:40:49.71737+00
821,ruth-pws-ksea-20260324-144049704,wendy,KSEA,info,guard,"PWS guards blocked: price_out_of_range | estimated 44.0°F, bucket 44-45°F, price 0.00",,2026-03-24 14:40:49.723359+00
822,ruth-pws-kdal-20260324-144049934,wendy,KDAL,info,signal,"PWS anticipation: STRONG (score=1.000), METAR 62.1°F → estimated 65.9°F, bucket 62-63°F → 66-67°F","{""gap"": ""2.02"", ""conf"": ""1.00"", ""ramp"": ""2.34"", ""score"": 1, ""current"": ""62-63°F"", ""predicted"": ""66-67°F"", ""tEstimated"": ""18.82""}",2026-03-24 14:40:49.937787+00
823,ruth-pws-kord-20260324-144050110,wendy,KORD,info,signal,"PWS anticipation: STRONG (score=0.827), METAR 34.0°F → estimated 36.2°F, bucket 34-35°F → 36-37°F","{""gap"": ""1.23"", ""conf"": ""1.00"", ""ramp"": ""0.75"", ""score"": 0.8269528735456032, ""current"": ""34-35°F"", ""predicted"": ""36-37°F"", ""tEstimated"": ""2.31""}",2026-03-24 14:40:50.112989+00
824,ruth-pws-klga-20260324-144050326,wendy,KLGA,info,signal,"PWS anticipation: STRONG (score=0.760), METAR 37.9°F → estimated 39.8°F, bucket 38-39°F → 40-41°F","{""gap"": ""1.31"", ""conf"": ""1.00"", ""ramp"": ""0.32"", ""score"": 0.7596899596311594, ""current"": ""38-39°F"", ""predicted"": ""40-41°F"", ""tEstimated"": ""4.31""}",2026-03-24 14:40:50.330354+00
825,ruth-pws-klga-20260324-144050326,wendy,KLGA,info,guard,"PWS guards blocked: price_out_of_range | estimated 39.8°F, bucket 40-41°F, price 0.00",,2026-03-24 14:40:50.332877+00
826,ruth-pws-kmia-20260324-144050574,wendy,KMIA,info,signal,"PWS anticipation: STRONG (score=1.000), METAR 73.0°F → estimated 76.9°F, bucket 72-73°F → 76-77°F","{""gap"": ""2.42"", ""conf"": ""1.00"", ""ramp"": ""1.53"", ""score"": 1, ""current"": ""72-73°F"", ""predicted"": ""76-77°F"", ""tEstimated"": ""24.96""}",2026-03-24 14:40:50.578239+00
827,ruth-pws-kmia-20260324-144050574,wendy,KMIA,info,guard,"PWS guards blocked: price_out_of_range | estimated 76.9°F, bucket 76-77°F, price 0.00",,2026-03-24 14:40:50.580537+00
828,ruth-pws-katl-20260324-144050744,wendy,KATL,info,signal,"PWS anticipation: STRONG (score=0.880), METAR 54.0°F → estimated 57.1°F, bucket 54-55°F → 56-57°F","{""gap"": ""1.24"", ""conf"": ""1.00"", ""ramp"": ""2.83"", ""score"": 0.8800000000000006, ""current"": ""54-55°F"", ""predicted"": ""56-57°F"", ""tEstimated"": ""13.92""}",2026-03-24 14:40:50.749088+00
829,ruth-pws-ksea-20260324-144149691,wendy,KSEA,info,signal,"PWS anticipation: STRONG (score=0.636), METAR 43.0°F → estimated 44.1°F, bucket 42-43°F → 44-45°F","{""gap"": ""0.76"", ""conf"": ""1.00"", ""ramp"": ""0.32"", ""score"": 0.6358911721469339, ""current"": ""42-43°F"", ""predicted"": ""44-45°F"", ""tEstimated"": ""6.73""}",2026-03-24 14:41:49.723859+00
830,ruth-pws-ksea-20260324-144149691,wendy,KSEA,info,guard,"PWS guards blocked: price_out_of_range | estimated 44.1°F, bucket 44-45°F, price 0.00",,2026-03-24 14:41:49.738534+00
831,ruth-pws-kdal-20260324-144149966,wendy,KDAL,info,signal,"PWS anticipation: STRONG (score=1.000), METAR 62.1°F → estimated 65.7°F, bucket 62-63°F → 66-67°F","{""gap"": ""2.02"", ""conf"": ""1.00"", ""ramp"": ""1.98"", ""score"": 1, ""current"": ""62-63°F"", ""predicted"": ""66-67°F"", ""tEstimated"": ""18.71""}",2026-03-24 14:41:49.973514+00
832,ruth-pws-kord-20260324-144150212,wendy,KORD,info,signal,"PWS anticipation: STRONG (score=0.811), METAR 34.0°F → estimated 36.1°F, bucket 34-35°F → 36-37°F","{""gap"": ""1.23"", ""conf"": ""1.00"", ""ramp"": ""0.67"", ""score"": 0.8107899270069783, ""current"": ""34-35°F"", ""predicted"": ""36-37°F"", ""tEstimated"": ""2.29""}",2026-03-24 14:41:50.216048+00
833,ruth-pws-kmia-20260324-144150550,wendy,KMIA,info,signal,"PWS anticipation: STRONG (score=1.000), METAR 73.0°F → estimated 76.9°F, bucket 72-73°F → 76-77°F","{""gap"": ""2.42"", ""conf"": ""1.00"", ""ramp"": ""1.49"", ""score"": 1, ""current"": ""72-73°F"", ""predicted"": ""76-77°F"", ""tEstimated"": ""24.94""}",2026-03-24 14:41:50.554283+00
834,ruth-pws-kmia-20260324-144150550,wendy,KMIA,info,guard,"PWS guards blocked: price_out_of_range | estimated 76.9°F, bucket 76-77°F, price 0.00",,2026-03-24 14:41:50.56652+00
835,ruth-pws-katl-20260324-144150778,wendy,KATL,info,signal,"PWS anticipation: STRONG (score=0.892), METAR 54.0°F → estimated 56.8°F, bucket 54-55°F → 56-57°F","{""gap"": ""1.30"", ""conf"": ""1.00"", ""ramp"": ""2.28"", ""score"": 0.8924999999999998, ""current"": ""54-55°F"", ""predicted"": ""56-57°F"", ""tEstimated"": ""13.79""}",2026-03-24 14:41:50.7865+00
836,ruth-pws-ksea-20260324-144249659,wendy,KSEA,info,guard,"PWS guards blocked: price_out_of_range | estimated 44.3°F, bucket 44-45°F, price 0.00",,2026-03-24 14:42:49.678476+00
837,ruth-pws-ksea-20260324-144249659,wendy,KSEA,info,signal,"PWS anticipation: STRONG (score=0.688), METAR 43.0°F → estimated 44.3°F, bucket 42-43°F → 44-45°F","{""gap"": ""0.76"", ""conf"": ""1.00"", ""ramp"": ""0.59"", ""score"": 0.6884117772610092, ""current"": ""42-43°F"", ""predicted"": ""44-45°F"", ""tEstimated"": ""6.81""}",2026-03-24 14:42:49.679537+00
838,ruth-pws-kdal-20260324-144249833,wendy,KDAL,info,signal,"PWS anticipation: STRONG (score=1.000), METAR 62.1°F → estimated 66.1°F, bucket 62-63°F → 66-67°F","{""gap"": ""2.19"", ""conf"": ""1.00"", ""ramp"": ""2.36"", ""score"": 1, ""current"": ""62-63°F"", ""predicted"": ""66-67°F"", ""tEstimated"": ""18.94""}",2026-03-24 14:42:49.837097+00
839,ruth-pws-kord-20260324-144249974,wendy,KORD,info,signal,"PWS anticipation: STRONG (score=0.799), METAR 34.0°F → estimated 36.1°F, bucket 34-35°F → 36-37°F","{""gap"": ""1.23"", ""conf"": ""1.00"", ""ramp"": ""0.61"", ""score"": 0.7986983384228691, ""current"": ""34-35°F"", ""predicted"": ""36-37°F"", ""tEstimated"": ""2.27""}",2026-03-24 14:42:49.978386+00
840,ruth-pws-klga-20260324-144250113,wendy,KLGA,info,signal,"PWS anticipation: STRONG (score=0.891), METAR 37.9°F → estimated 40.4°F, bucket 38-39°F → 40-41°F","{""gap"": ""1.70"", ""conf"": ""1.00"", ""ramp"": ""0.54"", ""score"": 0.8914654315194064, ""current"": ""38-39°F"", ""predicted"": ""40-41°F"", ""tEstimated"": ""4.65""}",2026-03-24 14:42:50.11723+00
841,ruth-pws-klga-20260324-144250113,wendy,KLGA,info,guard,"PWS guards blocked: price_out_of_range | estimated 40.4°F, bucket 40-41°F, price 0.00",,2026-03-24 14:42:50.118925+00
842,ruth-pws-kmia-20260324-144250263,wendy,KMIA,info,signal,"PWS anticipation: STRONG (score=1.000), METAR 73.0°F → estimated 77.3°F, bucket 72-73°F → 76-77°F","{""gap"": ""2.59"", ""conf"": ""1.00"", ""ramp"": ""1.83"", ""score"": 1, ""current"": ""72-73°F"", ""predicted"": ""76-77°F"", ""tEstimated"": ""25.16""}",2026-03-24 14:42:50.266339+00
843,ruth-pws-kmia-20260324-144250263,wendy,KMIA,info,guard,"PWS guards blocked: price_out_of_range | estimated 77.3°F, bucket 76-77°F, price 0.00",,2026-03-24 14:42:50.268082+00
844,ruth-pws-katl-20260324-144250404,wendy,KATL,info,signal,"PWS anticipation: STRONG (score=0.905), METAR 54.0°F → estimated 56.9°F, bucket 54-55°F → 56-57°F","{""gap"": ""1.36"", ""conf"": ""1.00"", ""ramp"": ""2.27"", ""score"": 0.905, ""current"": ""54-55°F"", ""predicted"": ""56-57°F"", ""tEstimated"": ""13.83""}",2026-03-24 14:42:50.407672+00
845,ruth-pws-ksea-20260324-144349653,wendy,KSEA,info,signal,"PWS anticipation: STRONG (score=0.733), METAR 43.0°F → estimated 44.4°F, bucket 42-43°F → 44-45°F","{""gap"": ""0.76"", ""conf"": ""1.00"", ""ramp"": ""0.81"", ""score"": 0.7328648738154097, ""current"": ""42-43°F"", ""predicted"": ""44-45°F"", ""tEstimated"": ""6.88""}",2026-03-24 14:43:49.67085+00
846,ruth-pws-ksea-20260324-144349653,wendy,KSEA,info,guard,"PWS guards blocked: price_out_of_range | estimated 44.4°F, bucket 44-45°F, price 0.00",,2026-03-24 14:43:49.67753+00
847,ruth-pws-kdal-20260324-144349860,wendy,KDAL,info,signal,"PWS anticipation: STRONG (score=1.000), METAR 62.1°F → estimated 66.8°F, bucket 62-63°F → 66-67°F","{""gap"": ""2.41"", ""conf"": ""1.00"", ""ramp"": ""3.19"", ""score"": 1, ""current"": ""62-63°F"", ""predicted"": ""66-67°F"", ""tEstimated"": ""19.35""}",2026-03-24 14:43:49.864862+00
848,ruth-pws-kord-20260324-144350026,wendy,KORD,info,signal,"PWS anticipation: STRONG (score=0.774), METAR 34.0°F → estimated 36.0°F, bucket 34-35°F → 36-37°F","{""gap"": ""1.23"", ""conf"": ""1.00"", ""ramp"": ""0.48"", ""score"": 0.774483743993898, ""current"": ""34-35°F"", ""predicted"": ""36-37°F"", ""tEstimated"": ""2.23""}",2026-03-24 14:43:50.030728+00
849,ruth-pws-klga-20260324-144350242,wendy,KLGA,info,signal,"PWS anticipation: STRONG (score=0.782), METAR 37.9°F → estimated 39.9°F, bucket 38-39°F → 40-41°F","{""gap"": ""1.70"", ""conf"": ""1.00"", ""ramp"": ""-0.28"", ""score"": 0.7825, ""current"": ""38-39°F"", ""predicted"": ""40-41°F"", ""tEstimated"": ""4.40""}",2026-03-24 14:43:50.24615+00
850,ruth-pws-klga-20260324-144350242,wendy,KLGA,info,guard,"PWS guards blocked: price_out_of_range | estimated 39.9°F, bucket 40-41°F, price 0.00",,2026-03-24 14:43:50.248779+00
851,ruth-pws-kmia-20260324-144350540,wendy,KMIA,info,signal,"PWS anticipation: STRONG (score=1.000), METAR 73.0°F → estimated 77.4°F, bucket 72-73°F → 76-77°F","{""gap"": ""2.64"", ""conf"": ""1.00"", ""ramp"": ""1.82"", ""score"": 1, ""current"": ""72-73°F"", ""predicted"": ""76-77°F"", ""tEstimated"": ""25.20""}",2026-03-24 14:43:50.543226+00
852,ruth-pws-kmia-20260324-144350540,wendy,KMIA,info,guard,"PWS guards blocked: price_out_of_range | estimated 77.4°F, bucket 76-77°F, price 0.00",,2026-03-24 14:43:50.54606+00
853,ruth-pws-katl-20260324-144350677,wendy,KATL,info,signal,"PWS anticipation: STRONG (score=0.892), METAR 54.0°F → estimated 56.5°F, bucket 54-55°F → 56-57°F","{""gap"": ""1.30"", ""conf"": ""1.00"", ""ramp"": ""1.66"", ""score"": 0.8924999999999998, ""current"": ""54-55°F"", ""predicted"": ""56-57°F"", ""tEstimated"": ""13.61""}",2026-03-24 14:43:50.681679+00
854,ruth-pws-lfpg-20260324-144351057,wendy,LFPG,info,signal,"PWS anticipation: WEAK (score=-0.113), METAR 19.0°C → estimated 18.4°C, bucket 19°C → 18°C","{""gap"": ""-0.50"", ""conf"": ""0.00"", ""ramp"": ""-2.04"", ""score"": -0.1125, ""current"": ""19°C"", ""predicted"": ""18°C"", ""tEstimated"": ""18.39""}",2026-03-24 14:43:51.061131+00
855,ruth-pws-ksea-20260324-144449632,wendy,KSEA,info,signal,"PWS anticipation: MODERATE (score=0.530), METAR 43.0°F → estimated 43.7°F, bucket 42-43°F → 44-45°F","{""gap"": ""0.51"", ""conf"": ""1.00"", ""ramp"": ""0.08"", ""score"": 0.5301682236917629, ""current"": ""42-43°F"", ""predicted"": ""44-45°F"", ""tEstimated"": ""6.48""}",2026-03-24 14:44:49.650426+00
856,ruth-pws-kdal-20260324-144449781,wendy,KDAL,info,signal,"PWS anticipation: STRONG (score=1.000), METAR 62.1°F → estimated 67.0°F, bucket 62-63°F → 66-67°F","{""gap"": ""2.41"", ""conf"": ""1.00"", ""ramp"": ""3.45"", ""score"": 1, ""current"": ""62-63°F"", ""predicted"": ""66-67°F"", ""tEstimated"": ""19.42""}",2026-03-24 14:44:49.796808+00
857,ruth-pws-kord-20260324-144449988,wendy,KORD,info,signal,"PWS anticipation: STRONG (score=0.805), METAR 34.0°F → estimated 36.1°F, bucket 34-35°F → 36-37°F","{""gap"": ""1.29"", ""conf"": ""1.00"", ""ramp"": ""0.58"", ""score"": 0.8051658085157841, ""current"": ""34-35°F"", ""predicted"": ""36-37°F"", ""tEstimated"": ""2.30""}",2026-03-24 14:44:49.991315+00
858,ruth-pws-klga-20260324-144450185,wendy,KLGA,info,signal,"PWS anticipation: STRONG (score=0.873), METAR 37.9°F → estimated 40.3°F, bucket 38-39°F → 40-41°F","{""gap"": ""1.70"", ""conf"": ""1.00"", ""ramp"": ""0.45"", ""score"": 0.8732085229159271, ""current"": ""38-39°F"", ""predicted"": ""40-41°F"", ""tEstimated"": ""4.63""}",2026-03-24 14:44:50.189424+00
859,ruth-pws-klga-20260324-144450185,wendy,KLGA,info,guard,"PWS guards blocked: price_out_of_range | estimated 40.3°F, bucket 40-41°F, price 0.00",,2026-03-24 14:44:50.203134+00
860,ruth-pws-kmia-20260324-144450413,wendy,KMIA,info,signal,"PWS anticipation: STRONG (score=1.000), METAR 73.0°F → estimated 77.4°F, bucket 72-73°F → 76-77°F","{""gap"": ""2.64"", ""conf"": ""1.00"", ""ramp"": ""1.98"", ""score"": 1, ""current"": ""72-73°F"", ""predicted"": ""76-77°F"", ""tEstimated"": ""25.25""}",2026-03-24 14:44:50.417713+00
861,ruth-pws-kmia-20260324-144450413,wendy,KMIA,info,guard,"PWS guards blocked: price_out_of_range | estimated 77.4°F, bucket 76-77°F, price 0.00",,2026-03-24 14:44:50.435446+00
862,ruth-pws-katl-20260324-144450623,wendy,KATL,info,signal,"PWS anticipation: STRONG (score=0.905), METAR 54.0°F → estimated 56.5°F, bucket 54-55°F → 56-57°F","{""gap"": ""1.36"", ""conf"": ""1.00"", ""ramp"": ""1.52"", ""score"": 0.905, ""current"": ""54-55°F"", ""predicted"": ""56-57°F"", ""tEstimated"": ""13.60""}",2026-03-24 14:44:50.626272+00
863,ruth-pws-lfpg-20260324-144451033,wendy,LFPG,info,signal,"PWS anticipation: WEAK (score=-0.113), METAR 19.0°C → estimated 18.4°C, bucket 19°C → 18°C","{""gap"": ""-0.50"", ""conf"": ""0.00"", ""ramp"": ""-2.12"", ""score"": -0.1125, ""current"": ""19°C"", ""predicted"": ""18°C"", ""tEstimated"": ""18.36""}",2026-03-24 14:44:51.036533+00
864,ruth-pws-kdal-20260324-144549797,wendy,KDAL,info,signal,"PWS anticipation: STRONG (score=1.000), METAR 62.1°F → estimated 67.0°F, bucket 62-63°F → 66-67°F","{""gap"": ""2.41"", ""conf"": ""1.00"", ""ramp"": ""3.58"", ""score"": 1, ""current"": ""62-63°F"", ""predicted"": ""66-67°F"", ""tEstimated"": ""19.46""}",2026-03-24 14:45:49.823661+00
865,ruth-pws-kord-20260324-144549969,wendy,KORD,info,signal,"PWS anticipation: STRONG (score=0.903), METAR 34.0°F → estimated 36.5°F, bucket 34-35°F → 36-37°F","{""gap"": ""1.40"", ""conf"": ""1.00"", ""ramp"": ""0.94"", ""score"": 0.9028884466807281, ""current"": ""34-35°F"", ""predicted"": ""36-37°F"", ""tEstimated"": ""2.50""}",2026-03-24 14:45:49.974068+00
866,ruth-pws-klga-20260324-144550162,wendy,KLGA,info,signal,"PWS anticipation: STRONG (score=0.982), METAR 37.9°F → estimated 41.2°F, bucket 38-39°F → 40-41°F","{""gap"": ""1.70"", ""conf"": ""1.00"", ""ramp"": ""2.15"", ""score"": 0.9824999999999999, ""current"": ""38-39°F"", ""predicted"": ""40-41°F"", ""tEstimated"": ""5.14""}",2026-03-24 14:45:50.16604+00
867,ruth-pws-klga-20260324-144550162,wendy,KLGA,info,guard,"PWS guards blocked: price_out_of_range | estimated 41.2°F, bucket 40-41°F, price 0.00",,2026-03-24 14:45:50.177313+00
868,ruth-pws-kmia-20260324-144550327,wendy,KMIA,info,signal,"PWS anticipation: STRONG (score=1.000), METAR 73.0°F → estimated 78.0°F, bucket 72-73°F → 78-79°F","{""gap"": ""2.84"", ""conf"": ""1.00"", ""ramp"": ""2.58"", ""score"": 1, ""current"": ""72-73°F"", ""predicted"": ""78-79°F"", ""tEstimated"": ""25.56""}",2026-03-24 14:45:50.335798+00
869,ruth-pws-kmia-20260324-144550327,wendy,KMIA,info,guard,"PWS guards blocked: price_out_of_range | estimated 78.0°F, bucket 78-79°F, price 0.00",,2026-03-24 14:45:50.338743+00
870,ruth-pws-katl-20260324-144550525,wendy,KATL,info,signal,"PWS anticipation: STRONG (score=0.917), METAR 54.0°F → estimated 56.6°F, bucket 54-55°F → 56-57°F","{""gap"": ""1.41"", ""conf"": ""1.00"", ""ramp"": ""1.58"", ""score"": 0.9175, ""current"": ""54-55°F"", ""predicted"": ""56-57°F"", ""tEstimated"": ""13.66""}",2026-03-24 14:45:50.530771+00
871,ruth-pws-lfpg-20260324-144550892,wendy,LFPG,info,signal,"PWS anticipation: WEAK (score=-0.138), METAR 19.0°C → estimated 18.2°C, bucket 19°C → 18°C","{""gap"": ""-0.61"", ""conf"": ""0.00"", ""ramp"": ""-2.52"", ""score"": -0.1375000000000007, ""current"": ""19°C"", ""predicted"": ""18°C"", ""tEstimated"": ""18.25""}",2026-03-24 14:45:50.89541+00
872,ruth-metar-ksea-20260324-144632836,wendy,KSEA,info,signal,"METAR: 6.1°C, max=6.1°C, bucket=42-43°F","{""prevBucket"": ""42-43°F""}",2026-03-24 14:46:32.852796+00
873,ruth-pws-kdal-20260324-144649970,wendy,KDAL,info,signal,"PWS anticipation: STRONG (score=1.000), METAR 62.1°F → estimated 67.0°F, bucket 62-63°F → 66-67°F","{""gap"": ""2.41"", ""conf"": ""1.00"", ""ramp"": ""3.45"", ""score"": 1, ""current"": ""62-63°F"", ""predicted"": ""66-67°F"", ""tEstimated"": ""19.42""}",2026-03-24 14:46:49.980631+00
874,ruth-pws-kord-20260324-144650176,wendy,KORD,info,signal,"PWS anticipation: STRONG (score=0.940), METAR 34.0°F → estimated 37.0°F, bucket 34-35°F → 36-37°F","{""gap"": ""1.51"", ""conf"": ""1.00"", ""ramp"": ""1.62"", ""score"": 0.9400000000000004, ""current"": ""34-35°F"", ""predicted"": ""36-37°F"", ""tEstimated"": ""2.79""}",2026-03-24 14:46:50.179571+00
875,ruth-pws-klga-20260324-144650365,wendy,KLGA,info,signal,"PWS anticipation: STRONG (score=0.982), METAR 37.9°F → estimated 42.8°F, bucket 38-39°F → 42-43°F","{""gap"": ""1.70"", ""conf"": ""1.00"", ""ramp"": ""5.07"", ""score"": 0.9824999999999999, ""current"": ""38-39°F"", ""predicted"": ""42-43°F"", ""tEstimated"": ""6.01""}",2026-03-24 14:46:50.370465+00
876,ruth-pws-klga-20260324-144650365,wendy,KLGA,info,guard,"PWS guards blocked: price_out_of_range | estimated 42.8°F, bucket 42-43°F, price 0.03",,2026-03-24 14:46:50.382393+00
877,ruth-pws-kmia-20260324-144650639,wendy,KMIA,info,signal,"PWS anticipation: STRONG (score=1.000), METAR 73.0°F → estimated 78.7°F, bucket 72-73°F → 78-79°F","{""gap"": ""2.84"", ""conf"": ""1.00"", ""ramp"": ""3.77"", ""score"": 1, ""current"": ""72-73°F"", ""predicted"": ""78-79°F"", ""tEstimated"": ""25.92""}",2026-03-24 14:46:50.642576+00
878,ruth-pws-kmia-20260324-144650639,wendy,KMIA,info,guard,"PWS guards blocked: price_out_of_range | estimated 78.7°F, bucket 78-79°F, price 0.00",,2026-03-24 14:46:50.645485+00
879,ruth-pws-katl-20260324-144650820,wendy,KATL,info,signal,"PWS anticipation: STRONG (score=0.917), METAR 54.0°F → estimated 56.5°F, bucket 54-55°F → 56-57°F","{""gap"": ""1.41"", ""conf"": ""1.00"", ""ramp"": ""1.43"", ""score"": 0.9175, ""current"": ""54-55°F"", ""predicted"": ""56-57°F"", ""tEstimated"": ""13.62""}",2026-03-24 14:46:50.82396+00
880,ruth-pws-lfpg-20260324-144651293,wendy,LFPG,info,signal,"PWS anticipation: WEAK (score=-0.138), METAR 19.0°C → estimated 18.1°C, bucket 19°C → 18°C","{""gap"": ""-0.61"", ""conf"": ""0.00"", ""ramp"": ""-2.91"", ""score"": -0.1375000000000007, ""current"": ""19°C"", ""predicted"": ""18°C"", ""tEstimated"": ""18.13""}",2026-03-24 14:46:51.296458+00
881,ruth-pws-kdal-20260324-144749876,wendy,KDAL,info,signal,"PWS anticipation: STRONG (score=1.000), METAR 62.1°F → estimated 67.3°F, bucket 62-63°F → 66-67°F","{""gap"": ""2.58"", ""conf"": ""1.00"", ""ramp"": ""3.64"", ""score"": 1, ""current"": ""62-63°F"", ""predicted"": ""66-67°F"", ""tEstimated"": ""19.60""}",2026-03-24 14:47:49.888862+00
882,ruth-pws-kord-20260324-144750075,wendy,KORD,info,signal,"PWS anticipation: STRONG (score=0.965), METAR 34.0°F → estimated 37.5°F, bucket 34-35°F → 36-37°F","{""gap"": ""1.62"", ""conf"": ""1.00"", ""ramp"": ""2.15"", ""score"": 0.9649999999999999, ""current"": ""34-35°F"", ""predicted"": ""36-37°F"", ""tEstimated"": ""3.04""}",2026-03-24 14:47:50.079865+00
883,ruth-pws-klga-20260324-144750242,wendy,KLGA,info,signal,"PWS anticipation: STRONG (score=0.933), METAR 37.9°F → estimated 41.9°F, bucket 38-39°F → 42-43°F","{""gap"": ""1.48"", ""conf"": ""1.00"", ""ramp"": ""3.85"", ""score"": 0.9325000000000001, ""current"": ""38-39°F"", ""predicted"": ""42-43°F"", ""tEstimated"": ""5.49""}",2026-03-24 14:47:50.245988+00
884,ruth-pws-klga-20260324-144750242,wendy,KLGA,info,guard,"PWS guards blocked: price_out_of_range | estimated 41.9°F, bucket 42-43°F, price 0.03",,2026-03-24 14:47:50.260737+00
885,ruth-pws-kmia-20260324-144750422,wendy,KMIA,info,signal,"PWS anticipation: STRONG (score=1.000), METAR 73.0°F → estimated 78.7°F, bucket 72-73°F → 78-79°F","{""gap"": ""2.87"", ""conf"": ""1.00"", ""ramp"": ""3.71"", ""score"": 1, ""current"": ""72-73°F"", ""predicted"": ""78-79°F"", ""tEstimated"": ""25.92""}",2026-03-24 14:47:50.426418+00
886,ruth-pws-kmia-20260324-144750422,wendy,KMIA,info,guard,"PWS guards blocked: price_out_of_range | estimated 78.7°F, bucket 78-79°F, price 0.00",,2026-03-24 14:47:50.441278+00
887,ruth-pws-katl-20260324-144750577,wendy,KATL,info,signal,"PWS anticipation: STRONG (score=0.917), METAR 54.0°F → estimated 56.5°F, bucket 54-55°F → 56-57°F","{""gap"": ""1.41"", ""conf"": ""1.00"", ""ramp"": ""1.36"", ""score"": 0.9175, ""current"": ""54-55°F"", ""predicted"": ""56-57°F"", ""tEstimated"": ""13.60""}",2026-03-24 14:47:50.580206+00
888,ruth-pws-lfpg-20260324-144750923,wendy,LFPG,info,signal,"PWS anticipation: WEAK (score=-0.162), METAR 19.0°C → estimated 18.1°C, bucket 19°C → 18°C","{""gap"": ""-0.72"", ""conf"": ""0.00"", ""ramp"": ""-3.06"", ""score"": -0.16249999999999903, ""current"": ""19°C"", ""predicted"": ""18°C"", ""tEstimated"": ""18.08""}",2026-03-24 14:47:50.926652+00
889,ruth-pws-kdal-20260324-144849785,wendy,KDAL,info,signal,"PWS anticipation: STRONG (score=1.000), METAR 62.1°F → estimated 67.4°F, bucket 62-63°F → 66-67°F","{""gap"": ""2.58"", ""conf"": ""1.00"", ""ramp"": ""3.91"", ""score"": 1, ""current"": ""62-63°F"", ""predicted"": ""66-67°F"", ""tEstimated"": ""19.68""}",2026-03-24 14:48:49.796386+00
890,ruth-pws-kord-20260324-144849929,wendy,KORD,info,signal,"PWS anticipation: STRONG (score=0.978), METAR 34.0°F → estimated 37.9°F, bucket 34-35°F → 38-39°F","{""gap"": ""1.68"", ""conf"": ""1.00"", ""ramp"": ""2.73"", ""score"": 0.9775, ""current"": ""34-35°F"", ""predicted"": ""38-39°F"", ""tEstimated"": ""3.26""}",2026-03-24 14:48:49.933252+00
891,ruth-pws-kord-20260324-144849929,wendy,KORD,info,guard,"PWS guards blocked: price_out_of_range | estimated 37.9°F, bucket 38-39°F, price 0.00",,2026-03-24 14:48:49.943006+00
892,ruth-pws-klga-20260324-144850106,wendy,KLGA,info,signal,"PWS anticipation: STRONG (score=0.920), METAR 37.9°F → estimated 41.1°F, bucket 38-39°F → 40-41°F","{""gap"": ""1.42"", ""conf"": ""1.00"", ""ramp"": ""2.52"", ""score"": 0.9200000000000002, ""current"": ""38-39°F"", ""predicted"": ""40-41°F"", ""tEstimated"": ""5.05""}",2026-03-24 14:48:50.10941+00
893,ruth-pws-klga-20260324-144850106,wendy,KLGA,info,guard,"PWS guards blocked: price_out_of_range | estimated 41.1°F, bucket 40-41°F, price 0.00",,2026-03-24 14:48:50.112699+00
894,ruth-pws-kmia-20260324-144850241,wendy,KMIA,info,signal,"PWS anticipation: STRONG (score=1.000), METAR 73.0°F → estimated 78.5°F, bucket 72-73°F → 78-79°F","{""gap"": ""2.78"", ""conf"": ""1.00"", ""ramp"": ""3.53"", ""score"": 1, ""current"": ""72-73°F"", ""predicted"": ""78-79°F"", ""tEstimated"": ""25.81""}",2026-03-24 14:48:50.245482+00
895,ruth-pws-kmia-20260324-144850241,wendy,KMIA,info,guard,"PWS guards blocked: price_out_of_range | estimated 78.5°F, bucket 78-79°F, price 0.00",,2026-03-24 14:48:50.247725+00
896,ruth-pws-katl-20260324-144850384,wendy,KATL,info,signal,"PWS anticipation: STRONG (score=0.917), METAR 54.0°F → estimated 56.4°F, bucket 54-55°F → 56-57°F","{""gap"": ""1.41"", ""conf"": ""1.00"", ""ramp"": ""1.21"", ""score"": 0.9175, ""current"": ""54-55°F"", ""predicted"": ""56-57°F"", ""tEstimated"": ""13.55""}",2026-03-24 14:48:50.387572+00
897,ruth-pws-lfpg-20260324-144850767,wendy,LFPG,info,signal,"PWS anticipation: WEAK (score=-0.162), METAR 19.0°C → estimated 18.0°C, bucket 19°C → 18°C","{""gap"": ""-0.72"", ""conf"": ""0.00"", ""ramp"": ""-3.18"", ""score"": -0.16249999999999903, ""current"": ""19°C"", ""predicted"": ""18°C"", ""tEstimated"": ""18.05""}",2026-03-24 14:48:50.770287+00
898,ruth-pws-cyyz-20260324-144850954,wendy,CYYZ,info,signal,"PWS anticipation: STRONG (score=0.643), METAR -1.0°C → estimated -0.5°C, bucket -1°C → 0°C","{""gap"": ""1.00"", ""conf"": ""1.00"", ""ramp"": ""0.09"", ""score"": 0.6431438662293173, ""current"": ""-1°C"", ""predicted"": ""0°C"", ""tEstimated"": ""-0.47""}",2026-03-24 14:48:50.957242+00
899,ruth-pws-cyyz-20260324-144850954,wendy,CYYZ,info,guard,"PWS guards blocked: price_out_of_range | estimated -0.5°C, bucket 0°C, price 0.00",,2026-03-24 14:48:50.958591+00
900,ruth-pws-kdal-20260324-144949792,wendy,KDAL,info,signal,"PWS anticipation: STRONG (score=1.000), METAR 62.1°F → estimated 67.4°F, bucket 62-63°F → 66-67°F","{""gap"": ""2.58"", ""conf"": ""1.00"", ""ramp"": ""3.88"", ""score"": 1, ""current"": ""62-63°F"", ""predicted"": ""66-67°F"", ""tEstimated"": ""19.67""}",2026-03-24 14:49:49.803857+00
901,ruth-pws-kord-20260324-144949988,wendy,KORD,info,signal,"PWS anticipation: STRONG (score=0.978), METAR 34.0°F → estimated 38.1°F, bucket 34-35°F → 38-39°F","{""gap"": ""1.68"", ""conf"": ""1.00"", ""ramp"": ""3.21"", ""score"": 0.9775, ""current"": ""34-35°F"", ""predicted"": ""38-39°F"", ""tEstimated"": ""3.41""}",2026-03-24 14:49:49.992099+00
902,ruth-pws-kord-20260324-144949988,wendy,KORD,info,guard,"PWS guards blocked: price_out_of_range | estimated 38.1°F, bucket 38-39°F, price 0.00",,2026-03-24 14:49:50.004132+00
903,ruth-pws-klga-20260324-144950155,wendy,KLGA,info,signal,"PWS anticipation: STRONG (score=0.957), METAR 37.9°F → estimated 40.5°F, bucket 38-39°F → 40-41°F","{""gap"": ""1.59"", ""conf"": ""1.00"", ""ramp"": ""1.09"", ""score"": 0.9574999999999998, ""current"": ""38-39°F"", ""predicted"": ""40-41°F"", ""tEstimated"": ""4.74""}",2026-03-24 14:49:50.158897+00
904,ruth-pws-klga-20260324-144950155,wendy,KLGA,info,guard,"PWS guards blocked: price_out_of_range | estimated 40.5°F, bucket 40-41°F, price 0.00",,2026-03-24 14:49:50.161585+00
905,ruth-pws-kmia-20260324-144950348,wendy,KMIA,info,signal,"PWS anticipation: STRONG (score=1.000), METAR 73.0°F → estimated 77.8°F, bucket 72-73°F → 78-79°F","{""gap"": ""2.62"", ""conf"": ""1.00"", ""ramp"": ""2.65"", ""score"": 1, ""current"": ""72-73°F"", ""predicted"": ""78-79°F"", ""tEstimated"": ""25.43""}",2026-03-24 14:49:50.352347+00
906,ruth-pws-kmia-20260324-144950348,wendy,KMIA,info,guard,"PWS guards blocked: price_out_of_range | estimated 77.8°F, bucket 78-79°F, price 0.00",,2026-03-24 14:49:50.356345+00
907,ruth-pws-katl-20260324-144950537,wendy,KATL,info,signal,"PWS anticipation: STRONG (score=0.917), METAR 54.0°F → estimated 56.3°F, bucket 54-55°F → 56-57°F","{""gap"": ""1.41"", ""conf"": ""1.00"", ""ramp"": ""1.12"", ""score"": 0.9175, ""current"": ""54-55°F"", ""predicted"": ""56-57°F"", ""tEstimated"": ""13.52""}",2026-03-24 14:49:50.540608+00
908,ruth-pws-lfpg-20260324-144950895,wendy,LFPG,info,signal,"PWS anticipation: WEAK (score=-0.162), METAR 19.0°C → estimated 18.1°C, bucket 19°C → 18°C","{""gap"": ""-0.72"", ""conf"": ""0.00"", ""ramp"": ""-3.03"", ""score"": -0.16249999999999903, ""current"": ""19°C"", ""predicted"": ""18°C"", ""tEstimated"": ""18.09""}",2026-03-24 14:49:50.897859+00
909,ruth-pws-cyyz-20260324-144951126,wendy,CYYZ,info,signal,"PWS anticipation: STRONG (score=0.825), METAR -1.0°C → estimated -0.1°C, bucket -1°C → 0°C","{""gap"": ""1.00"", ""conf"": ""1.00"", ""ramp"": ""1.39"", ""score"": 0.825, ""current"": ""-1°C"", ""predicted"": ""0°C"", ""tEstimated"": ""-0.08""}",2026-03-24 14:49:51.129872+00
910,ruth-pws-cyyz-20260324-144951126,wendy,CYYZ,info,guard,"PWS guards blocked: price_out_of_range | estimated -0.1°C, bucket 0°C, price 0.00",,2026-03-24 14:49:51.131861+00
911,ruth-pws-kdal-20260324-145049774,wendy,KDAL,info,signal,"PWS anticipation: STRONG (score=1.000), METAR 62.1°F → estimated 67.2°F, bucket 62-63°F → 66-67°F","{""gap"": ""2.58"", ""conf"": ""1.00"", ""ramp"": ""3.55"", ""score"": 1, ""current"": ""62-63°F"", ""predicted"": ""66-67°F"", ""tEstimated"": ""19.57""}",2026-03-24 14:50:49.791284+00
912,ruth-pws-kord-20260324-145049934,wendy,KORD,info,signal,"PWS anticipation: STRONG (score=0.978), METAR 34.0°F → estimated 38.3°F, bucket 34-35°F → 38-39°F","{""gap"": ""1.68"", ""conf"": ""1.00"", ""ramp"": ""3.46"", ""score"": 0.9775, ""current"": ""34-35°F"", ""predicted"": ""38-39°F"", ""tEstimated"": ""3.48""}",2026-03-24 14:50:49.937401+00
913,ruth-pws-kord-20260324-145049934,wendy,KORD,info,guard,"PWS guards blocked: price_out_of_range | estimated 38.3°F, bucket 38-39°F, price 0.00",,2026-03-24 14:50:49.947437+00
914,ruth-pws-klga-20260324-145050186,wendy,KLGA,info,signal,"PWS anticipation: STRONG (score=0.928), METAR 37.9°F → estimated 40.5°F, bucket 38-39°F → 40-41°F","{""gap"": ""1.70"", ""conf"": ""1.00"", ""ramp"": ""0.73"", ""score"": 0.9279323793924334, ""current"": ""38-39°F"", ""predicted"": ""40-41°F"", ""tEstimated"": ""4.71""}",2026-03-24 14:50:50.18884+00
915,ruth-pws-klga-20260324-145050186,wendy,KLGA,info,guard,"PWS guards blocked: price_out_of_range | estimated 40.5°F, bucket 40-41°F, price 0.00",,2026-03-24 14:50:50.191684+00
916,ruth-pws-kmia-20260324-145050366,wendy,KMIA,info,signal,"PWS anticipation: STRONG (score=1.000), METAR 73.0°F → estimated 77.2°F, bucket 72-73°F → 76-77°F","{""gap"": ""2.62"", ""conf"": ""1.00"", ""ramp"": ""1.62"", ""score"": 1, ""current"": ""72-73°F"", ""predicted"": ""76-77°F"", ""tEstimated"": ""25.12""}",2026-03-24 14:50:50.370778+00
917,ruth-pws-kmia-20260324-145050366,wendy,KMIA,info,guard,"PWS guards blocked: price_out_of_range | estimated 77.2°F, bucket 76-77°F, price 0.00",,2026-03-24 14:50:50.374711+00
918,ruth-pws-katl-20260324-145050616,wendy,KATL,info,signal,"PWS anticipation: STRONG (score=0.863), METAR 54.0°F → estimated 56.1°F, bucket 54-55°F → 56-57°F","{""gap"": ""1.36"", ""conf"": ""1.00"", ""ramp"": ""0.79"", ""score"": 0.862584156536524, ""current"": ""54-55°F"", ""predicted"": ""56-57°F"", ""tEstimated"": ""13.39""}",2026-03-24 14:50:50.619239+00
919,ruth-pws-lfpg-20260324-145050969,wendy,LFPG,info,signal,"PWS anticipation: WEAK (score=-0.162), METAR 19.0°C → estimated 18.2°C, bucket 19°C → 18°C","{""gap"": ""-0.72"", ""conf"": ""0.00"", ""ramp"": ""-2.79"", ""score"": -0.16249999999999903, ""current"": ""19°C"", ""predicted"": ""18°C"", ""tEstimated"": ""18.16""}",2026-03-24 14:50:50.972603+00
920,ruth-pws-cyyz-20260324-145051179,wendy,CYYZ,info,signal,"PWS anticipation: STRONG (score=0.825), METAR -1.0°C → estimated 0.0°C, bucket -1°C → 0°C","{""gap"": ""1.00"", ""conf"": ""1.00"", ""ramp"": ""1.67"", ""score"": 0.825, ""current"": ""-1°C"", ""predicted"": ""0°C"", ""tEstimated"": ""0.00""}",2026-03-24 14:50:51.182436+00
921,ruth-pws-cyyz-20260324-145051179,wendy,CYYZ,info,guard,"PWS guards blocked: price_out_of_range | estimated 0.0°C, bucket 0°C, price 0.00",,2026-03-24 14:50:51.183501+00
922,ruth-pws-kdal-20260324-145149802,wendy,KDAL,info,signal,"PWS anticipation: STRONG (score=1.000), METAR 62.1°F → estimated 66.9°F, bucket 62-63°F → 66-67°F","{""gap"": ""2.58"", ""conf"": ""1.00"", ""ramp"": ""2.91"", ""score"": 1, ""current"": ""62-63°F"", ""predicted"": ""66-67°F"", ""tEstimated"": ""19.38""}",2026-03-24 14:51:49.812074+00
923,ruth-pws-kord-20260324-145149947,wendy,KORD,info,signal,"PWS anticipation: STRONG (score=0.978), METAR 34.0°F → estimated 38.3°F, bucket 34-35°F → 38-39°F","{""gap"": ""1.68"", ""conf"": ""1.00"", ""ramp"": ""3.46"", ""score"": 0.9775, ""current"": ""34-35°F"", ""predicted"": ""38-39°F"", ""tEstimated"": ""3.48""}",2026-03-24 14:51:49.952864+00
924,ruth-pws-kord-20260324-145149947,wendy,KORD,info,guard,"PWS guards blocked: price_out_of_range | estimated 38.3°F, bucket 38-39°F, price 0.00",,2026-03-24 14:51:49.965497+00
925,ruth-pws-klga-20260324-145150144,wendy,KLGA,info,signal,"PWS anticipation: STRONG (score=0.757), METAR 37.9°F → estimated 39.9°F, bucket 38-39°F → 40-41°F","{""gap"": ""1.59"", ""conf"": ""1.00"", ""ramp"": ""-0.15"", ""score"": 0.7574999999999998, ""current"": ""38-39°F"", ""predicted"": ""40-41°F"", ""tEstimated"": ""4.37""}",2026-03-24 14:51:50.148223+00
926,ruth-pws-klga-20260324-145150144,wendy,KLGA,info,guard,"PWS guards blocked: price_out_of_range | estimated 39.9°F, bucket 40-41°F, price 0.00",,2026-03-24 14:51:50.152624+00
927,ruth-pws-kmia-20260324-145150329,wendy,KMIA,info,signal,"PWS anticipation: STRONG (score=1.000), METAR 73.0°F → estimated 76.9°F, bucket 72-73°F → 76-77°F","{""gap"": ""2.67"", ""conf"": ""1.00"", ""ramp"": ""0.86"", ""score"": 1, ""current"": ""72-73°F"", ""predicted"": ""76-77°F"", ""tEstimated"": ""24.93""}",2026-03-24 14:51:50.333415+00
928,ruth-pws-kmia-20260324-145150329,wendy,KMIA,info,guard,"PWS guards blocked: price_out_of_range | estimated 76.9°F, bucket 76-77°F, price 0.00",,2026-03-24 14:51:50.335595+00
929,ruth-pws-katl-20260324-145150500,wendy,KATL,info,signal,"PWS anticipation: STRONG (score=0.784), METAR 54.0°F → estimated 55.9°F, bucket 54-55°F → 56-57°F","{""gap"": ""1.36"", ""conf"": ""1.00"", ""ramp"": ""0.39"", ""score"": 0.783783827964836, ""current"": ""54-55°F"", ""predicted"": ""56-57°F"", ""tEstimated"": ""13.27""}",2026-03-24 14:51:50.503098+00
930,ruth-pws-lfpg-20260324-145150937,wendy,LFPG,info,signal,"PWS anticipation: WEAK (score=-0.162), METAR 19.0°C → estimated 18.3°C, bucket 19°C → 18°C","{""gap"": ""-0.72"", ""conf"": ""0.00"", ""ramp"": ""-2.30"", ""score"": -0.16249999999999903, ""current"": ""19°C"", ""predicted"": ""18°C"", ""tEstimated"": ""18.31""}",2026-03-24 14:51:50.939734+00
931,ruth-pws-cyyz-20260324-145151177,wendy,CYYZ,info,signal,"PWS anticipation: STRONG (score=0.825), METAR -1.0°C → estimated 0.0°C, bucket -1°C → 0°C","{""gap"": ""1.00"", ""conf"": ""1.00"", ""ramp"": ""1.82"", ""score"": 0.825, ""current"": ""-1°C"", ""predicted"": ""0°C"", ""tEstimated"": ""0.05""}",2026-03-24 14:51:51.182808+00
932,ruth-pws-cyyz-20260324-145151177,wendy,CYYZ,info,guard,"PWS guards blocked: price_out_of_range | estimated 0.0°C, bucket 0°C, price 0.00",,2026-03-24 14:51:51.185325+00
933,ruth-pws-kdal-20260324-145249798,wendy,KDAL,info,signal,"PWS anticipation: STRONG (score=1.000), METAR 62.1°F → estimated 66.7°F, bucket 62-63°F → 66-67°F","{""gap"": ""2.69"", ""conf"": ""1.00"", ""ramp"": ""2.27"", ""score"": 1, ""current"": ""62-63°F"", ""predicted"": ""66-67°F"", ""tEstimated"": ""19.26""}",2026-03-24 14:52:49.809657+00
934,ruth-pws-kord-20260324-145250346,wendy,KORD,info,signal,"PWS anticipation: STRONG (score=0.978), METAR 34.0°F → estimated 38.1°F, bucket 34-35°F → 38-39°F","{""gap"": ""1.68"", ""conf"": ""1.00"", ""ramp"": ""3.15"", ""score"": 0.9775, ""current"": ""34-35°F"", ""predicted"": ""38-39°F"", ""tEstimated"": ""3.39""}",2026-03-24 14:52:50.350162+00
935,ruth-pws-kord-20260324-145250346,wendy,KORD,info,guard,"PWS guards blocked: price_out_of_range | estimated 38.1°F, bucket 38-39°F, price 0.00",,2026-03-24 14:52:50.360488+00
936,ruth-pws-klga-20260324-145250501,wendy,KLGA,info,signal,"PWS anticipation: STRONG (score=0.757), METAR 37.9°F → estimated 39.5°F, bucket 38-39°F → 40-41°F","{""gap"": ""1.59"", ""conf"": ""1.00"", ""ramp"": ""-0.79"", ""score"": 0.7574999999999998, ""current"": ""38-39°F"", ""predicted"": ""40-41°F"", ""tEstimated"": ""4.18""}",2026-03-24 14:52:50.505791+00
937,ruth-pws-klga-20260324-145250501,wendy,KLGA,info,guard,"PWS guards blocked: price_out_of_range | estimated 39.5°F, bucket 40-41°F, price 0.00",,2026-03-24 14:52:50.507921+00
938,ruth-pws-kmia-20260324-145250649,wendy,KMIA,info,signal,"PWS anticipation: STRONG (score=0.997), METAR 73.0°F → estimated 77.1°F, bucket 72-73°F → 76-77°F","{""gap"": ""2.98"", ""conf"": ""1.00"", ""ramp"": ""0.49"", ""score"": 0.9971472103369475, ""current"": ""72-73°F"", ""predicted"": ""76-77°F"", ""tEstimated"": ""25.03""}",2026-03-24 14:52:50.652208+00
939,ruth-pws-kmia-20260324-145250649,wendy,KMIA,info,guard,"PWS guards blocked: price_out_of_range | estimated 77.1°F, bucket 76-77°F, price 0.00",,2026-03-24 14:52:50.654229+00
940,ruth-pws-katl-20260324-145250785,wendy,KATL,info,signal,"PWS anticipation: STRONG (score=0.770), METAR 54.0°F → estimated 55.9°F, bucket 54-55°F → 56-57°F","{""gap"": ""1.41"", ""conf"": ""1.00"", ""ramp"": ""0.26"", ""score"": 0.7700208261101471, ""current"": ""54-55°F"", ""predicted"": ""56-57°F"", ""tEstimated"": ""13.27""}",2026-03-24 14:52:50.788606+00
941,ruth-pws-cyyz-20260324-145251302,wendy,CYYZ,info,signal,"PWS anticipation: STRONG (score=0.875), METAR -1.0°C → estimated 0.4°C, bucket -1°C → 0°C","{""gap"": ""1.22"", ""conf"": ""1.00"", ""ramp"": ""2.73"", ""score"": 0.8749999999999998, ""current"": ""-1°C"", ""predicted"": ""0°C"", ""tEstimated"": ""0.43""}",2026-03-24 14:52:51.306258+00
942,ruth-pws-cyyz-20260324-145251302,wendy,CYYZ,info,guard,"PWS guards blocked: price_out_of_range | estimated 0.4°C, bucket 0°C, price 0.00",,2026-03-24 14:52:51.30746+00
943,ruth-pws-kdal-20260324-145349864,wendy,KDAL,info,signal,"PWS anticipation: STRONG (score=1.000), METAR 62.1°F → estimated 66.5°F, bucket 62-63°F → 66-67°F","{""gap"": ""2.69"", ""conf"": ""1.00"", ""ramp"": ""1.92"", ""score"": 1, ""current"": ""62-63°F"", ""predicted"": ""66-67°F"", ""tEstimated"": ""19.16""}",2026-03-24 14:53:49.87759+00
944,ruth-pws-kord-20260324-145350213,wendy,KORD,info,signal,"PWS anticipation: STRONG (score=0.978), METAR 34.0°F → estimated 37.7°F, bucket 34-35°F → 38-39°F","{""gap"": ""1.68"", ""conf"": ""1.00"", ""ramp"": ""2.34"", ""score"": 0.9775, ""current"": ""34-35°F"", ""predicted"": ""38-39°F"", ""tEstimated"": ""3.14""}",2026-03-24 14:53:50.221015+00
945,ruth-pws-kord-20260324-145350213,wendy,KORD,info,guard,"PWS guards blocked: price_out_of_range | estimated 37.7°F, bucket 38-39°F, price 0.01",,2026-03-24 14:53:50.241397+00
946,ruth-pws-klga-20260324-145350392,wendy,KLGA,info,signal,"PWS anticipation: STRONG (score=0.757), METAR 37.9°F → estimated 39.6°F, bucket 38-39°F → 40-41°F","{""gap"": ""1.59"", ""conf"": ""1.00"", ""ramp"": ""-0.54"", ""score"": 0.7574999999999998, ""current"": ""38-39°F"", ""predicted"": ""40-41°F"", ""tEstimated"": ""4.25""}",2026-03-24 14:53:50.395795+00
947,ruth-pws-klga-20260324-145350392,wendy,KLGA,info,guard,"PWS guards blocked: price_out_of_range | estimated 39.6°F, bucket 40-41°F, price 0.00",,2026-03-24 14:53:50.413579+00
948,ruth-pws-kmia-20260324-145350654,wendy,KMIA,info,signal,"PWS anticipation: STRONG (score=1.000), METAR 73.0°F → estimated 77.4°F, bucket 72-73°F → 76-77°F","{""gap"": ""3.03"", ""conf"": ""1.00"", ""ramp"": ""0.99"", ""score"": 1, ""current"": ""72-73°F"", ""predicted"": ""76-77°F"", ""tEstimated"": ""25.22""}",2026-03-24 14:53:50.658263+00
949,ruth-pws-kmia-20260324-145350654,wendy,KMIA,info,guard,"PWS guards blocked: price_out_of_range | estimated 77.4°F, bucket 76-77°F, price 0.00",,2026-03-24 14:53:50.671288+00
950,ruth-pws-katl-20260324-145350916,wendy,KATL,info,signal,"PWS anticipation: STRONG (score=0.770), METAR 54.0°F → estimated 55.9°F, bucket 54-55°F → 56-57°F","{""gap"": ""1.47"", ""conf"": ""1.00"", ""ramp"": ""0.20"", ""score"": 0.770437011878948, ""current"": ""54-55°F"", ""predicted"": ""56-57°F"", ""tEstimated"": ""13.29""}",2026-03-24 14:53:50.919685+00
951,ruth-pws-cyyz-20260324-145351486,wendy,CYYZ,info,signal,"PWS anticipation: STRONG (score=0.875), METAR -1.0°C → estimated 0.5°C, bucket -1°C → 1°C","{""gap"": ""1.22"", ""conf"": ""1.00"", ""ramp"": ""3.09"", ""score"": 0.8749999999999998, ""current"": ""-1°C"", ""predicted"": ""1°C"", ""tEstimated"": ""0.54""}",2026-03-24 14:53:51.489535+00
952,ruth-pws-cyyz-20260324-145351486,wendy,CYYZ,info,guard,"PWS guards blocked: price_out_of_range | estimated 0.5°C, bucket 1°C, price 0.00",,2026-03-24 14:53:51.505169+00
953,ruth-pws-kdal-20260324-145449867,wendy,KDAL,info,signal,"PWS anticipation: STRONG (score=1.000), METAR 62.1°F → estimated 66.4°F, bucket 62-63°F → 66-67°F","{""gap"": ""2.69"", ""conf"": ""1.00"", ""ramp"": ""1.82"", ""score"": 1, ""current"": ""62-63°F"", ""predicted"": ""66-67°F"", ""tEstimated"": ""19.13""}",2026-03-24 14:54:49.878205+00
954,ruth-pws-kord-20260324-145450018,wendy,KORD,info,signal,"PWS anticipation: STRONG (score=0.978), METAR 34.0°F → estimated 37.2°F, bucket 34-35°F → 36-37°F","{""gap"": ""1.68"", ""conf"": ""1.00"", ""ramp"": ""1.43"", ""score"": 0.9775, ""current"": ""34-35°F"", ""predicted"": ""36-37°F"", ""tEstimated"": ""2.87""}",2026-03-24 14:54:50.021248+00
955,ruth-pws-klga-20260324-145450246,wendy,KLGA,info,signal,"PWS anticipation: STRONG (score=0.757), METAR 37.9°F → estimated 39.8°F, bucket 38-39°F → 40-41°F","{""gap"": ""1.59"", ""conf"": ""1.00"", ""ramp"": ""-0.22"", ""score"": 0.7574999999999998, ""current"": ""38-39°F"", ""predicted"": ""40-41°F"", ""tEstimated"": ""4.35""}",2026-03-24 14:54:50.250453+00
956,ruth-pws-klga-20260324-145450246,wendy,KLGA,info,guard,"PWS guards blocked: price_out_of_range | estimated 39.8°F, bucket 40-41°F, price 0.00",,2026-03-24 14:54:50.260522+00
957,ruth-pws-kmia-20260324-145450440,wendy,KMIA,info,signal,"PWS anticipation: STRONG (score=1.000), METAR 73.0°F → estimated 77.5°F, bucket 72-73°F → 78-79°F","{""gap"": ""3.03"", ""conf"": ""1.00"", ""ramp"": ""1.21"", ""score"": 1, ""current"": ""72-73°F"", ""predicted"": ""78-79°F"", ""tEstimated"": ""25.29""}",2026-03-24 14:54:50.443327+00
958,ruth-pws-kmia-20260324-145450440,wendy,KMIA,info,guard,"PWS guards blocked: price_out_of_range | estimated 77.5°F, bucket 78-79°F, price 0.00",,2026-03-24 14:54:50.446103+00
959,ruth-pws-katl-20260324-145450635,wendy,KATL,info,signal,"PWS anticipation: STRONG (score=0.730), METAR 54.0°F → estimated 55.8°F, bucket 54-55°F → 56-57°F","{""gap"": ""1.41"", ""conf"": ""1.00"", ""ramp"": ""0.06"", ""score"": 0.7296714197782705, ""current"": ""54-55°F"", ""predicted"": ""56-57°F"", ""tEstimated"": ""13.21""}",2026-03-24 14:54:50.638809+00
960,ruth-pws-eglc-20260324-145450850,wendy,EGLC,info,signal,"PWS anticipation: WEAK (score=0.046), METAR 13.0°C → estimated 12.5°C, bucket 13°C → 12°C","{""gap"": ""-0.39"", ""conf"": ""0.33"", ""ramp"": ""-1.50"", ""score"": 0.04583333333333364, ""current"": ""13°C"", ""predicted"": ""12°C"", ""tEstimated"": ""12.46""}",2026-03-24 14:54:50.853521+00
961,ruth-pws-cyyz-20260324-145451319,wendy,CYYZ,info,signal,"PWS anticipation: STRONG (score=0.862), METAR -1.0°C → estimated 0.4°C, bucket -1°C → 0°C","{""gap"": ""1.17"", ""conf"": ""1.00"", ""ramp"": ""2.85"", ""score"": 0.8624999999999996, ""current"": ""-1°C"", ""predicted"": ""0°C"", ""tEstimated"": ""0.44""}",2026-03-24 14:54:51.322946+00
962,ruth-pws-cyyz-20260324-145451319,wendy,CYYZ,info,guard,"PWS guards blocked: price_out_of_range | estimated 0.4°C, bucket 0°C, price 0.00",,2026-03-24 14:54:51.325616+00
963,ruth-pws-ksea-20260324-145549687,wendy,KSEA,info,signal,"PWS anticipation: STRONG (score=0.572), METAR 43.0°F → estimated 43.8°F, bucket 42-43°F → 44-45°F","{""gap"": ""0.51"", ""conf"": ""1.00"", ""ramp"": ""0.28"", ""score"": 0.5716097085977044, ""current"": ""42-43°F"", ""predicted"": ""44-45°F"", ""tEstimated"": ""6.54""}",2026-03-24 14:55:49.699025+00
964,ruth-pws-ksea-20260324-145549687,wendy,KSEA,info,guard,"PWS guards blocked: price_out_of_range | estimated 43.8°F, bucket 44-45°F, price 0.00",,2026-03-24 14:55:49.706627+00
965,ruth-pws-kdal-20260324-145549868,wendy,KDAL,info,signal,"PWS anticipation: STRONG (score=1.000), METAR 62.1°F → estimated 66.3°F, bucket 62-63°F → 66-67°F","{""gap"": ""2.69"", ""conf"": ""1.00"", ""ramp"": ""1.52"", ""score"": 1, ""current"": ""62-63°F"", ""predicted"": ""66-67°F"", ""tEstimated"": ""19.04""}",2026-03-24 14:55:49.87256+00
966,ruth-pws-kord-20260324-145550082,wendy,KORD,info,signal,"PWS anticipation: STRONG (score=1.000), METAR 34.0°F → estimated 37.1°F, bucket 34-35°F → 36-37°F","{""gap"": ""1.79"", ""conf"": ""1.00"", ""ramp"": ""1.05"", ""score"": 1, ""current"": ""34-35°F"", ""predicted"": ""36-37°F"", ""tEstimated"": ""2.85""}",2026-03-24 14:55:50.085899+00
967,ruth-pws-klga-20260324-145550290,wendy,KLGA,info,signal,"PWS anticipation: STRONG (score=0.733), METAR 37.9°F → estimated 39.7°F, bucket 38-39°F → 40-41°F","{""gap"": ""1.48"", ""conf"": ""1.00"", ""ramp"": ""-0.18"", ""score"": 0.7325000000000002, ""current"": ""38-39°F"", ""predicted"": ""40-41°F"", ""tEstimated"": ""4.28""}",2026-03-24 14:55:50.292723+00
968,ruth-pws-klga-20260324-145550290,wendy,KLGA,info,guard,"PWS guards blocked: price_out_of_range | estimated 39.7°F, bucket 40-41°F, price 0.00",,2026-03-24 14:55:50.295024+00
969,ruth-pws-kmia-20260324-145550511,wendy,KMIA,info,signal,"PWS anticipation: STRONG (score=1.000), METAR 73.0°F → estimated 77.6°F, bucket 72-73°F → 78-79°F","{""gap"": ""2.92"", ""conf"": ""1.00"", ""ramp"": ""1.57"", ""score"": 1, ""current"": ""72-73°F"", ""predicted"": ""78-79°F"", ""tEstimated"": ""25.32""}",2026-03-24 14:55:50.515229+00
970,ruth-pws-kmia-20260324-145550511,wendy,KMIA,info,guard,"PWS guards blocked: price_out_of_range | estimated 77.6°F, bucket 78-79°F, price 0.00",,2026-03-24 14:55:50.517379+00
971,ruth-pws-katl-20260324-145550792,wendy,KATL,info,signal,"PWS anticipation: STRONG (score=0.738), METAR 54.0°F → estimated 55.8°F, bucket 54-55°F → 56-57°F","{""gap"": ""1.41"", ""conf"": ""1.00"", ""ramp"": ""0.10"", ""score"": 0.7377494139686662, ""current"": ""54-55°F"", ""predicted"": ""56-57°F"", ""tEstimated"": ""13.22""}",2026-03-24 14:55:50.79546+00
972,ruth-pws-eglc-20260324-145551001,wendy,EGLC,info,signal,"PWS anticipation: WEAK (score=0.046), METAR 13.0°C → estimated 12.4°C, bucket 13°C → 12°C","{""gap"": ""-0.39"", ""conf"": ""0.33"", ""ramp"": ""-1.80"", ""score"": 0.04583333333333364, ""current"": ""13°C"", ""predicted"": ""12°C"", ""tEstimated"": ""12.37""}",2026-03-24 14:55:51.005144+00
973,ruth-pws-cyyz-20260324-145551378,wendy,CYYZ,info,signal,"PWS anticipation: STRONG (score=0.825), METAR -1.0°C → estimated 0.0°C, bucket -1°C → 0°C","{""gap"": ""1.00"", ""conf"": ""1.00"", ""ramp"": ""1.72"", ""score"": 0.825, ""current"": ""-1°C"", ""predicted"": ""0°C"", ""tEstimated"": ""0.01""}",2026-03-24 14:55:51.381259+00
974,ruth-pws-cyyz-20260324-145551378,wendy,CYYZ,info,guard,"PWS guards blocked: price_out_of_range | estimated 0.0°C, bucket 0°C, price 0.00",,2026-03-24 14:55:51.38345+00
975,ruth-pws-ksea-20260324-145649729,wendy,KSEA,info,signal,"PWS anticipation: STRONG (score=0.600), METAR 43.0°F → estimated 43.9°F, bucket 42-43°F → 44-45°F","{""gap"": ""0.51"", ""conf"": ""1.00"", ""ramp"": ""0.42"", ""score"": 0.599881090318734, ""current"": ""42-43°F"", ""predicted"": ""44-45°F"", ""tEstimated"": ""6.59""}",2026-03-24 14:56:49.745698+00
976,ruth-pws-ksea-20260324-145649729,wendy,KSEA,info,guard,"PWS guards blocked: price_out_of_range | estimated 43.9°F, bucket 44-45°F, price 0.00",,2026-03-24 14:56:49.749869+00
977,ruth-pws-kdal-20260324-145649905,wendy,KDAL,info,signal,"PWS anticipation: STRONG (score=1.000), METAR 62.1°F → estimated 66.2°F, bucket 62-63°F → 66-67°F","{""gap"": ""2.69"", ""conf"": ""1.00"", ""ramp"": ""1.36"", ""score"": 1, ""current"": ""62-63°F"", ""predicted"": ""66-67°F"", ""tEstimated"": ""18.99""}",2026-03-24 14:56:49.908873+00
978,ruth-pws-kord-20260324-145650072,wendy,KORD,info,signal,"PWS anticipation: STRONG (score=1.000), METAR 34.0°F → estimated 37.2°F, bucket 34-35°F → 36-37°F","{""gap"": ""1.79"", ""conf"": ""1.00"", ""ramp"": ""1.12"", ""score"": 1, ""current"": ""34-35°F"", ""predicted"": ""36-37°F"", ""tEstimated"": ""2.87""}",2026-03-24 14:56:50.075541+00
979,ruth-pws-kmia-20260324-145650394,wendy,KMIA,info,signal,"PWS anticipation: STRONG (score=1.000), METAR 73.0°F → estimated 77.2°F, bucket 72-73°F → 76-77°F","{""gap"": ""2.81"", ""conf"": ""1.00"", ""ramp"": ""1.11"", ""score"": 1, ""current"": ""72-73°F"", ""predicted"": ""76-77°F"", ""tEstimated"": ""25.10""}",2026-03-24 14:56:50.398572+00
980,ruth-pws-kmia-20260324-145650394,wendy,KMIA,info,guard,"PWS guards blocked: price_out_of_range | estimated 77.2°F, bucket 76-77°F, price 0.00",,2026-03-24 14:56:50.402095+00
981,ruth-pws-katl-20260324-145650572,wendy,KATL,info,signal,"PWS anticipation: STRONG (score=0.736), METAR 54.0°F → estimated 55.8°F, bucket 54-55°F → 56-57°F","{""gap"": ""1.41"", ""conf"": ""1.00"", ""ramp"": ""0.09"", ""score"": 0.7357199547849713, ""current"": ""54-55°F"", ""predicted"": ""56-57°F"", ""tEstimated"": ""13.22""}",2026-03-24 14:56:50.576539+00
982,ruth-pws-eglc-20260324-145650751,wendy,EGLC,info,signal,"PWS anticipation: WEAK (score=0.046), METAR 13.0°C → estimated 12.4°C, bucket 13°C → 12°C","{""gap"": ""-0.39"", ""conf"": ""0.33"", ""ramp"": ""-1.67"", ""score"": 0.04583333333333364, ""current"": ""13°C"", ""predicted"": ""12°C"", ""tEstimated"": ""12.41""}",2026-03-24 14:56:50.753522+00
983,ruth-pws-cyyz-20260324-145651102,wendy,CYYZ,info,signal,"PWS anticipation: STRONG (score=0.825), METAR -1.0°C → estimated -0.1°C, bucket -1°C → 0°C","{""gap"": ""1.00"", ""conf"": ""1.00"", ""ramp"": ""1.18"", ""score"": 0.825, ""current"": ""-1°C"", ""predicted"": ""0°C"", ""tEstimated"": ""-0.15""}",2026-03-24 14:56:51.105925+00
984,ruth-pws-cyyz-20260324-145651102,wendy,CYYZ,info,guard,"PWS guards blocked: price_out_of_range | estimated -0.1°C, bucket 0°C, price 0.00",,2026-03-24 14:56:51.108578+00
985,ruth-pws-ksea-20260324-145749670,wendy,KSEA,info,signal,"PWS anticipation: STRONG (score=0.709), METAR 43.0°F → estimated 44.1°F, bucket 42-43°F → 44-45°F","{""gap"": ""0.51"", ""conf"": ""1.00"", ""ramp"": ""0.97"", ""score"": 0.7089260298440732, ""current"": ""42-43°F"", ""predicted"": ""44-45°F"", ""tEstimated"": ""6.75""}",2026-03-24 14:57:49.684599+00
986,ruth-pws-ksea-20260324-145749670,wendy,KSEA,info,guard,"PWS guards blocked: price_out_of_range | estimated 44.1°F, bucket 44-45°F, price 0.00",,2026-03-24 14:57:49.686857+00
987,ruth-pws-kdal-20260324-145749941,wendy,KDAL,info,signal,"PWS anticipation: STRONG (score=1.000), METAR 62.1°F → estimated 66.0°F, bucket 62-63°F → 66-67°F","{""gap"": ""2.69"", ""conf"": ""1.00"", ""ramp"": ""0.97"", ""score"": 1, ""current"": ""62-63°F"", ""predicted"": ""66-67°F"", ""tEstimated"": ""18.87""}",2026-03-24 14:57:49.943869+00
988,ruth-pws-kord-20260324-145750255,wendy,KORD,info,signal,"PWS anticipation: STRONG (score=1.000), METAR 34.0°F → estimated 37.2°F, bucket 34-35°F → 36-37°F","{""gap"": ""1.84"", ""conf"": ""1.00"", ""ramp"": ""1.03"", ""score"": 1, ""current"": ""34-35°F"", ""predicted"": ""36-37°F"", ""tEstimated"": ""2.88""}",2026-03-24 14:57:50.258815+00
989,ruth-pws-kmia-20260324-145750706,wendy,KMIA,info,signal,"PWS anticipation: STRONG (score=1.000), METAR 73.0°F → estimated 77.4°F, bucket 72-73°F → 76-77°F","{""gap"": ""2.81"", ""conf"": ""1.00"", ""ramp"": ""1.56"", ""score"": 1, ""current"": ""72-73°F"", ""predicted"": ""76-77°F"", ""tEstimated"": ""25.23""}",2026-03-24 14:57:50.709319+00
990,ruth-pws-kmia-20260324-145750706,wendy,KMIA,info,guard,"PWS guards blocked: price_out_of_range | estimated 77.4°F, bucket 76-77°F, price 0.00",,2026-03-24 14:57:50.711886+00
991,ruth-pws-katl-20260324-145750899,wendy,KATL,info,signal,"PWS anticipation: STRONG (score=0.803), METAR 54.0°F → estimated 56.0°F, bucket 54-55°F → 56-57°F","{""gap"": ""1.47"", ""conf"": ""1.00"", ""ramp"": ""0.36"", ""score"": 0.8027287393404053, ""current"": ""54-55°F"", ""predicted"": ""56-57°F"", ""tEstimated"": ""13.34""}",2026-03-24 14:57:50.90365+00
992,ruth-pws-eglc-20260324-145751105,wendy,EGLC,info,signal,"PWS anticipation: WEAK (score=0.046), METAR 13.0°C → estimated 12.3°C, bucket 13°C → 12°C","{""gap"": ""-0.39"", ""conf"": ""0.33"", ""ramp"": ""-2.04"", ""score"": 0.04583333333333364, ""current"": ""13°C"", ""predicted"": ""12°C"", ""tEstimated"": ""12.30""}",2026-03-24 14:57:51.107526+00
993,ruth-pws-cyyz-20260324-145751420,wendy,CYYZ,info,signal,"PWS anticipation: STRONG (score=0.662), METAR -1.0°C → estimated -0.4°C, bucket -1°C → 0°C","{""gap"": ""1.00"", ""conf"": ""1.00"", ""ramp"": ""0.18"", ""score"": 0.6615134184070557, ""current"": ""-1°C"", ""predicted"": ""0°C"", ""tEstimated"": ""-0.45""}",2026-03-24 14:57:51.423539+00
994,ruth-pws-cyyz-20260324-145751420,wendy,CYYZ,info,guard,"PWS guards blocked: price_out_of_range | estimated -0.4°C, bucket 0°C, price 0.00",,2026-03-24 14:57:51.425285+00
995,ruth-pws-ksea-20260324-145849642,wendy,KSEA,info,signal,"PWS anticipation: STRONG (score=0.715), METAR 43.0°F → estimated 44.2°F, bucket 42-43°F → 44-45°F","{""gap"": ""0.51"", ""conf"": ""1.00"", ""ramp"": ""1.01"", ""score"": 0.7150000000000001, ""current"": ""42-43°F"", ""predicted"": ""44-45°F"", ""tEstimated"": ""6.76""}",2026-03-24 14:58:49.679333+00
996,ruth-pws-ksea-20260324-145849642,wendy,KSEA,info,guard,"PWS guards blocked: price_out_of_range | estimated 44.2°F, bucket 44-45°F, price 0.00",,2026-03-24 14:58:49.682574+00
997,ruth-pws-kdal-20260324-145849855,wendy,KDAL,info,signal,"PWS anticipation: STRONG (score=1.000), METAR 62.1°F → estimated 65.9°F, bucket 62-63°F → 66-67°F","{""gap"": ""2.69"", ""conf"": ""1.00"", ""ramp"": ""0.85"", ""score"": 1, ""current"": ""62-63°F"", ""predicted"": ""66-67°F"", ""tEstimated"": ""18.84""}",2026-03-24 14:58:49.858224+00
998,ruth-pws-kord-20260324-145849999,wendy,KORD,info,signal,"PWS anticipation: STRONG (score=1.000), METAR 34.0°F → estimated 37.5°F, bucket 34-35°F → 38-39°F","{""gap"": ""1.90"", ""conf"": ""1.00"", ""ramp"": ""1.47"", ""score"": 1, ""current"": ""34-35°F"", ""predicted"": ""38-39°F"", ""tEstimated"": ""3.06""}",2026-03-24 14:58:50.002775+00
999,ruth-pws-kord-20260324-145849999,wendy,KORD,info,guard,"PWS guards blocked: price_out_of_range | estimated 37.5°F, bucket 38-39°F, price 0.01",,2026-03-24 14:58:50.005407+00
1000,ruth-pws-kmia-20260324-145850293,wendy,KMIA,info,signal,"PWS anticipation: STRONG (score=1.000), METAR 73.0°F → estimated 77.3°F, bucket 72-73°F → 76-77°F","{""gap"": ""2.81"", ""conf"": ""1.00"", ""ramp"": ""1.32"", ""score"": 1, ""current"": ""72-73°F"", ""predicted"": ""76-77°F"", ""tEstimated"": ""25.17""}",2026-03-24 14:58:50.297247+00
1001,ruth-pws-kmia-20260324-145850293,wendy,KMIA,info,guard,"PWS guards blocked: price_out_of_range | estimated 77.3°F, bucket 76-77°F, price 0.00",,2026-03-24 14:58:50.298777+00
1002,ruth-pws-katl-20260324-145850445,wendy,KATL,info,signal,"PWS anticipation: STRONG (score=0.839), METAR 54.0°F → estimated 56.1°F, bucket 54-55°F → 56-57°F","{""gap"": ""1.47"", ""conf"": ""1.00"", ""ramp"": ""0.55"", ""score"": 0.8391269149348063, ""current"": ""54-55°F"", ""predicted"": ""56-57°F"", ""tEstimated"": ""13.39""}",2026-03-24 14:58:50.448345+00
1003,ruth-pws-eglc-20260324-145851704,wendy,EGLC,info,signal,"PWS anticipation: WEAK (score=0.046), METAR 13.0°C → estimated 12.4°C, bucket 13°C → 12°C","{""gap"": ""-0.39"", ""conf"": ""0.33"", ""ramp"": ""-1.53"", ""score"": 0.04583333333333364, ""current"": ""13°C"", ""predicted"": ""12°C"", ""tEstimated"": ""12.45""}",2026-03-24 14:58:51.707942+00
1004,ruth-pws-cyyz-20260324-145852094,wendy,CYYZ,info,signal,"PWS anticipation: STRONG (score=0.670), METAR -1.0°C → estimated -0.4°C, bucket -1°C → 0°C","{""gap"": ""1.11"", ""conf"": ""1.00"", ""ramp"": ""0.10"", ""score"": 0.6703811015899978, ""current"": ""-1°C"", ""predicted"": ""0°C"", ""tEstimated"": ""-0.41""}",2026-03-24 14:58:52.097903+00
1005,ruth-pws-cyyz-20260324-145852094,wendy,CYYZ,info,guard,"PWS guards blocked: price_out_of_range | estimated -0.4°C, bucket 0°C, price 0.00",,2026-03-24 14:58:52.100372+00
1006,ruth-pws-ksea-20260324-145951462,wendy,KSEA,info,signal,"PWS anticipation: STRONG (score=0.709), METAR 43.0°F → estimated 44.1°F, bucket 42-43°F → 44-45°F","{""gap"": ""0.51"", ""conf"": ""1.00"", ""ramp"": ""0.97"", ""score"": 0.7085030597933301, ""current"": ""42-43°F"", ""predicted"": ""44-45°F"", ""tEstimated"": ""6.75""}",2026-03-24 14:59:51.482302+00
1007,ruth-pws-ksea-20260324-145951462,wendy,KSEA,info,guard,"PWS guards blocked: price_out_of_range | estimated 44.1°F, bucket 44-45°F, price 0.00",,2026-03-24 14:59:51.543884+00
1008,ruth-pws-kdal-20260324-145951727,wendy,KDAL,info,signal,"PWS anticipation: STRONG (score=1.000), METAR 62.1°F → estimated 65.8°F, bucket 62-63°F → 66-67°F","{""gap"": ""2.69"", ""conf"": ""1.00"", ""ramp"": ""0.64"", ""score"": 1, ""current"": ""62-63°F"", ""predicted"": ""66-67°F"", ""tEstimated"": ""18.78""}",2026-03-24 14:59:51.730622+00
1009,ruth-pws-kord-20260324-145951982,wendy,KORD,info,signal,"PWS anticipation: STRONG (score=1.000), METAR 34.0°F → estimated 37.7°F, bucket 34-35°F → 38-39°F","{""gap"": ""1.90"", ""conf"": ""1.00"", ""ramp"": ""1.75"", ""score"": 1, ""current"": ""34-35°F"", ""predicted"": ""38-39°F"", ""tEstimated"": ""3.15""}",2026-03-24 14:59:51.985676+00
1010,ruth-pws-kord-20260324-145951982,wendy,KORD,info,guard,"PWS guards blocked: price_out_of_range | estimated 37.7°F, bucket 38-39°F, price 0.01",,2026-03-24 14:59:52.044154+00
1011,ruth-pws-kmia-20260324-145952340,wendy,KMIA,info,signal,"PWS anticipation: STRONG (score=0.944), METAR 73.0°F → estimated 76.6°F, bucket 72-73°F → 76-77°F","{""gap"": ""2.76"", ""conf"": ""1.00"", ""ramp"": ""0.22"", ""score"": 0.9441412930343371, ""current"": ""72-73°F"", ""predicted"": ""76-77°F"", ""tEstimated"": ""24.80""}",2026-03-24 14:59:52.343581+00
1012,ruth-pws-kmia-20260324-145952340,wendy,KMIA,info,guard,"PWS guards blocked: price_out_of_range | estimated 76.6°F, bucket 76-77°F, price 0.00",,2026-03-24 14:59:52.361543+00
1013,ruth-pws-katl-20260324-145952510,wendy,KATL,info,signal,"PWS anticipation: STRONG (score=0.867), METAR 54.0°F → estimated 56.2°F, bucket 54-55°F → 56-57°F","{""gap"": ""1.47"", ""conf"": ""1.00"", ""ramp"": ""0.69"", ""score"": 0.8671774224081117, ""current"": ""54-55°F"", ""predicted"": ""56-57°F"", ""tEstimated"": ""13.43""}",2026-03-24 14:59:52.513684+00
1014,ruth-pws-cyyz-20260324-145953052,wendy,CYYZ,info,signal,"PWS anticipation: STRONG (score=0.736), METAR -1.0°C → estimated -0.3°C, bucket -1°C → 0°C","{""gap"": ""1.22"", ""conf"": ""1.00"", ""ramp"": ""0.31"", ""score"": 0.7360169145295821, ""current"": ""-1°C"", ""predicted"": ""0°C"", ""tEstimated"": ""-0.30""}",2026-03-24 14:59:53.056478+00
1015,ruth-pws-cyyz-20260324-145953052,wendy,CYYZ,info,guard,"PWS guards blocked: price_out_of_range | estimated -0.3°C, bucket 0°C, price 0.00",,2026-03-24 14:59:53.073758+00
1016,ruth-metar-katl-20260324-150007972,wendy,KATL,info,signal,Threshold crossed: 54-55°F → 56-57°F,,2026-03-24 15:00:08.018307+00
1017,ruth-metar-katl-20260324-150007972,wendy,KATL,warn,signal,No market found for bucket 56-57°F,,2026-03-24 15:00:08.021042+00
1018,ruth-metar-kord-20260324-150007952,wendy,KORD,info,signal,Threshold crossed: 34-35°F → 36-37°F,,2026-03-24 15:00:08.021526+00
1025,ruth-metar-kord-20260324-150007952,wendy,KORD,info,signal,"METAR: 2.8°C, max=2.8°C, bucket=36-37°F","{""prevBucket"": ""34-35°F""}",2026-03-24 15:00:08.025448+00
1028,ruth-metar-kord-20260324-150007952,wendy,KORD,warn,signal,No market found for bucket 36-37°F,,2026-03-24 15:00:08.029657+00
1019,ruth-metar-klga-20260324-150007966,wendy,KLGA,info,signal,"METAR: 3.9°C, max=3.9°C, bucket=38-39°F","{""prevBucket"": ""38-39°F""}",2026-03-24 15:00:08.030055+00
1020,ruth-metar-eglc-20260324-150007959,wendy,EGLC,info,signal,"METAR: 13°C, max=13°C, bucket=13°C","{""prevBucket"": ""13°C""}",2026-03-24 15:00:08.031899+00
1021,ruth-metar-katl-20260324-150007972,wendy,KATL,info,signal,"METAR: 13.9°C, max=13.9°C, bucket=56-57°F","{""prevBucket"": ""54-55°F""}",2026-03-24 15:00:08.032958+00
1022,ruth-metar-kdal-20260324-150007978,wendy,KDAL,info,signal,"METAR: 18.9°C, max=18.9°C, bucket=66-67°F","{""prevBucket"": ""62-63°F""}",2026-03-24 15:00:08.035269+00
1023,ruth-metar-kdal-20260324-150007978,wendy,KDAL,info,signal,Threshold crossed: 62-63°F → 66-67°F,,2026-03-24 15:00:08.035751+00
1024,ruth-metar-kdal-20260324-150007978,wendy,KDAL,warn,signal,No market found for bucket 66-67°F,,2026-03-24 15:00:08.036119+00
1026,ruth-metar-kmia-20260324-150007991,wendy,KMIA,info,signal,"METAR: 25°C, max=25°C, bucket=76-77°F","{""prevBucket"": ""72-73°F""}",2026-03-24 15:00:08.038491+00
1027,ruth-metar-kmia-20260324-150007991,wendy,KMIA,info,signal,Threshold crossed: 72-73°F → 76-77°F,,2026-03-24 15:00:08.038938+00
1029,ruth-metar-kmia-20260324-150007991,wendy,KMIA,info,guard,"Guards blocked: price_out_of_range | METAR 77.0°F, bucket 76-77°F, price 0.00","{""price"": 0.001, ""bucket"": ""76-77°F""}",2026-03-24 15:00:08.044651+00
1030,ruth-metar-ksea-20260324-150008044,wendy,KSEA,info,signal,"METAR: 6.1°C, max=6.1°C, bucket=42-43°F","{""prevBucket"": ""42-43°F""}",2026-03-24 15:00:08.054976+00
1031,ruth-pws-ksea-20260324-150049657,wendy,KSEA,info,signal,"PWS anticipation: STRONG (score=0.587), METAR 43.0°F → estimated 43.7°F, bucket 42-43°F → 44-45°F","{""gap"": ""0.40"", ""conf"": ""1.00"", ""ramp"": ""0.48"", ""score"": 0.5869378468209115, ""current"": ""42-43°F"", ""predicted"": ""44-45°F"", ""tEstimated"": ""6.53""}",2026-03-24 15:00:49.680577+00
1032,ruth-pws-ksea-20260324-150049657,wendy,KSEA,info,guard,"PWS guards blocked: price_out_of_range | estimated 43.7°F, bucket 44-45°F, price 0.00",,2026-03-24 15:00:49.686533+00
1033,ruth-pws-kord-20260324-150050193,wendy,KORD,info,signal,"PWS anticipation: STRONG (score=0.620), METAR 37.0°F → estimated 38.0°F, bucket 36-37°F → 38-39°F","{""gap"": ""0.09"", ""conf"": ""1.00"", ""ramp"": ""1.51"", ""score"": 0.6200000000000004, ""current"": ""36-37°F"", ""predicted"": ""38-39°F"", ""tEstimated"": ""3.33""}",2026-03-24 15:00:50.196692+00
1034,ruth-pws-kord-20260324-150050193,wendy,KORD,info,guard,"PWS guards blocked: price_out_of_range | estimated 38.0°F, bucket 38-39°F, price 0.01",,2026-03-24 15:00:50.199363+00
1035,ruth-pws-kmia-20260324-150050656,wendy,KMIA,info,signal,"PWS anticipation: STRONG (score=0.581), METAR 77.0°F → estimated 77.9°F, bucket 76-77°F → 78-79°F","{""gap"": ""0.81"", ""conf"": ""1.00"", ""ramp"": ""-0.16"", ""score"": 0.5812500000000004, ""current"": ""76-77°F"", ""predicted"": ""78-79°F"", ""tEstimated"": ""25.52""}",2026-03-24 15:00:50.659701+00
1036,ruth-pws-kmia-20260324-150050656,wendy,KMIA,info,guard,"PWS guards blocked: price_out_of_range | estimated 77.9°F, bucket 78-79°F, price 0.00",,2026-03-24 15:00:50.664268+00
1037,ruth-pws-cyyz-20260324-150051563,wendy,CYYZ,info,signal,"PWS anticipation: STRONG (score=0.744), METAR -1.0°C → estimated -0.3°C, bucket -1°C → 0°C","{""gap"": ""1.22"", ""conf"": ""1.00"", ""ramp"": ""0.35"", ""score"": 0.7440143476244572, ""current"": ""-1°C"", ""predicted"": ""0°C"", ""tEstimated"": ""-0.29""}",2026-03-24 15:00:51.568861+00
1038,ruth-pws-cyyz-20260324-150051563,wendy,CYYZ,info,guard,"PWS guards blocked: price_out_of_range | estimated -0.3°C, bucket 0°C, price 0.00",,2026-03-24 15:00:51.570208+00
1039,ruth-pws-kord-20260324-150150064,wendy,KORD,info,signal,"PWS anticipation: STRONG (score=0.657), METAR 37.0°F → estimated 38.3°F, bucket 36-37°F → 38-39°F","{""gap"": ""0.26"", ""conf"": ""1.00"", ""ramp"": ""1.74"", ""score"": 0.6575, ""current"": ""36-37°F"", ""predicted"": ""38-39°F"", ""tEstimated"": ""3.53""}",2026-03-24 15:01:50.079248+00
1040,ruth-pws-kord-20260324-150150064,wendy,KORD,info,guard,"PWS guards blocked: price_out_of_range | estimated 38.3°F, bucket 38-39°F, price 0.01",,2026-03-24 15:01:50.083303+00
1041,ruth-pws-kmia-20260324-150150405,wendy,KMIA,info,signal,"PWS anticipation: STRONG (score=0.606), METAR 77.0°F → estimated 78.0°F, bucket 76-77°F → 78-79°F","{""gap"": ""0.92"", ""conf"": ""1.00"", ""ramp"": ""-0.25"", ""score"": 0.6062499999999995, ""current"": ""76-77°F"", ""predicted"": ""78-79°F"", ""tEstimated"": ""25.57""}",2026-03-24 15:01:50.408518+00
1042,ruth-pws-kmia-20260324-150150405,wendy,KMIA,info,guard,"PWS guards blocked: price_out_of_range | estimated 78.0°F, bucket 78-79°F, price 0.00",,2026-03-24 15:01:50.411036+00
1043,ruth-pws-cyyz-20260324-150151209,wendy,CYYZ,info,signal,"PWS anticipation: STRONG (score=0.671), METAR -1.0°C → estimated -0.4°C, bucket -1°C → 0°C","{""gap"": ""1.17"", ""conf"": ""1.00"", ""ramp"": ""0.04"", ""score"": 0.6709886238584484, ""current"": ""-1°C"", ""predicted"": ""0°C"", ""tEstimated"": ""-0.40""}",2026-03-24 15:01:51.213516+00
1044,ruth-pws-cyyz-20260324-150151209,wendy,CYYZ,info,guard,"PWS guards blocked: price_out_of_range | estimated -0.4°C, bucket 0°C, price 0.00",,2026-03-24 15:01:51.215031+00
1045,ruth-metar-lfpg-20260324-150222947,wendy,LFPG,info,signal,"METAR: 18°C, max=19°C, bucket=19°C","{""prevBucket"": ""19°C""}",2026-03-24 15:02:22.960159+00
1046,ruth-metar-ksea-20260324-150234949,wendy,KSEA,info,signal,"METAR: 6.1°C, max=6.1°C, bucket=42-43°F","{""prevBucket"": ""42-43°F""}",2026-03-24 15:02:34.963037+00
1047,ruth-pws-ksea-20260324-150249675,wendy,KSEA,info,signal,"PWS anticipation: MODERATE (score=0.515), METAR 43.0°F → estimated 43.6°F, bucket 42-43°F → 44-45°F","{""gap"": ""0.51"", ""conf"": ""1.00"", ""ramp"": ""-0.12"", ""score"": 0.515, ""current"": ""42-43°F"", ""predicted"": ""44-45°F"", ""tEstimated"": ""6.42""}",2026-03-24 15:02:49.686093+00
1048,ruth-pws-kdal-20260324-150249914,wendy,KDAL,info,signal,"PWS anticipation: STRONG (score=0.689), METAR 66.0°F → estimated 67.7°F, bucket 66-67°F → 68-69°F","{""gap"": ""0.99"", ""conf"": ""0.67"", ""ramp"": ""1.63"", ""score"": 0.6891666666666671, ""current"": ""66-67°F"", ""predicted"": ""68-69°F"", ""tEstimated"": ""19.85""}",2026-03-24 15:02:49.918994+00
1049,ruth-pws-kord-20260324-150250226,wendy,KORD,info,signal,"PWS anticipation: STRONG (score=0.657), METAR 37.0°F → estimated 38.3°F, bucket 36-37°F → 38-39°F","{""gap"": ""0.26"", ""conf"": ""1.00"", ""ramp"": ""1.73"", ""score"": 0.6575, ""current"": ""36-37°F"", ""predicted"": ""38-39°F"", ""tEstimated"": ""3.52""}",2026-03-24 15:02:50.229099+00
1050,ruth-pws-kord-20260324-150250226,wendy,KORD,info,guard,"PWS guards blocked: price_out_of_range | estimated 38.3°F, bucket 38-39°F, price 0.01",,2026-03-24 15:02:50.287902+00
1051,ruth-pws-klga-20260324-150250488,wendy,KLGA,info,signal,"PWS anticipation: STRONG (score=0.673), METAR 39.0°F → estimated 40.3°F, bucket 38-39°F → 40-41°F","{""gap"": ""1.21"", ""conf"": ""1.00"", ""ramp"": ""-0.46"", ""score"": 0.6725000000000003, ""current"": ""38-39°F"", ""predicted"": ""40-41°F"", ""tEstimated"": ""4.61""}",2026-03-24 15:02:50.492879+00
1052,ruth-pws-klga-20260324-150250488,wendy,KLGA,info,guard,"PWS guards blocked: price_out_of_range | estimated 40.3°F, bucket 40-41°F, price 0.00",,2026-03-24 15:02:50.512474+00
1053,ruth-pws-kmia-20260324-150250659,wendy,KMIA,info,signal,"PWS anticipation: STRONG (score=0.850), METAR 77.0°F → estimated 79.1°F, bucket 76-77°F → 78-79°F","{""gap"": ""1.11"", ""conf"": ""1.00"", ""ramp"": ""1.21"", ""score"": 0.8499999999999999, ""current"": ""76-77°F"", ""predicted"": ""78-79°F"", ""tEstimated"": ""26.14""}",2026-03-24 15:02:50.66212+00
1054,ruth-pws-kmia-20260324-150250659,wendy,KMIA,info,guard,"PWS guards blocked: price_out_of_range | estimated 79.1°F, bucket 78-79°F, price 0.00",,2026-03-24 15:02:50.678335+00
1055,ruth-pws-cyyz-20260324-150251429,wendy,CYYZ,info,signal,"PWS anticipation: STRONG (score=0.715), METAR -1.0°C → estimated -0.3°C, bucket -1°C → 0°C","{""gap"": ""1.11"", ""conf"": ""1.00"", ""ramp"": ""0.33"", ""score"": 0.7150659168528591, ""current"": ""-1°C"", ""predicted"": ""0°C"", ""tEstimated"": ""-0.35""}",2026-03-24 15:02:51.433405+00
1056,ruth-pws-cyyz-20260324-150251429,wendy,CYYZ,info,guard,"PWS guards blocked: price_out_of_range | estimated -0.3°C, bucket 0°C, price 0.00",,2026-03-24 15:02:51.455549+00
1057,ruth-pws-ksea-20260324-150349721,wendy,KSEA,info,signal,"PWS anticipation: MODERATE (score=0.548), METAR 43.0°F → estimated 43.8°F, bucket 42-43°F → 44-45°F","{""gap"": ""0.62"", ""conf"": ""1.00"", ""ramp"": ""0.04"", ""score"": 0.5481551267891719, ""current"": ""42-43°F"", ""predicted"": ""44-45°F"", ""tEstimated"": ""6.55""}",2026-03-24 15:03:49.739804+00
1058,ruth-pws-kdal-20260324-150349898,wendy,KDAL,info,signal,"PWS anticipation: STRONG (score=0.689), METAR 66.0°F → estimated 68.4°F, bucket 66-67°F → 68-69°F","{""gap"": ""0.99"", ""conf"": ""0.67"", ""ramp"": ""2.91"", ""score"": 0.6891666666666671, ""current"": ""66-67°F"", ""predicted"": ""68-69°F"", ""tEstimated"": ""20.23""}",2026-03-24 15:03:49.902003+00
1059,ruth-pws-kord-20260324-150350097,wendy,KORD,info,signal,"PWS anticipation: STRONG (score=0.670), METAR 37.0°F → estimated 38.5°F, bucket 36-37°F → 38-39°F","{""gap"": ""0.31"", ""conf"": ""1.00"", ""ramp"": ""1.82"", ""score"": 0.6700000000000004, ""current"": ""36-37°F"", ""predicted"": ""38-39°F"", ""tEstimated"": ""3.59""}",2026-03-24 15:03:50.101627+00
1060,ruth-pws-kord-20260324-150350097,wendy,KORD,info,guard,"PWS guards blocked: price_out_of_range | estimated 38.5°F, bucket 38-39°F, price 0.01",,2026-03-24 15:03:50.117634+00
1061,ruth-pws-klga-20260324-150350287,wendy,KLGA,info,signal,"PWS anticipation: STRONG (score=0.897), METAR 39.0°F → estimated 41.3°F, bucket 38-39°F → 40-41°F","{""gap"": ""1.32"", ""conf"": ""1.00"", ""ramp"": ""1.21"", ""score"": 0.8974999999999997, ""current"": ""38-39°F"", ""predicted"": ""40-41°F"", ""tEstimated"": ""5.19""}",2026-03-24 15:03:50.292332+00
1062,ruth-pws-klga-20260324-150350287,wendy,KLGA,info,guard,"PWS guards blocked: price_out_of_range | estimated 41.3°F, bucket 40-41°F, price 0.00",,2026-03-24 15:03:50.294509+00
1063,ruth-pws-kmia-20260324-150350475,wendy,KMIA,info,signal,"PWS anticipation: STRONG (score=0.888), METAR 77.0°F → estimated 79.9°F, bucket 76-77°F → 80-81°F","{""gap"": ""1.28"", ""conf"": ""1.00"", ""ramp"": ""2.31"", ""score"": 0.8875000000000002, ""current"": ""76-77°F"", ""predicted"": ""80-81°F"", ""tEstimated"": ""26.59""}",2026-03-24 15:03:50.479707+00
1064,ruth-pws-kmia-20260324-150350475,wendy,KMIA,info,guard,"PWS guards blocked: price_out_of_range | estimated 79.9°F, bucket 80-81°F, price 0.10",,2026-03-24 15:03:50.481643+00
1065,ruth-pws-ksea-20260324-150449771,wendy,KSEA,debug,signal,"No confirmed METAR yet, PWS median 44.1°F (1 readings), skipping",,2026-03-24 15:04:49.793937+00
1066,ruth-pws-kdal-20260324-150450052,wendy,KDAL,debug,signal,"No confirmed METAR yet, PWS median 67.8°F (3 readings), skipping",,2026-03-24 15:04:50.056462+00
1067,ruth-pws-kord-20260324-150450253,wendy,KORD,debug,signal,"No confirmed METAR yet, PWS median 37.6°F (3 readings), skipping",,2026-03-24 15:04:50.256709+00
1068,ruth-pws-klga-20260324-150450433,wendy,KLGA,debug,signal,"No confirmed METAR yet, PWS median 41.4°F (3 readings), skipping",,2026-03-24 15:04:50.438453+00
1069,ruth-pws-kmia-20260324-150450620,wendy,KMIA,debug,signal,"No confirmed METAR yet, PWS median 79.9°F (3 readings), skipping",,2026-03-24 15:04:50.623942+00
1070,ruth-pws-katl-20260324-150450811,wendy,KATL,debug,signal,"No confirmed METAR yet, PWS median 56.8°F (3 readings), skipping",,2026-03-24 15:04:50.816081+00
1071,ruth-pws-eglc-20260324-150450975,wendy,EGLC,debug,signal,"No confirmed METAR yet, PWS median 12.5°C (3 readings), skipping",,2026-03-24 15:04:50.978387+00
1072,ruth-pws-lfpg-20260324-150451155,wendy,LFPG,debug,signal,"No confirmed METAR yet, PWS median 18.2°C (3 readings), skipping",,2026-03-24 15:04:51.159452+00
1073,ruth-pws-cyyz-20260324-150451332,wendy,CYYZ,debug,signal,"No confirmed METAR yet, PWS median 0.0°C (3 readings), skipping",,2026-03-24 15:04:51.337169+00
1074,ruth-pws-ksea-20260324-150549658,wendy,KSEA,debug,signal,"No confirmed METAR yet, PWS median 44.1°F (1 readings), skipping",,2026-03-24 15:05:49.674113+00
1075,ruth-pws-kdal-20260324-150549938,wendy,KDAL,debug,signal,"No confirmed METAR yet, PWS median 67.8°F (3 readings), skipping",,2026-03-24 15:05:49.942675+00
1076,ruth-pws-kord-20260324-150550137,wendy,KORD,debug,signal,"No confirmed METAR yet, PWS median 37.8°F (3 readings), skipping",,2026-03-24 15:05:50.14139+00
1077,ruth-pws-klga-20260324-150550311,wendy,KLGA,debug,signal,"No confirmed METAR yet, PWS median 41.5°F (3 readings), skipping",,2026-03-24 15:05:50.314763+00
1078,ruth-pws-kmia-20260324-150550491,wendy,KMIA,debug,signal,"No confirmed METAR yet, PWS median 79.9°F (3 readings), skipping",,2026-03-24 15:05:50.494142+00
1079,ruth-pws-katl-20260324-150550678,wendy,KATL,debug,signal,"No confirmed METAR yet, PWS median 57.3°F (3 readings), skipping",,2026-03-24 15:05:50.682602+00
1080,ruth-pws-eglc-20260324-150550867,wendy,EGLC,debug,signal,"No confirmed METAR yet, PWS median 12.5°C (3 readings), skipping",,2026-03-24 15:05:50.870264+00
1081,ruth-pws-lfpg-20260324-150551143,wendy,LFPG,debug,signal,"No confirmed METAR yet, PWS median 18.2°C (3 readings), skipping",,2026-03-24 15:05:51.1469+00
1082,ruth-pws-cyyz-20260324-150551472,wendy,CYYZ,debug,signal,"No confirmed METAR yet, PWS median 0.0°C (3 readings), skipping",,2026-03-24 15:05:51.475798+00
1083,ruth-pws-ksea-20260324-150649657,wendy,KSEA,debug,signal,"No confirmed METAR yet, PWS median 44.1°F (1 readings), skipping",,2026-03-24 15:06:49.671283+00
1084,ruth-pws-kdal-20260324-150649840,wendy,KDAL,debug,signal,"No confirmed METAR yet, PWS median 67.8°F (3 readings), skipping",,2026-03-24 15:06:49.843609+00
1085,ruth-pws-kord-20260324-150649991,wendy,KORD,debug,signal,"No confirmed METAR yet, PWS median 37.8°F (3 readings), skipping",,2026-03-24 15:06:49.994465+00
1086,ruth-pws-klga-20260324-150650155,wendy,KLGA,debug,signal,"No confirmed METAR yet, PWS median 41.4°F (3 readings), skipping",,2026-03-24 15:06:50.161052+00
1087,ruth-pws-kmia-20260324-150650401,wendy,KMIA,debug,signal,"No confirmed METAR yet, PWS median 79.7°F (3 readings), skipping",,2026-03-24 15:06:50.404214+00
1088,ruth-pws-katl-20260324-150650605,wendy,KATL,debug,signal,"No confirmed METAR yet, PWS median 57.3°F (3 readings), skipping",,2026-03-24 15:06:50.609344+00
1089,ruth-pws-eglc-20260324-150650837,wendy,EGLC,debug,signal,"No confirmed METAR yet, PWS median 12.5°C (3 readings), skipping",,2026-03-24 15:06:50.840806+00
1090,ruth-pws-lfpg-20260324-150651022,wendy,LFPG,debug,signal,"No confirmed METAR yet, PWS median 18.2°C (3 readings), skipping",,2026-03-24 15:06:51.025486+00
1091,ruth-pws-cyyz-20260324-150651200,wendy,CYYZ,debug,signal,"No confirmed METAR yet, PWS median 0.0°C (3 readings), skipping",,2026-03-24 15:06:51.203273+00
1092,ruth-metar-cyyz-20260324-150714242,wendy,CYYZ,info,signal,Threshold crossed: none → 0°C,,2026-03-24 15:07:14.292701+00
1093,ruth-metar-cyyz-20260324-150714242,wendy,CYYZ,info,signal,"METAR: 0°C, max=0°C, bucket=0°C","{""prevBucket"": null}",2026-03-24 15:07:14.295989+00
1094,ruth-metar-cyyz-20260324-150714242,wendy,CYYZ,info,guard,"Guards blocked: price_out_of_range | METAR 0.0°C, bucket 0°C, price 0.00","{""price"": 0.003, ""bucket"": ""0°C""}",2026-03-24 15:07:14.299737+00
1095,ruth-pws-ksea-20260324-150749634,wendy,KSEA,debug,signal,"No confirmed METAR yet, PWS median 43.9°F (1 readings), skipping",,2026-03-24 15:07:49.650922+00
1096,ruth-pws-kdal-20260324-150749812,wendy,KDAL,debug,signal,"No confirmed METAR yet, PWS median 68.2°F (3 readings), skipping",,2026-03-24 15:07:49.815142+00
1097,ruth-pws-kord-20260324-150750008,wendy,KORD,debug,signal,"No confirmed METAR yet, PWS median 37.9°F (3 readings), skipping",,2026-03-24 15:07:50.01206+00
1098,ruth-pws-klga-20260324-150750165,wendy,KLGA,debug,signal,"No confirmed METAR yet, PWS median 41.0°F (3 readings), skipping",,2026-03-24 15:07:50.168738+00
1099,ruth-pws-kmia-20260324-150750301,wendy,KMIA,debug,signal,"No confirmed METAR yet, PWS median 79.7°F (3 readings), skipping",,2026-03-24 15:07:50.304883+00
1100,ruth-pws-katl-20260324-150750443,wendy,KATL,debug,signal,"No confirmed METAR yet, PWS median 57.3°F (3 readings), skipping",,2026-03-24 15:07:50.44888+00
1101,ruth-pws-eglc-20260324-150750617,wendy,EGLC,debug,signal,"No confirmed METAR yet, PWS median 12.5°C (3 readings), skipping",,2026-03-24 15:07:50.620658+00
1102,ruth-pws-lfpg-20260324-150750890,wendy,LFPG,debug,signal,"No confirmed METAR yet, PWS median 18.2°C (3 readings), skipping",,2026-03-24 15:07:50.893434+00
1103,ruth-pws-ksea-20260324-150849665,wendy,KSEA,debug,signal,"No confirmed METAR yet, PWS median 43.9°F (1 readings), skipping",,2026-03-24 15:08:49.678736+00
1104,ruth-pws-kdal-20260324-150849815,wendy,KDAL,debug,signal,"No confirmed METAR yet, PWS median 68.2°F (3 readings), skipping",,2026-03-24 15:08:49.81817+00
1105,ruth-pws-kord-20260324-150849957,wendy,KORD,debug,signal,"No confirmed METAR yet, PWS median 37.9°F (3 readings), skipping",,2026-03-24 15:08:49.960511+00
1106,ruth-pws-klga-20260324-150850136,wendy,KLGA,debug,signal,"No confirmed METAR yet, PWS median 41.0°F (3 readings), skipping",,2026-03-24 15:08:50.141775+00
1107,ruth-pws-kmia-20260324-150850272,wendy,KMIA,debug,signal,"No confirmed METAR yet, PWS median 79.7°F (3 readings), skipping",,2026-03-24 15:08:50.275947+00
1108,ruth-pws-katl-20260324-150850413,wendy,KATL,debug,signal,"No confirmed METAR yet, PWS median 57.9°F (3 readings), skipping",,2026-03-24 15:08:50.41755+00
1109,ruth-pws-eglc-20260324-150850634,wendy,EGLC,debug,signal,"No confirmed METAR yet, PWS median 12.5°C (3 readings), skipping",,2026-03-24 15:08:50.638642+00
1110,ruth-pws-lfpg-20260324-150850890,wendy,LFPG,debug,signal,"No confirmed METAR yet, PWS median 18.1°C (3 readings), skipping",,2026-03-24 15:08:50.893049+00
1111,ruth-pws-ksea-20260324-150949680,wendy,KSEA,debug,signal,"No confirmed METAR yet, PWS median 44.1°F (1 readings), skipping",,2026-03-24 15:09:49.696189+00
1112,ruth-pws-kdal-20260324-150949903,wendy,KDAL,debug,signal,"No confirmed METAR yet, PWS median 68.2°F (3 readings), skipping",,2026-03-24 15:09:49.90659+00
1113,ruth-pws-kord-20260324-150950110,wendy,KORD,debug,signal,"No confirmed METAR yet, PWS median 37.8°F (3 readings), skipping",,2026-03-24 15:09:50.114448+00
1114,ruth-pws-klga-20260324-150950274,wendy,KLGA,debug,signal,"No confirmed METAR yet, PWS median 40.6°F (3 readings), skipping",,2026-03-24 15:09:50.277144+00
1115,ruth-pws-kmia-20260324-150950475,wendy,KMIA,debug,signal,"No confirmed METAR yet, PWS median 79.7°F (3 readings), skipping",,2026-03-24 15:09:50.477749+00
1116,ruth-pws-katl-20260324-150950707,wendy,KATL,debug,signal,"No confirmed METAR yet, PWS median 58.2°F (3 readings), skipping",,2026-03-24 15:09:50.7103+00
1117,ruth-pws-eglc-20260324-150950887,wendy,EGLC,debug,signal,"No confirmed METAR yet, PWS median 12.5°C (3 readings), skipping",,2026-03-24 15:09:50.890135+00
1118,ruth-pws-lfpg-20260324-150951075,wendy,LFPG,debug,signal,"No confirmed METAR yet, PWS median 18.1°C (3 readings), skipping",,2026-03-24 15:09:51.079294+00
1119,ruth-pws-cyyz-20260324-150951282,wendy,CYYZ,info,signal,"PWS anticipation: STRONG (score=0.650), METAR 0.0°C → estimated 0.8°C, bucket 0°C → 1°C","{""gap"": ""0.22"", ""conf"": ""1.00"", ""ramp"": ""2.29"", ""score"": 0.6499999999999999, ""current"": ""0°C"", ""predicted"": ""1°C"", ""tEstimated"": ""0.80""}",2026-03-24 15:09:51.289053+00
1120,ruth-pws-cyyz-20260324-150951282,wendy,CYYZ,info,guard,"PWS guards blocked: price_out_of_range | estimated 0.8°C, bucket 1°C, price 0.00",,2026-03-24 15:09:51.314787+00
1121,ruth-pws-ksea-20260324-151049761,wendy,KSEA,debug,signal,"No confirmed METAR yet, PWS median 44.1°F (1 readings), skipping",,2026-03-24 15:10:49.772109+00
1122,ruth-pws-kdal-20260324-151049976,wendy,KDAL,debug,signal,"No confirmed METAR yet, PWS median 68.2°F (3 readings), skipping",,2026-03-24 15:10:49.978609+00
1123,ruth-pws-kord-20260324-151050167,wendy,KORD,debug,signal,"No confirmed METAR yet, PWS median 37.9°F (3 readings), skipping",,2026-03-24 15:10:50.170473+00
1124,ruth-pws-klga-20260324-151050342,wendy,KLGA,debug,signal,"No confirmed METAR yet, PWS median 40.6°F (3 readings), skipping",,2026-03-24 15:10:50.344708+00
1125,ruth-pws-kmia-20260324-151050559,wendy,KMIA,debug,signal,"No confirmed METAR yet, PWS median 80.5°F (3 readings), skipping",,2026-03-24 15:10:50.562285+00
1126,ruth-pws-katl-20260324-151050797,wendy,KATL,debug,signal,"No confirmed METAR yet, PWS median 58.2°F (3 readings), skipping",,2026-03-24 15:10:50.800841+00
1127,ruth-pws-eglc-20260324-151050987,wendy,EGLC,debug,signal,"No confirmed METAR yet, PWS median 12.5°C (3 readings), skipping",,2026-03-24 15:10:50.991995+00
1128,ruth-pws-lfpg-20260324-151051151,wendy,LFPG,debug,signal,"No confirmed METAR yet, PWS median 18.1°C (3 readings), skipping",,2026-03-24 15:10:51.154092+00
1129,ruth-pws-cyyz-20260324-151051344,wendy,CYYZ,info,signal,"PWS anticipation: STRONG (score=0.650), METAR 0.0°C → estimated 0.9°C, bucket 0°C → 1°C","{""gap"": ""0.22"", ""conf"": ""1.00"", ""ramp"": ""2.50"", ""score"": 0.6499999999999999, ""current"": ""0°C"", ""predicted"": ""1°C"", ""tEstimated"": ""0.86""}",2026-03-24 15:10:51.350234+00
1130,ruth-pws-cyyz-20260324-151051344,wendy,CYYZ,info,guard,"PWS guards blocked: price_out_of_range | estimated 0.9°C, bucket 1°C, price 0.00",,2026-03-24 15:10:51.362482+00
1131,ruth-pws-ksea-20260324-151149856,wendy,KSEA,debug,signal,"No confirmed METAR yet, PWS median 44.1°F (1 readings), skipping",,2026-03-24 15:11:49.870447+00
1132,ruth-pws-kdal-20260324-151150142,wendy,KDAL,debug,signal,"No confirmed METAR yet, PWS median 68.2°F (3 readings), skipping",,2026-03-24 15:11:50.145834+00
1133,ruth-pws-kord-20260324-151150329,wendy,KORD,debug,signal,"No confirmed METAR yet, PWS median 37.9°F (3 readings), skipping",,2026-03-24 15:11:50.332682+00
1134,ruth-pws-klga-20260324-151150533,wendy,KLGA,debug,signal,"No confirmed METAR yet, PWS median 40.6°F (3 readings), skipping",,2026-03-24 15:11:50.537611+00
1135,ruth-pws-kmia-20260324-151150748,wendy,KMIA,debug,signal,"No confirmed METAR yet, PWS median 80.5°F (3 readings), skipping",,2026-03-24 15:11:50.751589+00
1136,ruth-pws-katl-20260324-151150900,wendy,KATL,debug,signal,"No confirmed METAR yet, PWS median 58.2°F (3 readings), skipping",,2026-03-24 15:11:50.904909+00
1137,ruth-pws-eglc-20260324-151151070,wendy,EGLC,debug,signal,"No confirmed METAR yet, PWS median 12.5°C (3 readings), skipping",,2026-03-24 15:11:51.075527+00
1138,ruth-pws-lfpg-20260324-151151235,wendy,LFPG,debug,signal,"No confirmed METAR yet, PWS median 18.0°C (3 readings), skipping",,2026-03-24 15:11:51.23853+00
1139,ruth-pws-cyyz-20260324-151151432,wendy,CYYZ,info,signal,"PWS anticipation: STRONG (score=0.663), METAR 0.0°C → estimated 0.9°C, bucket 0°C → 1°C","{""gap"": ""0.28"", ""conf"": ""1.00"", ""ramp"": ""2.66"", ""score"": 0.6625000000000001, ""current"": ""0°C"", ""predicted"": ""1°C"", ""tEstimated"": ""0.94""}",2026-03-24 15:11:51.43569+00
1140,ruth-pws-cyyz-20260324-151151432,wendy,CYYZ,info,guard,"PWS guards blocked: price_out_of_range | estimated 0.9°C, bucket 1°C, price 0.00",,2026-03-24 15:11:51.447003+00
1141,ruth-pws-ksea-20260324-151249666,wendy,KSEA,debug,signal,"No confirmed METAR yet, PWS median 44.1°F (1 readings), skipping",,2026-03-24 15:12:49.681839+00
1142,ruth-pws-kdal-20260324-151249876,wendy,KDAL,debug,signal,"No confirmed METAR yet, PWS median 68.2°F (3 readings), skipping",,2026-03-24 15:12:49.87873+00
1143,ruth-pws-kord-20260324-151250117,wendy,KORD,debug,signal,"No confirmed METAR yet, PWS median 37.9°F (3 readings), skipping",,2026-03-24 15:12:50.120429+00
1144,ruth-pws-klga-20260324-151250284,wendy,KLGA,debug,signal,"No confirmed METAR yet, PWS median 40.3°F (3 readings), skipping",,2026-03-24 15:12:50.287078+00
1145,ruth-pws-kmia-20260324-151250447,wendy,KMIA,debug,signal,"No confirmed METAR yet, PWS median 80.5°F (3 readings), skipping",,2026-03-24 15:12:50.44972+00
1146,ruth-pws-katl-20260324-151250609,wendy,KATL,debug,signal,"No confirmed METAR yet, PWS median 58.1°F (3 readings), skipping",,2026-03-24 15:12:50.61233+00
1147,ruth-pws-eglc-20260324-151250804,wendy,EGLC,debug,signal,"No confirmed METAR yet, PWS median 12.5°C (3 readings), skipping",,2026-03-24 15:12:50.808536+00
1148,ruth-pws-lfpg-20260324-151250997,wendy,LFPG,debug,signal,"No confirmed METAR yet, PWS median 18.0°C (3 readings), skipping",,2026-03-24 15:12:50.999994+00
1149,ruth-pws-cyyz-20260324-151251162,wendy,CYYZ,info,signal,"PWS anticipation: STRONG (score=0.738), METAR 0.0°C → estimated 1.5°C, bucket 0°C → 1°C","{""gap"": ""0.61"", ""conf"": ""1.00"", ""ramp"": ""3.89"", ""score"": 0.7375000000000003, ""current"": ""0°C"", ""predicted"": ""1°C"", ""tEstimated"": ""1.47""}",2026-03-24 15:12:51.16944+00
1150,ruth-pws-cyyz-20260324-151251162,wendy,CYYZ,info,guard,"PWS guards blocked: price_out_of_range | estimated 1.5°C, bucket 1°C, price 0.00",,2026-03-24 15:12:51.192089+00
1151,ruth-pws-ksea-20260324-151349736,wendy,KSEA,debug,signal,"No confirmed METAR yet, PWS median 43.7°F (1 readings), skipping",,2026-03-24 15:13:49.749553+00
1152,ruth-pws-kdal-20260324-151349897,wendy,KDAL,debug,signal,"No confirmed METAR yet, PWS median 68.2°F (3 readings), skipping",,2026-03-24 15:13:49.9014+00
1153,ruth-pws-kord-20260324-151350083,wendy,KORD,debug,signal,"No confirmed METAR yet, PWS median 37.9°F (3 readings), skipping",,2026-03-24 15:13:50.087519+00
1154,ruth-pws-klga-20260324-151350232,wendy,KLGA,debug,signal,"No confirmed METAR yet, PWS median 40.6°F (3 readings), skipping",,2026-03-24 15:13:50.236273+00
1155,ruth-pws-kmia-20260324-151350387,wendy,KMIA,debug,signal,"No confirmed METAR yet, PWS median 80.5°F (3 readings), skipping",,2026-03-24 15:13:50.39053+00
1156,ruth-pws-katl-20260324-151350546,wendy,KATL,debug,signal,"No confirmed METAR yet, PWS median 58.1°F (3 readings), skipping",,2026-03-24 15:13:50.549871+00
1157,ruth-pws-eglc-20260324-151350818,wendy,EGLC,debug,signal,"No confirmed METAR yet, PWS median 12.5°C (3 readings), skipping",,2026-03-24 15:13:50.820891+00
1158,ruth-pws-lfpg-20260324-151351017,wendy,LFPG,debug,signal,"No confirmed METAR yet, PWS median 18.0°C (3 readings), skipping",,2026-03-24 15:13:51.019883+00
1159,ruth-pws-cyyz-20260324-151351177,wendy,CYYZ,info,signal,"PWS anticipation: STRONG (score=0.738), METAR 0.0°C → estimated 1.6°C, bucket 0°C → 2°C","{""gap"": ""0.61"", ""conf"": ""1.00"", ""ramp"": ""4.30"", ""score"": 0.7375000000000003, ""current"": ""0°C"", ""predicted"": ""2°C"", ""tEstimated"": ""1.60""}",2026-03-24 15:13:51.181344+00
1160,ruth-pws-cyyz-20260324-151351177,wendy,CYYZ,info,guard,"PWS guards blocked: price_out_of_range | estimated 1.6°C, bucket 2°C, price 0.01",,2026-03-24 15:13:51.193264+00
1161,ruth-pws-ksea-20260324-151449856,wendy,KSEA,debug,signal,"No confirmed METAR yet, PWS median 43.7°F (1 readings), skipping",,2026-03-24 15:14:49.877937+00
1162,ruth-pws-kdal-20260324-151450010,wendy,KDAL,debug,signal,"No confirmed METAR yet, PWS median 68.2°F (3 readings), skipping",,2026-03-24 15:14:50.013918+00
1163,ruth-pws-kord-20260324-151450197,wendy,KORD,debug,signal,"No confirmed METAR yet, PWS median 37.9°F (3 readings), skipping",,2026-03-24 15:14:50.200644+00
1164,ruth-pws-klga-20260324-151450336,wendy,KLGA,debug,signal,"No confirmed METAR yet, PWS median 40.8°F (3 readings), skipping",,2026-03-24 15:14:50.338771+00
1165,ruth-pws-kmia-20260324-151450573,wendy,KMIA,debug,signal,"No confirmed METAR yet, PWS median 80.5°F (3 readings), skipping",,2026-03-24 15:14:50.577215+00
1166,ruth-pws-katl-20260324-151450773,wendy,KATL,debug,signal,"No confirmed METAR yet, PWS median 57.9°F (3 readings), skipping",,2026-03-24 15:14:50.776665+00
1167,ruth-pws-eglc-20260324-151450995,wendy,EGLC,debug,signal,"No confirmed METAR yet, PWS median 12.5°C (3 readings), skipping",,2026-03-24 15:14:50.998129+00
1168,ruth-pws-lfpg-20260324-151451201,wendy,LFPG,debug,signal,"No confirmed METAR yet, PWS median 18.0°C (3 readings), skipping",,2026-03-24 15:14:51.204552+00
1169,ruth-pws-cyyz-20260324-151451386,wendy,CYYZ,info,signal,"PWS anticipation: STRONG (score=0.738), METAR 0.0°C → estimated 1.7°C, bucket 0°C → 2°C","{""gap"": ""0.61"", ""conf"": ""1.00"", ""ramp"": ""4.81"", ""score"": 0.7375000000000003, ""current"": ""0°C"", ""predicted"": ""2°C"", ""tEstimated"": ""1.75""}",2026-03-24 15:14:51.391322+00
1170,ruth-pws-cyyz-20260324-151451386,wendy,CYYZ,info,guard,"PWS guards blocked: price_out_of_range | estimated 1.7°C, bucket 2°C, price 0.01",,2026-03-24 15:14:51.403327+00
1171,ruth-pws-ksea-20260324-151549667,wendy,KSEA,debug,signal,"No confirmed METAR yet, PWS median 43.7°F (1 readings), skipping",,2026-03-24 15:15:49.679806+00
1172,ruth-pws-kdal-20260324-151549868,wendy,KDAL,debug,signal,"No confirmed METAR yet, PWS median 68.2°F (3 readings), skipping",,2026-03-24 15:15:49.871159+00
1173,ruth-pws-kord-20260324-151550081,wendy,KORD,debug,signal,"No confirmed METAR yet, PWS median 37.9°F (3 readings), skipping",,2026-03-24 15:15:50.084598+00
1174,ruth-pws-klga-20260324-151550228,wendy,KLGA,debug,signal,"No confirmed METAR yet, PWS median 41.5°F (3 readings), skipping",,2026-03-24 15:15:50.231349+00
1175,ruth-pws-kmia-20260324-151550363,wendy,KMIA,debug,signal,"No confirmed METAR yet, PWS median 81.6°F (3 readings), skipping",,2026-03-24 15:15:50.365615+00
1176,ruth-pws-katl-20260324-151550548,wendy,KATL,debug,signal,"No confirmed METAR yet, PWS median 58.2°F (3 readings), skipping",,2026-03-24 15:15:50.551081+00
1177,ruth-pws-eglc-20260324-151552339,wendy,EGLC,debug,signal,"No confirmed METAR yet, PWS median 12.5°C (3 readings), skipping",,2026-03-24 15:15:52.342025+00
1178,ruth-pws-lfpg-20260324-151552493,wendy,LFPG,debug,signal,"No confirmed METAR yet, PWS median 18.0°C (3 readings), skipping",,2026-03-24 15:15:52.497346+00
1179,ruth-pws-cyyz-20260324-151552655,wendy,CYYZ,info,signal,"PWS anticipation: STRONG (score=0.688), METAR 0.0°C → estimated 1.4°C, bucket 0°C → 1°C","{""gap"": ""0.39"", ""conf"": ""1.00"", ""ramp"": ""4.13"", ""score"": 0.6875000000000004, ""current"": ""0°C"", ""predicted"": ""1°C"", ""tEstimated"": ""1.43""}",2026-03-24 15:15:52.6601+00
1180,ruth-pws-cyyz-20260324-151552655,wendy,CYYZ,info,guard,"PWS guards blocked: price_out_of_range | estimated 1.4°C, bucket 1°C, price 0.00",,2026-03-24 15:15:52.683052+00
1181,ruth-pws-ksea-20260324-151649742,wendy,KSEA,debug,signal,"No confirmed METAR yet, PWS median 43.7°F (1 readings), skipping",,2026-03-24 15:16:49.75935+00
1182,ruth-pws-kdal-20260324-151649911,wendy,KDAL,debug,signal,"No confirmed METAR yet, PWS median 68.2°F (3 readings), skipping",,2026-03-24 15:16:49.915569+00
1183,ruth-pws-kord-20260324-151650109,wendy,KORD,debug,signal,"No confirmed METAR yet, PWS median 38.1°F (3 readings), skipping",,2026-03-24 15:16:50.113149+00
1184,ruth-pws-klga-20260324-151650321,wendy,KLGA,debug,signal,"No confirmed METAR yet, PWS median 41.5°F (3 readings), skipping",,2026-03-24 15:16:50.324295+00
1185,ruth-pws-kmia-20260324-151650481,wendy,KMIA,debug,signal,"No confirmed METAR yet, PWS median 81.6°F (3 readings), skipping",,2026-03-24 15:16:50.486267+00
1186,ruth-pws-katl-20260324-151650623,wendy,KATL,debug,signal,"No confirmed METAR yet, PWS median 58.2°F (3 readings), skipping",,2026-03-24 15:16:50.626521+00
1187,ruth-pws-eglc-20260324-151650816,wendy,EGLC,debug,signal,"No confirmed METAR yet, PWS median 12.5°C (3 readings), skipping",,2026-03-24 15:16:50.818762+00
1188,ruth-pws-lfpg-20260324-151650962,wendy,LFPG,debug,signal,"No confirmed METAR yet, PWS median 17.9°C (3 readings), skipping",,2026-03-24 15:16:50.965377+00
1189,ruth-pws-cyyz-20260324-151651247,wendy,CYYZ,info,signal,"PWS anticipation: STRONG (score=0.650), METAR 0.0°C → estimated 0.9°C, bucket 0°C → 1°C","{""gap"": ""0.22"", ""conf"": ""1.00"", ""ramp"": ""2.64"", ""score"": 0.6499999999999999, ""current"": ""0°C"", ""predicted"": ""1°C"", ""tEstimated"": ""0.90""}",2026-03-24 15:16:51.250856+00
1190,ruth-pws-cyyz-20260324-151651247,wendy,CYYZ,info,guard,"PWS guards blocked: price_out_of_range | estimated 0.9°C, bucket 1°C, price 0.00",,2026-03-24 15:16:51.260777+00
1191,ruth-pws-ksea-20260324-151749658,wendy,KSEA,debug,signal,"No confirmed METAR yet, PWS median 43.7°F (1 readings), skipping",,2026-03-24 15:17:49.672294+00
1192,ruth-pws-kdal-20260324-151749860,wendy,KDAL,debug,signal,"No confirmed METAR yet, PWS median 69.1°F (3 readings), skipping",,2026-03-24 15:17:49.863221+00
1193,ruth-pws-kord-20260324-151750015,wendy,KORD,debug,signal,"No confirmed METAR yet, PWS median 38.1°F (3 readings), skipping",,2026-03-24 15:17:50.018337+00
1194,ruth-pws-klga-20260324-151750193,wendy,KLGA,debug,signal,"No confirmed METAR yet, PWS median 41.0°F (3 readings), skipping",,2026-03-24 15:17:50.196703+00
1195,ruth-pws-kmia-20260324-151750393,wendy,KMIA,debug,signal,"No confirmed METAR yet, PWS median 81.6°F (3 readings), skipping",,2026-03-24 15:17:50.396623+00
1196,ruth-pws-katl-20260324-151750564,wendy,KATL,debug,signal,"No confirmed METAR yet, PWS median 58.2°F (3 readings), skipping",,2026-03-24 15:17:50.568093+00
1197,ruth-pws-eglc-20260324-151750732,wendy,EGLC,debug,signal,"No confirmed METAR yet, PWS median 12.5°C (3 readings), skipping",,2026-03-24 15:17:50.734856+00
1198,ruth-pws-lfpg-20260324-151750901,wendy,LFPG,debug,signal,"No confirmed METAR yet, PWS median 17.9°C (3 readings), skipping",,2026-03-24 15:17:50.904245+00
1199,ruth-pws-ksea-20260324-151849704,wendy,KSEA,debug,signal,"No confirmed METAR yet, PWS median 43.7°F (2 readings), skipping",,2026-03-24 15:18:49.72046+00
1200,ruth-pws-kdal-20260324-151849909,wendy,KDAL,debug,signal,"No confirmed METAR yet, PWS median 69.1°F (3 readings), skipping",,2026-03-24 15:18:49.912015+00
1201,ruth-pws-kord-20260324-151850108,wendy,KORD,debug,signal,"No confirmed METAR yet, PWS median 38.1°F (3 readings), skipping",,2026-03-24 15:18:50.111293+00
1202,ruth-pws-klga-20260324-151850263,wendy,KLGA,debug,signal,"No confirmed METAR yet, PWS median 40.8°F (3 readings), skipping",,2026-03-24 15:18:50.266116+00
1203,ruth-pws-kmia-20260324-151850409,wendy,KMIA,debug,signal,"No confirmed METAR yet, PWS median 81.6°F (3 readings), skipping",,2026-03-24 15:18:50.41197+00
1204,ruth-pws-katl-20260324-151850558,wendy,KATL,debug,signal,"No confirmed METAR yet, PWS median 58.2°F (3 readings), skipping",,2026-03-24 15:18:50.560729+00
1205,ruth-pws-eglc-20260324-151850746,wendy,EGLC,debug,signal,"No confirmed METAR yet, PWS median 12.5°C (3 readings), skipping",,2026-03-24 15:18:50.749422+00
1206,ruth-pws-lfpg-20260324-151850988,wendy,LFPG,debug,signal,"No confirmed METAR yet, PWS median 17.9°C (3 readings), skipping",,2026-03-24 15:18:50.990585+00
1207,ruth-pws-ksea-20260324-151949639,wendy,KSEA,debug,signal,"No confirmed METAR yet, PWS median 43.7°F (2 readings), skipping",,2026-03-24 15:19:49.656521+00
1208,ruth-pws-kdal-20260324-151949776,wendy,KDAL,debug,signal,"No confirmed METAR yet, PWS median 69.1°F (3 readings), skipping",,2026-03-24 15:19:49.780049+00
1209,ruth-pws-kord-20260324-151949916,wendy,KORD,debug,signal,"No confirmed METAR yet, PWS median 38.2°F (3 readings), skipping",,2026-03-24 15:19:49.919395+00
1210,ruth-pws-klga-20260324-151950068,wendy,KLGA,debug,signal,"No confirmed METAR yet, PWS median 40.3°F (3 readings), skipping",,2026-03-24 15:19:50.071411+00
1211,ruth-pws-kmia-20260324-151950230,wendy,KMIA,debug,signal,"No confirmed METAR yet, PWS median 81.6°F (3 readings), skipping",,2026-03-24 15:19:50.23276+00
1212,ruth-pws-katl-20260324-151950372,wendy,KATL,debug,signal,"No confirmed METAR yet, PWS median 58.2°F (3 readings), skipping",,2026-03-24 15:19:50.375271+00
1213,ruth-pws-eglc-20260324-151950516,wendy,EGLC,debug,signal,"No confirmed METAR yet, PWS median 12.5°C (3 readings), skipping",,2026-03-24 15:19:50.520178+00
1214,ruth-pws-lfpg-20260324-151950717,wendy,LFPG,debug,signal,"No confirmed METAR yet, PWS median 17.9°C (3 readings), skipping",,2026-03-24 15:19:50.720853+00
1215,ruth-pws-ksea-20260324-152049631,wendy,KSEA,debug,signal,"No confirmed METAR yet, PWS median 43.7°F (2 readings), skipping",,2026-03-24 15:20:49.652942+00
1216,ruth-pws-kdal-20260324-152049776,wendy,KDAL,debug,signal,"No confirmed METAR yet, PWS median 69.1°F (3 readings), skipping",,2026-03-24 15:20:49.779161+00
1217,ruth-pws-kord-20260324-152049932,wendy,KORD,debug,signal,"No confirmed METAR yet, PWS median 38.2°F (3 readings), skipping",,2026-03-24 15:20:49.934764+00
1218,ruth-pws-klga-20260324-152050081,wendy,KLGA,debug,signal,"No confirmed METAR yet, PWS median 41.0°F (3 readings), skipping",,2026-03-24 15:20:50.084115+00
1219,ruth-pws-kmia-20260324-152050297,wendy,KMIA,debug,signal,"No confirmed METAR yet, PWS median 81.6°F (3 readings), skipping",,2026-03-24 15:20:50.300049+00
1220,ruth-pws-katl-20260324-152050445,wendy,KATL,debug,signal,"No confirmed METAR yet, PWS median 57.5°F (3 readings), skipping",,2026-03-24 15:20:50.450814+00
1221,ruth-pws-eglc-20260324-152051536,wendy,EGLC,debug,signal,"No confirmed METAR yet, PWS median 12.5°C (3 readings), skipping",,2026-03-24 15:20:51.539366+00
1222,ruth-pws-lfpg-20260324-152051711,wendy,LFPG,debug,signal,"No confirmed METAR yet, PWS median 17.8°C (3 readings), skipping",,2026-03-24 15:20:51.713814+00
1223,ruth-pws-cyyz-20260324-152051979,wendy,CYYZ,debug,signal,"PWS anticipation: MODERATE (score=0.463), METAR 0.0°C → estimated -0.5°C, bucket 0°C → -1°C","{""gap"": ""0.28"", ""conf"": ""1.00"", ""ramp"": ""-2.18"", ""score"": 0.4625, ""current"": ""0°C"", ""predicted"": ""-1°C"", ""tEstimated"": ""-0.52""}",2026-03-24 15:20:51.982927+00
1224,ruth-pws-ksea-20260324-152149632,wendy,KSEA,debug,signal,"No confirmed METAR yet, PWS median 43.8°F (2 readings), skipping",,2026-03-24 15:21:49.649989+00
1225,ruth-pws-kdal-20260324-152149793,wendy,KDAL,debug,signal,"No confirmed METAR yet, PWS median 69.1°F (3 readings), skipping",,2026-03-24 15:21:49.79585+00
1226,ruth-pws-kord-20260324-152149959,wendy,KORD,debug,signal,"No confirmed METAR yet, PWS median 38.4°F (3 readings), skipping",,2026-03-24 15:21:49.961511+00
1227,ruth-pws-klga-20260324-152150113,wendy,KLGA,debug,signal,"No confirmed METAR yet, PWS median 41.2°F (3 readings), skipping",,2026-03-24 15:21:50.116982+00
1228,ruth-pws-kmia-20260324-152150317,wendy,KMIA,debug,signal,"No confirmed METAR yet, PWS median 81.6°F (3 readings), skipping",,2026-03-24 15:21:50.320345+00
1229,ruth-pws-katl-20260324-152150524,wendy,KATL,debug,signal,"No confirmed METAR yet, PWS median 57.5°F (3 readings), skipping",,2026-03-24 15:21:50.527014+00
1230,ruth-pws-eglc-20260324-152150754,wendy,EGLC,debug,signal,"No confirmed METAR yet, PWS median 12.5°C (3 readings), skipping",,2026-03-24 15:21:50.75664+00
1231,ruth-pws-lfpg-20260324-152150984,wendy,LFPG,debug,signal,"No confirmed METAR yet, PWS median 17.8°C (3 readings), skipping",,2026-03-24 15:21:50.987172+00
1232,ruth-pws-ksea-20260324-152249666,wendy,KSEA,debug,signal,"No confirmed METAR yet, PWS median 43.7°F (2 readings), skipping",,2026-03-24 15:22:49.683871+00
1233,ruth-pws-kdal-20260324-152249840,wendy,KDAL,debug,signal,"No confirmed METAR yet, PWS median 69.1°F (3 readings), skipping",,2026-03-24 15:22:49.843167+00
1234,ruth-pws-kord-20260324-152250004,wendy,KORD,debug,signal,"No confirmed METAR yet, PWS median 38.4°F (3 readings), skipping",,2026-03-24 15:22:50.008202+00
1235,ruth-pws-klga-20260324-152250165,wendy,KLGA,debug,signal,"No confirmed METAR yet, PWS median 41.2°F (3 readings), skipping",,2026-03-24 15:22:50.170354+00
1236,ruth-pws-kmia-20260324-152250313,wendy,KMIA,debug,signal,"No confirmed METAR yet, PWS median 81.6°F (3 readings), skipping",,2026-03-24 15:22:50.3165+00
1237,ruth-pws-katl-20260324-152250463,wendy,KATL,debug,signal,"No confirmed METAR yet, PWS median 57.5°F (3 readings), skipping",,2026-03-24 15:22:50.469672+00
1238,ruth-pws-eglc-20260324-152250621,wendy,EGLC,debug,signal,"No confirmed METAR yet, PWS median 12.5°C (3 readings), skipping",,2026-03-24 15:22:50.624777+00
1239,ruth-pws-lfpg-20260324-152250781,wendy,LFPG,debug,signal,"No confirmed METAR yet, PWS median 17.8°C (3 readings), skipping",,2026-03-24 15:22:50.784343+00
1240,ruth-pws-cyyz-20260324-152250923,wendy,CYYZ,debug,signal,"PWS anticipation: MODERATE (score=0.463), METAR 0.0°C → estimated -0.6°C, bucket 0°C → -1°C","{""gap"": ""0.28"", ""conf"": ""1.00"", ""ramp"": ""-2.36"", ""score"": 0.4625, ""current"": ""0°C"", ""predicted"": ""-1°C"", ""tEstimated"": ""-0.57""}",2026-03-24 15:22:50.925998+00
1241,ruth-pws-ksea-20260324-152349675,wendy,KSEA,debug,signal,"No confirmed METAR yet, PWS median 43.6°F (2 readings), skipping",,2026-03-24 15:23:49.687942+00
1242,ruth-pws-kdal-20260324-152349824,wendy,KDAL,debug,signal,"No confirmed METAR yet, PWS median 69.1°F (3 readings), skipping",,2026-03-24 15:23:49.826994+00
1243,ruth-pws-kord-20260324-152350060,wendy,KORD,debug,signal,"No confirmed METAR yet, PWS median 38.5°F (3 readings), skipping",,2026-03-24 15:23:50.063285+00
1244,ruth-pws-klga-20260324-152350228,wendy,KLGA,debug,signal,"No confirmed METAR yet, PWS median 40.8°F (3 readings), skipping",,2026-03-24 15:23:50.231937+00
1245,ruth-pws-kmia-20260324-152350390,wendy,KMIA,debug,signal,"No confirmed METAR yet, PWS median 81.6°F (3 readings), skipping",,2026-03-24 15:23:50.392485+00
1246,ruth-pws-katl-20260324-152350687,wendy,KATL,debug,signal,"No confirmed METAR yet, PWS median 57.5°F (3 readings), skipping",,2026-03-24 15:23:50.689769+00
1247,ruth-pws-eglc-20260324-152350849,wendy,EGLC,debug,signal,"No confirmed METAR yet, PWS median 12.4°C (3 readings), skipping",,2026-03-24 15:23:50.852897+00
1248,ruth-pws-lfpg-20260324-152350984,wendy,LFPG,debug,signal,"No confirmed METAR yet, PWS median 17.8°C (3 readings), skipping",,2026-03-24 15:23:50.9874+00
1249,ruth-metar-eglc-20260324-152417252,wendy,EGLC,info,signal,"METAR: 12°C, max=12°C, bucket=12°C","{""prevBucket"": null}",2026-03-24 15:24:17.273469+00
1250,ruth-metar-eglc-20260324-152417252,wendy,EGLC,info,signal,Threshold crossed: none → 12°C,,2026-03-24 15:24:17.273851+00
1251,ruth-metar-eglc-20260324-152417252,wendy,EGLC,info,guard,"Guards blocked: price_out_of_range | METAR 12.0°C, bucket 12°C, price 0.00","{""price"": 0, ""bucket"": ""12°C""}",2026-03-24 15:24:17.281668+00
1252,ruth-pws-ksea-20260324-152449705,wendy,KSEA,debug,signal,"No confirmed METAR yet, PWS median 43.6°F (2 readings), skipping",,2026-03-24 15:24:49.722785+00
1253,ruth-pws-kdal-20260324-152449944,wendy,KDAL,debug,signal,"No confirmed METAR yet, PWS median 69.1°F (3 readings), skipping",,2026-03-24 15:24:49.946371+00
1254,ruth-pws-kord-20260324-152450080,wendy,KORD,debug,signal,"No confirmed METAR yet, PWS median 38.6°F (3 readings), skipping",,2026-03-24 15:24:50.082812+00
1255,ruth-pws-klga-20260324-152450264,wendy,KLGA,debug,signal,"No confirmed METAR yet, PWS median 40.6°F (3 readings), skipping",,2026-03-24 15:24:50.267067+00
1256,ruth-pws-kmia-20260324-152450497,wendy,KMIA,debug,signal,"No confirmed METAR yet, PWS median 81.6°F (3 readings), skipping",,2026-03-24 15:24:50.499811+00
1257,ruth-pws-katl-20260324-152450712,wendy,KATL,debug,signal,"No confirmed METAR yet, PWS median 57.5°F (3 readings), skipping",,2026-03-24 15:24:50.715024+00
1258,ruth-pws-lfpg-20260324-152451152,wendy,LFPG,debug,signal,"No confirmed METAR yet, PWS median 17.8°C (3 readings), skipping",,2026-03-24 15:24:51.154983+00
1259,ruth-pws-ksea-20260324-152549973,wendy,KSEA,debug,signal,"No confirmed METAR yet, PWS median 43.6°F (2 readings), skipping",,2026-03-24 15:25:49.98838+00
1260,ruth-pws-kdal-20260324-152550313,wendy,KDAL,debug,signal,"No confirmed METAR yet, PWS median 69.1°F (3 readings), skipping",,2026-03-24 15:25:50.315978+00
1261,ruth-pws-kord-20260324-152550564,wendy,KORD,debug,signal,"No confirmed METAR yet, PWS median 38.7°F (3 readings), skipping",,2026-03-24 15:25:50.566992+00
1262,ruth-pws-klga-20260324-152550882,wendy,KLGA,debug,signal,"No confirmed METAR yet, PWS median 40.8°F (3 readings), skipping",,2026-03-24 15:25:50.885612+00
1263,ruth-pws-kmia-20260324-152551103,wendy,KMIA,debug,signal,"No confirmed METAR yet, PWS median 81.4°F (3 readings), skipping",,2026-03-24 15:25:51.106437+00
1264,ruth-pws-katl-20260324-152551249,wendy,KATL,debug,signal,"No confirmed METAR yet, PWS median 56.7°F (3 readings), skipping",,2026-03-24 15:25:51.252182+00
1265,ruth-pws-lfpg-20260324-152551841,wendy,LFPG,debug,signal,"No confirmed METAR yet, PWS median 17.8°C (3 readings), skipping",,2026-03-24 15:25:51.844472+00
1266,ruth-pws-ksea-20260324-152649735,wendy,KSEA,debug,signal,"No confirmed METAR yet, PWS median 43.6°F (2 readings), skipping",,2026-03-24 15:26:49.74983+00
1267,ruth-pws-kdal-20260324-152649894,wendy,KDAL,debug,signal,"No confirmed METAR yet, PWS median 69.1°F (3 readings), skipping",,2026-03-24 15:26:49.896929+00
1268,ruth-pws-kord-20260324-152650053,wendy,KORD,debug,signal,"No confirmed METAR yet, PWS median 38.7°F (3 readings), skipping",,2026-03-24 15:26:50.055799+00
1269,ruth-pws-klga-20260324-152650250,wendy,KLGA,debug,signal,"No confirmed METAR yet, PWS median 40.6°F (3 readings), skipping",,2026-03-24 15:26:50.253141+00
1270,ruth-pws-kmia-20260324-152650463,wendy,KMIA,debug,signal,"No confirmed METAR yet, PWS median 81.4°F (3 readings), skipping",,2026-03-24 15:26:50.466046+00
1271,ruth-pws-katl-20260324-152650640,wendy,KATL,debug,signal,"No confirmed METAR yet, PWS median 56.9°F (3 readings), skipping",,2026-03-24 15:26:50.643731+00
1272,ruth-pws-lfpg-20260324-152651010,wendy,LFPG,debug,signal,"No confirmed METAR yet, PWS median 17.8°C (3 readings), skipping",,2026-03-24 15:26:51.013849+00
1273,ruth-pws-ksea-20260324-152749738,wendy,KSEA,debug,signal,"No confirmed METAR yet, PWS median 43.6°F (2 readings), skipping",,2026-03-24 15:27:49.750148+00
1274,ruth-pws-kdal-20260324-152749913,wendy,KDAL,debug,signal,"No confirmed METAR yet, PWS median 69.1°F (3 readings), skipping",,2026-03-24 15:27:49.915859+00
1275,ruth-pws-kord-20260324-152750141,wendy,KORD,debug,signal,"No confirmed METAR yet, PWS median 38.7°F (3 readings), skipping",,2026-03-24 15:27:50.14503+00
1276,ruth-pws-klga-20260324-152750298,wendy,KLGA,debug,signal,"No confirmed METAR yet, PWS median 40.6°F (3 readings), skipping",,2026-03-24 15:27:50.301076+00
1277,ruth-pws-kmia-20260324-152750446,wendy,KMIA,debug,signal,"No confirmed METAR yet, PWS median 81.4°F (3 readings), skipping",,2026-03-24 15:27:50.44917+00
1278,ruth-pws-katl-20260324-152750615,wendy,KATL,debug,signal,"No confirmed METAR yet, PWS median 57.0°F (3 readings), skipping",,2026-03-24 15:27:50.617583+00
1279,ruth-pws-lfpg-20260324-152750927,wendy,LFPG,debug,signal,"No confirmed METAR yet, PWS median 17.9°C (3 readings), skipping",,2026-03-24 15:27:50.930116+00
1280,ruth-pws-ksea-20260324-152849668,wendy,KSEA,debug,signal,"No confirmed METAR yet, PWS median 43.7°F (1 readings), skipping",,2026-03-24 15:28:49.681276+00
1281,ruth-pws-kdal-20260324-152849819,wendy,KDAL,debug,signal,"No confirmed METAR yet, PWS median 69.1°F (3 readings), skipping",,2026-03-24 15:28:49.822763+00
1282,ruth-pws-kord-20260324-152850023,wendy,KORD,debug,signal,"No confirmed METAR yet, PWS median 38.8°F (3 readings), skipping",,2026-03-24 15:28:50.026177+00
1283,ruth-pws-klga-20260324-152850179,wendy,KLGA,debug,signal,"No confirmed METAR yet, PWS median 40.8°F (3 readings), skipping",,2026-03-24 15:28:50.182088+00
1284,ruth-pws-kmia-20260324-152850322,wendy,KMIA,debug,signal,"No confirmed METAR yet, PWS median 81.4°F (3 readings), skipping",,2026-03-24 15:28:50.326013+00
1285,ruth-pws-katl-20260324-152850524,wendy,KATL,debug,signal,"No confirmed METAR yet, PWS median 57.2°F (3 readings), skipping",,2026-03-24 15:28:50.527199+00
1286,ruth-pws-lfpg-20260324-152851030,wendy,LFPG,debug,signal,"No confirmed METAR yet, PWS median 17.9°C (3 readings), skipping",,2026-03-24 15:28:51.0339+00
1287,ruth-pws-cyyz-20260324-152851838,wendy,CYYZ,info,signal,"PWS anticipation: STRONG (score=0.712), METAR 0.0°C → estimated 0.7°C, bucket 0°C → 1°C","{""gap"": ""0.50"", ""conf"": ""1.00"", ""ramp"": ""1.39"", ""score"": 0.7124999999999999, ""current"": ""0°C"", ""predicted"": ""1°C"", ""tEstimated"": ""0.67""}",2026-03-24 15:28:51.842235+00
1288,ruth-pws-cyyz-20260324-152851838,wendy,CYYZ,info,guard,"PWS guards blocked: price_out_of_range | estimated 0.7°C, bucket 1°C, price 0.00",,2026-03-24 15:28:51.851595+00
1289,ruth-pws-ksea-20260324-152949815,wendy,KSEA,debug,signal,"No confirmed METAR yet, PWS median 43.5°F (1 readings), skipping",,2026-03-24 15:29:49.828031+00
1290,ruth-pws-kdal-20260324-152949953,wendy,KDAL,debug,signal,"No confirmed METAR yet, PWS median 69.1°F (3 readings), skipping",,2026-03-24 15:29:49.956939+00
1291,ruth-pws-kord-20260324-152950675,wendy,KORD,debug,signal,"No confirmed METAR yet, PWS median 38.8°F (3 readings), skipping",,2026-03-24 15:29:50.677875+00
1292,ruth-pws-klga-20260324-152950915,wendy,KLGA,debug,signal,"No confirmed METAR yet, PWS median 40.8°F (3 readings), skipping",,2026-03-24 15:29:50.923061+00
1293,ruth-pws-kmia-20260324-152951133,wendy,KMIA,debug,signal,"No confirmed METAR yet, PWS median 81.4°F (3 readings), skipping",,2026-03-24 15:29:51.136024+00
1294,ruth-pws-katl-20260324-152951345,wendy,KATL,debug,signal,"No confirmed METAR yet, PWS median 57.4°F (3 readings), skipping",,2026-03-24 15:29:51.349546+00
1295,ruth-pws-lfpg-20260324-152951755,wendy,LFPG,debug,signal,"No confirmed METAR yet, PWS median 17.8°C (3 readings), skipping",,2026-03-24 15:29:51.758212+00
1296,ruth-pws-cyyz-20260324-152952014,wendy,CYYZ,info,signal,"PWS anticipation: STRONG (score=0.688), METAR 0.0°C → estimated 0.6°C, bucket 0°C → 1°C","{""gap"": ""0.39"", ""conf"": ""1.00"", ""ramp"": ""1.25"", ""score"": 0.6875000000000004, ""current"": ""0°C"", ""predicted"": ""1°C"", ""tEstimated"": ""0.57""}",2026-03-24 15:29:52.018534+00
1297,ruth-pws-cyyz-20260324-152952014,wendy,CYYZ,info,guard,"PWS guards blocked: price_out_of_range | estimated 0.6°C, bucket 1°C, price 0.00",,2026-03-24 15:29:52.034632+00
1298,ruth-metar-ksea-20260324-153032247,wendy,KSEA,info,signal,"METAR: 6.1°C, max=6.1°C, bucket=42-43°F","{""prevBucket"": null}",2026-03-24 15:30:32.271344+00
1299,ruth-metar-ksea-20260324-153032247,wendy,KSEA,info,signal,Threshold crossed: none → 42-43°F,,2026-03-24 15:30:32.281642+00
1300,ruth-metar-ksea-20260324-153032247,wendy,KSEA,info,guard,"Guards blocked: price_out_of_range | METAR 43.0°F, bucket 42-43°F, price 0.00","{""price"": 0, ""bucket"": ""42-43°F""}",2026-03-24 15:30:32.287514+00
1301,ruth-pws-kdal-20260324-153049828,wendy,KDAL,debug,signal,"No confirmed METAR yet, PWS median 68.9°F (3 readings), skipping",,2026-03-24 15:30:49.83742+00
1302,ruth-pws-kord-20260324-153049987,wendy,KORD,debug,signal,"No confirmed METAR yet, PWS median 38.9°F (3 readings), skipping",,2026-03-24 15:30:49.990054+00
1303,ruth-pws-klga-20260324-153050147,wendy,KLGA,debug,signal,"No confirmed METAR yet, PWS median 40.8°F (3 readings), skipping",,2026-03-24 15:30:50.152029+00
1304,ruth-pws-kmia-20260324-153050325,wendy,KMIA,debug,signal,"No confirmed METAR yet, PWS median 81.0°F (3 readings), skipping",,2026-03-24 15:30:50.328366+00
1305,ruth-pws-katl-20260324-153050519,wendy,KATL,debug,signal,"No confirmed METAR yet, PWS median 58.1°F (3 readings), skipping",,2026-03-24 15:30:50.522372+00
1306,ruth-pws-lfpg-20260324-153050843,wendy,LFPG,debug,signal,"No confirmed METAR yet, PWS median 17.7°C (3 readings), skipping",,2026-03-24 15:30:50.845515+00
1307,ruth-pws-cyyz-20260324-153051060,wendy,CYYZ,info,signal,"PWS anticipation: STRONG (score=0.688), METAR 0.0°C → estimated 0.5°C, bucket 0°C → 1°C","{""gap"": ""0.39"", ""conf"": ""1.00"", ""ramp"": ""1.09"", ""score"": 0.6875000000000004, ""current"": ""0°C"", ""predicted"": ""1°C"", ""tEstimated"": ""0.52""}",2026-03-24 15:30:51.065664+00
1308,ruth-pws-cyyz-20260324-153051060,wendy,CYYZ,info,guard,"PWS guards blocked: price_out_of_range | estimated 0.5°C, bucket 1°C, price 0.00",,2026-03-24 15:30:51.087358+00
1309,ruth-pws-kdal-20260324-153149905,wendy,KDAL,debug,signal,"No confirmed METAR yet, PWS median 69.1°F (3 readings), skipping",,2026-03-24 15:31:49.917137+00
1310,ruth-pws-kord-20260324-153150087,wendy,KORD,debug,signal,"No confirmed METAR yet, PWS median 39.0°F (3 readings), skipping",,2026-03-24 15:31:50.090473+00
1311,ruth-pws-klga-20260324-153150243,wendy,KLGA,debug,signal,"No confirmed METAR yet, PWS median 41.4°F (3 readings), skipping",,2026-03-24 15:31:50.246215+00
1312,ruth-pws-kmia-20260324-153150480,wendy,KMIA,debug,signal,"No confirmed METAR yet, PWS median 81.0°F (3 readings), skipping",,2026-03-24 15:31:50.482905+00
1313,ruth-pws-katl-20260324-153150639,wendy,KATL,debug,signal,"No confirmed METAR yet, PWS median 58.1°F (3 readings), skipping",,2026-03-24 15:31:50.641837+00
1314,ruth-pws-lfpg-20260324-153150977,wendy,LFPG,debug,signal,"No confirmed METAR yet, PWS median 17.7°C (3 readings), skipping",,2026-03-24 15:31:50.980309+00
1315,ruth-pws-cyyz-20260324-153151148,wendy,CYYZ,info,signal,"PWS anticipation: STRONG (score=0.688), METAR 0.0°C → estimated 0.5°C, bucket 0°C → 1°C","{""gap"": ""0.39"", ""conf"": ""1.00"", ""ramp"": ""1.09"", ""score"": 0.6875000000000004, ""current"": ""0°C"", ""predicted"": ""1°C"", ""tEstimated"": ""0.52""}",2026-03-24 15:31:51.152948+00
1316,ruth-pws-cyyz-20260324-153151148,wendy,CYYZ,info,guard,"PWS guards blocked: price_out_of_range | estimated 0.5°C, bucket 1°C, price 0.00",,2026-03-24 15:31:51.162602+00
1317,ruth-metar-lfpg-20260324-153214393,wendy,LFPG,info,signal,"METAR: 18°C, max=18°C, bucket=18°C","{""prevBucket"": null}",2026-03-24 15:32:14.429732+00
1318,ruth-metar-lfpg-20260324-153214393,wendy,LFPG,info,signal,Threshold crossed: none → 18°C,,2026-03-24 15:32:14.432387+00
1319,ruth-metar-lfpg-20260324-153214393,wendy,LFPG,info,guard,"Guards blocked: price_out_of_range | METAR 18.0°C, bucket 18°C, price 0.00","{""price"": 0.0005, ""bucket"": ""18°C""}",2026-03-24 15:32:14.435393+00
1320,ruth-pws-kdal-20260324-153249919,wendy,KDAL,debug,signal,"No confirmed METAR yet, PWS median 69.1°F (3 readings), skipping",,2026-03-24 15:32:49.931243+00
1321,ruth-pws-kord-20260324-153250088,wendy,KORD,debug,signal,"No confirmed METAR yet, PWS median 39.1°F (3 readings), skipping",,2026-03-24 15:32:50.092202+00
1322,ruth-pws-klga-20260324-153250306,wendy,KLGA,debug,signal,"No confirmed METAR yet, PWS median 41.9°F (3 readings), skipping",,2026-03-24 15:32:50.308896+00
1323,ruth-pws-kmia-20260324-153250457,wendy,KMIA,debug,signal,"No confirmed METAR yet, PWS median 81.0°F (3 readings), skipping",,2026-03-24 15:32:50.461309+00
1324,ruth-pws-katl-20260324-153250635,wendy,KATL,debug,signal,"No confirmed METAR yet, PWS median 58.1°F (3 readings), skipping",,2026-03-24 15:32:50.638598+00
1325,ruth-pws-kdal-20260324-153349784,wendy,KDAL,debug,signal,"No confirmed METAR yet, PWS median 68.9°F (3 readings), skipping",,2026-03-24 15:33:49.797027+00
1326,ruth-pws-kord-20260324-153349969,wendy,KORD,debug,signal,"No confirmed METAR yet, PWS median 39.3°F (3 readings), skipping",,2026-03-24 15:33:49.972901+00
1327,ruth-pws-klga-20260324-153350131,wendy,KLGA,debug,signal,"No confirmed METAR yet, PWS median 42.3°F (3 readings), skipping",,2026-03-24 15:33:50.134239+00
1328,ruth-pws-kmia-20260324-153350277,wendy,KMIA,debug,signal,"No confirmed METAR yet, PWS median 81.1°F (3 readings), skipping",,2026-03-24 15:33:50.281227+00
1329,ruth-pws-katl-20260324-153350445,wendy,KATL,debug,signal,"No confirmed METAR yet, PWS median 58.1°F (3 readings), skipping",,2026-03-24 15:33:50.449143+00
1330,ruth-pws-kdal-20260324-153449856,wendy,KDAL,debug,signal,"No confirmed METAR yet, PWS median 69.1°F (3 readings), skipping",,2026-03-24 15:34:49.867067+00
1331,ruth-pws-kord-20260324-153450051,wendy,KORD,debug,signal,"No confirmed METAR yet, PWS median 39.4°F (3 readings), skipping",,2026-03-24 15:34:50.055736+00
1332,ruth-pws-klga-20260324-153450263,wendy,KLGA,debug,signal,"No confirmed METAR yet, PWS median 42.3°F (3 readings), skipping",,2026-03-24 15:34:50.266186+00
1333,ruth-pws-kmia-20260324-153450420,wendy,KMIA,debug,signal,"No confirmed METAR yet, PWS median 81.1°F (3 readings), skipping",,2026-03-24 15:34:50.423739+00
1334,ruth-pws-katl-20260324-153450593,wendy,KATL,debug,signal,"No confirmed METAR yet, PWS median 58.1°F (3 readings), skipping",,2026-03-24 15:34:50.596196+00
1335,ruth-pws-cyyz-20260324-153451166,wendy,CYYZ,info,signal,"PWS anticipation: STRONG (score=0.762), METAR 0.0°C → estimated 0.8°C, bucket 0°C → 1°C","{""gap"": ""0.72"", ""conf"": ""1.00"", ""ramp"": ""1.40"", ""score"": 0.7624999999999997, ""current"": ""0°C"", ""predicted"": ""1°C"", ""tEstimated"": ""0.78""}",2026-03-24 15:34:51.170725+00
1336,ruth-pws-cyyz-20260324-153451166,wendy,CYYZ,info,guard,"PWS guards blocked: price_out_of_range | estimated 0.8°C, bucket 1°C, price 0.00",,2026-03-24 15:34:51.181989+00
1337,ruth-pws-kdal-20260324-153549907,wendy,KDAL,debug,signal,"No confirmed METAR yet, PWS median 69.1°F (3 readings), skipping",,2026-03-24 15:35:49.91643+00
1338,ruth-pws-kord-20260324-153550067,wendy,KORD,debug,signal,"No confirmed METAR yet, PWS median 39.6°F (3 readings), skipping",,2026-03-24 15:35:50.070632+00
1339,ruth-pws-klga-20260324-153550211,wendy,KLGA,debug,signal,"No confirmed METAR yet, PWS median 42.3°F (3 readings), skipping",,2026-03-24 15:35:50.21442+00
1340,ruth-pws-kmia-20260324-153550347,wendy,KMIA,debug,signal,"No confirmed METAR yet, PWS median 81.2°F (3 readings), skipping",,2026-03-24 15:35:50.351159+00
1341,ruth-pws-katl-20260324-153550565,wendy,KATL,debug,signal,"No confirmed METAR yet, PWS median 58.6°F (3 readings), skipping",,2026-03-24 15:35:50.568624+00
1342,ruth-pws-cyyz-20260324-153551171,wendy,CYYZ,info,signal,"PWS anticipation: STRONG (score=0.762), METAR 0.0°C → estimated 0.9°C, bucket 0°C → 1°C","{""gap"": ""0.72"", ""conf"": ""1.00"", ""ramp"": ""1.82"", ""score"": 0.7624999999999997, ""current"": ""0°C"", ""predicted"": ""1°C"", ""tEstimated"": ""0.91""}",2026-03-24 15:35:51.178261+00
1343,ruth-pws-cyyz-20260324-153551171,wendy,CYYZ,info,guard,"PWS guards blocked: price_out_of_range | estimated 0.9°C, bucket 1°C, price 0.00",,2026-03-24 15:35:51.194926+00
1344,ruth-pws-kdal-20260324-153649875,wendy,KDAL,debug,signal,"No confirmed METAR yet, PWS median 69.1°F (3 readings), skipping",,2026-03-24 15:36:49.885369+00
1345,ruth-pws-kord-20260324-153650035,wendy,KORD,debug,signal,"No confirmed METAR yet, PWS median 39.7°F (3 readings), skipping",,2026-03-24 15:36:50.037889+00
1346,ruth-pws-klga-20260324-153650226,wendy,KLGA,debug,signal,"No confirmed METAR yet, PWS median 41.9°F (3 readings), skipping",,2026-03-24 15:36:50.229999+00
1347,ruth-pws-kmia-20260324-153650440,wendy,KMIA,debug,signal,"No confirmed METAR yet, PWS median 81.2°F (3 readings), skipping",,2026-03-24 15:36:50.443789+00
1348,ruth-pws-katl-20260324-153650642,wendy,KATL,debug,signal,"No confirmed METAR yet, PWS median 58.6°F (3 readings), skipping",,2026-03-24 15:36:50.646865+00
1349,ruth-pws-cyyz-20260324-153651269,wendy,CYYZ,info,signal,"PWS anticipation: STRONG (score=0.762), METAR 0.0°C → estimated 1.0°C, bucket 0°C → 1°C","{""gap"": ""0.72"", ""conf"": ""1.00"", ""ramp"": ""2.27"", ""score"": 0.7624999999999997, ""current"": ""0°C"", ""predicted"": ""1°C"", ""tEstimated"": ""1.04""}",2026-03-24 15:36:51.274754+00
1350,ruth-pws-cyyz-20260324-153651269,wendy,CYYZ,info,guard,"PWS guards blocked: price_out_of_range | estimated 1.0°C, bucket 1°C, price 0.00",,2026-03-24 15:36:51.298164+00
1351,ruth-metar-ksea-20260324-153717398,wendy,KSEA,info,signal,"METAR: 6.1°C, max=6.1°C, bucket=42-43°F","{""prevBucket"": ""42-43°F""}",2026-03-24 15:37:17.408496+00
1352,ruth-pws-kdal-20260324-153749811,wendy,KDAL,debug,signal,"No confirmed METAR yet, PWS median 69.1°F (3 readings), skipping",,2026-03-24 15:37:49.822804+00
1353,ruth-pws-kord-20260324-153750022,wendy,KORD,debug,signal,"No confirmed METAR yet, PWS median 39.7°F (3 readings), skipping",,2026-03-24 15:37:50.024918+00
1354,ruth-pws-klga-20260324-153750195,wendy,KLGA,debug,signal,"No confirmed METAR yet, PWS median 41.9°F (3 readings), skipping",,2026-03-24 15:37:50.198485+00
1355,ruth-pws-kmia-20260324-153750350,wendy,KMIA,debug,signal,"No confirmed METAR yet, PWS median 81.2°F (3 readings), skipping",,2026-03-24 15:37:50.352931+00
1356,ruth-pws-katl-20260324-153750515,wendy,KATL,debug,signal,"No confirmed METAR yet, PWS median 58.6°F (3 readings), skipping",,2026-03-24 15:37:50.518258+00
1357,ruth-pws-cyyz-20260324-153751019,wendy,CYYZ,info,signal,"PWS anticipation: STRONG (score=0.762), METAR 0.0°C → estimated 1.1°C, bucket 0°C → 1°C","{""gap"": ""0.72"", ""conf"": ""1.00"", ""ramp"": ""2.31"", ""score"": 0.7624999999999997, ""current"": ""0°C"", ""predicted"": ""1°C"", ""tEstimated"": ""1.05""}",2026-03-24 15:37:51.023248+00
1358,ruth-pws-cyyz-20260324-153751019,wendy,CYYZ,info,guard,"PWS guards blocked: price_out_of_range | estimated 1.1°C, bucket 1°C, price 0.00",,2026-03-24 15:37:51.034629+00
1359,ruth-pws-kdal-20260324-153849827,wendy,KDAL,debug,signal,"No confirmed METAR yet, PWS median 69.1°F (3 readings), skipping",,2026-03-24 15:38:49.836325+00
1360,ruth-pws-kord-20260324-153849979,wendy,KORD,debug,signal,"No confirmed METAR yet, PWS median 39.7°F (3 readings), skipping",,2026-03-24 15:38:49.983001+00
1361,ruth-pws-klga-20260324-153850134,wendy,KLGA,debug,signal,"No confirmed METAR yet, PWS median 41.4°F (3 readings), skipping",,2026-03-24 15:38:50.137134+00
1362,ruth-pws-kmia-20260324-153850318,wendy,KMIA,debug,signal,"No confirmed METAR yet, PWS median 81.2°F (3 readings), skipping",,2026-03-24 15:38:50.321128+00
1363,ruth-pws-katl-20260324-153850509,wendy,KATL,debug,signal,"No confirmed METAR yet, PWS median 58.6°F (3 readings), skipping",,2026-03-24 15:38:50.512105+00
1364,ruth-pws-cyyz-20260324-153851022,wendy,CYYZ,info,signal,"PWS anticipation: STRONG (score=0.738), METAR 0.0°C → estimated 0.9°C, bucket 0°C → 1°C","{""gap"": ""0.61"", ""conf"": ""1.00"", ""ramp"": ""2.12"", ""score"": 0.7375000000000003, ""current"": ""0°C"", ""predicted"": ""1°C"", ""tEstimated"": ""0.94""}",2026-03-24 15:38:51.026717+00
1365,ruth-pws-cyyz-20260324-153851022,wendy,CYYZ,info,guard,"PWS guards blocked: price_out_of_range | estimated 0.9°C, bucket 1°C, price 0.00",,2026-03-24 15:38:51.035582+00
1366,ruth-pws-ksea-20260324-153949698,wendy,KSEA,info,signal,"PWS anticipation: MODERATE (score=0.526), METAR 43.0°F → estimated 43.6°F, bucket 42-43°F → 44-45°F","{""gap"": ""0.40"", ""conf"": ""1.00"", ""ramp"": ""0.18"", ""score"": 0.5263755116610509, ""current"": ""42-43°F"", ""predicted"": ""44-45°F"", ""tEstimated"": ""6.43""}",2026-03-24 15:39:49.71511+00
1367,ruth-pws-kdal-20260324-153949882,wendy,KDAL,debug,signal,"No confirmed METAR yet, PWS median 69.1°F (3 readings), skipping",,2026-03-24 15:39:49.885204+00
1368,ruth-pws-kord-20260324-153950064,wendy,KORD,debug,signal,"No confirmed METAR yet, PWS median 39.6°F (3 readings), skipping",,2026-03-24 15:39:50.067002+00
1369,ruth-pws-klga-20260324-153950225,wendy,KLGA,debug,signal,"No confirmed METAR yet, PWS median 41.2°F (3 readings), skipping",,2026-03-24 15:39:50.227656+00
1370,ruth-pws-kmia-20260324-153950442,wendy,KMIA,debug,signal,"No confirmed METAR yet, PWS median 81.2°F (3 readings), skipping",,2026-03-24 15:39:50.447022+00
1371,ruth-pws-katl-20260324-153950704,wendy,KATL,debug,signal,"No confirmed METAR yet, PWS median 58.6°F (3 readings), skipping",,2026-03-24 15:39:50.710719+00
1372,ruth-pws-cyyz-20260324-153951402,wendy,CYYZ,info,signal,"PWS anticipation: STRONG (score=0.738), METAR 0.0°C → estimated 1.0°C, bucket 0°C → 1°C","{""gap"": ""0.61"", ""conf"": ""1.00"", ""ramp"": ""2.18"", ""score"": 0.7375000000000003, ""current"": ""0°C"", ""predicted"": ""1°C"", ""tEstimated"": ""0.96""}",2026-03-24 15:39:51.408958+00
1373,ruth-pws-cyyz-20260324-153951402,wendy,CYYZ,info,guard,"PWS guards blocked: price_out_of_range | estimated 1.0°C, bucket 1°C, price 0.00",,2026-03-24 15:39:51.428347+00
1374,ruth-pws-ksea-20260324-154049761,wendy,KSEA,info,signal,"PWS anticipation: STRONG (score=0.611), METAR 43.0°F → estimated 43.8°F, bucket 42-43°F → 44-45°F","{""gap"": ""0.40"", ""conf"": ""1.00"", ""ramp"": ""0.61"", ""score"": 0.6112195510608476, ""current"": ""42-43°F"", ""predicted"": ""44-45°F"", ""tEstimated"": ""6.56""}",2026-03-24 15:40:49.778181+00
1375,ruth-pws-ksea-20260324-154049761,wendy,KSEA,info,guard,"PWS guards blocked: price_out_of_range | estimated 43.8°F, bucket 44-45°F, price 0.00",,2026-03-24 15:40:49.784336+00
1376,ruth-pws-kdal-20260324-154049978,wendy,KDAL,debug,signal,"No confirmed METAR yet, PWS median 69.1°F (3 readings), skipping",,2026-03-24 15:40:49.981105+00
1377,ruth-pws-kord-20260324-154050129,wendy,KORD,debug,signal,"No confirmed METAR yet, PWS median 39.6°F (3 readings), skipping",,2026-03-24 15:40:50.132574+00
1378,ruth-pws-klga-20260324-154050262,wendy,KLGA,debug,signal,"No confirmed METAR yet, PWS median 40.8°F (3 readings), skipping",,2026-03-24 15:40:50.265421+00
1379,ruth-pws-kmia-20260324-154050405,wendy,KMIA,debug,signal,"No confirmed METAR yet, PWS median 81.6°F (3 readings), skipping",,2026-03-24 15:40:50.408531+00
1380,ruth-pws-katl-20260324-154050561,wendy,KATL,debug,signal,"No confirmed METAR yet, PWS median 58.9°F (3 readings), skipping",,2026-03-24 15:40:50.563892+00
1381,ruth-pws-cyyz-20260324-154051084,wendy,CYYZ,info,signal,"PWS anticipation: STRONG (score=0.738), METAR 0.0°C → estimated 0.8°C, bucket 0°C → 1°C","{""gap"": ""0.61"", ""conf"": ""1.00"", ""ramp"": ""1.70"", ""score"": 0.7375000000000003, ""current"": ""0°C"", ""predicted"": ""1°C"", ""tEstimated"": ""0.81""}",2026-03-24 15:40:51.08807+00
1382,ruth-pws-cyyz-20260324-154051084,wendy,CYYZ,info,guard,"PWS guards blocked: price_out_of_range | estimated 0.8°C, bucket 1°C, price 0.00",,2026-03-24 15:40:51.090549+00
1383,ruth-pws-ksea-20260324-154149650,wendy,KSEA,info,signal,"PWS anticipation: STRONG (score=0.668), METAR 43.0°F → estimated 44.0°F, bucket 42-43°F → 44-45°F","{""gap"": ""0.40"", ""conf"": ""1.00"", ""ramp"": ""0.89"", ""score"": 0.6677928321377659, ""current"": ""42-43°F"", ""predicted"": ""44-45°F"", ""tEstimated"": ""6.65""}",2026-03-24 15:41:49.667857+00
1384,ruth-pws-ksea-20260324-154149650,wendy,KSEA,info,guard,"PWS guards blocked: price_out_of_range | estimated 44.0°F, bucket 44-45°F, price 0.00",,2026-03-24 15:41:49.670373+00
1385,ruth-pws-kdal-20260324-154149826,wendy,KDAL,debug,signal,"No confirmed METAR yet, PWS median 69.1°F (3 readings), skipping",,2026-03-24 15:41:49.829654+00
1386,ruth-pws-kord-20260324-154149981,wendy,KORD,debug,signal,"No confirmed METAR yet, PWS median 39.7°F (3 readings), skipping",,2026-03-24 15:41:49.984079+00
1387,ruth-pws-klga-20260324-154150131,wendy,KLGA,debug,signal,"No confirmed METAR yet, PWS median 40.8°F (3 readings), skipping",,2026-03-24 15:41:50.133495+00
1388,ruth-pws-kmia-20260324-154150274,wendy,KMIA,debug,signal,"No confirmed METAR yet, PWS median 81.6°F (3 readings), skipping",,2026-03-24 15:41:50.277416+00
1389,ruth-pws-katl-20260324-154150477,wendy,KATL,debug,signal,"No confirmed METAR yet, PWS median 58.9°F (3 readings), skipping",,2026-03-24 15:41:50.480003+00
1390,ruth-pws-cyyz-20260324-154151138,wendy,CYYZ,info,signal,"PWS anticipation: STRONG (score=0.738), METAR 0.0°C → estimated 0.7°C, bucket 0°C → 1°C","{""gap"": ""0.61"", ""conf"": ""1.00"", ""ramp"": ""1.33"", ""score"": 0.7375000000000003, ""current"": ""0°C"", ""predicted"": ""1°C"", ""tEstimated"": ""0.71""}",2026-03-24 15:41:51.14199+00
1391,ruth-pws-cyyz-20260324-154151138,wendy,CYYZ,info,guard,"PWS guards blocked: price_out_of_range | estimated 0.7°C, bucket 1°C, price 0.00",,2026-03-24 15:41:51.144301+00
1392,ruth-pws-ksea-20260324-154249691,wendy,KSEA,info,signal,"PWS anticipation: STRONG (score=0.672), METAR 43.0°F → estimated 44.0°F, bucket 42-43°F → 44-45°F","{""gap"": ""0.40"", ""conf"": ""1.00"", ""ramp"": ""0.91"", ""score"": 0.6718276858416415, ""current"": ""42-43°F"", ""predicted"": ""44-45°F"", ""tEstimated"": ""6.65""}",2026-03-24 15:42:49.726209+00
1393,ruth-pws-ksea-20260324-154249691,wendy,KSEA,info,guard,"PWS guards blocked: price_out_of_range | estimated 44.0°F, bucket 44-45°F, price 0.00",,2026-03-24 15:42:49.733487+00
1394,ruth-pws-kdal-20260324-154249898,wendy,KDAL,debug,signal,"No confirmed METAR yet, PWS median 70.2°F (3 readings), skipping",,2026-03-24 15:42:49.901067+00
1395,ruth-pws-kord-20260324-154250062,wendy,KORD,debug,signal,"No confirmed METAR yet, PWS median 39.9°F (3 readings), skipping",,2026-03-24 15:42:50.065329+00
1396,ruth-pws-klga-20260324-154250209,wendy,KLGA,debug,signal,"No confirmed METAR yet, PWS median 40.6°F (3 readings), skipping",,2026-03-24 15:42:50.211979+00
1397,ruth-pws-kmia-20260324-154250389,wendy,KMIA,debug,signal,"No confirmed METAR yet, PWS median 81.6°F (3 readings), skipping",,2026-03-24 15:42:50.392084+00
1398,ruth-pws-katl-20260324-154250572,wendy,KATL,debug,signal,"No confirmed METAR yet, PWS median 58.9°F (3 readings), skipping",,2026-03-24 15:42:50.575955+00
1399,ruth-pws-ksea-20260324-154349669,wendy,KSEA,info,signal,"PWS anticipation: STRONG (score=0.690), METAR 43.0°F → estimated 44.1°F, bucket 42-43°F → 44-45°F","{""gap"": ""0.40"", ""conf"": ""1.00"", ""ramp"": ""1.21"", ""score"": 0.6900000000000005, ""current"": ""42-43°F"", ""predicted"": ""44-45°F"", ""tEstimated"": ""6.74""}",2026-03-24 15:43:49.690469+00
1400,ruth-pws-ksea-20260324-154349669,wendy,KSEA,info,guard,"PWS guards blocked: price_out_of_range | estimated 44.1°F, bucket 44-45°F, price 0.00",,2026-03-24 15:43:49.693298+00
1401,ruth-pws-kdal-20260324-154349897,wendy,KDAL,debug,signal,"No confirmed METAR yet, PWS median 70.2°F (3 readings), skipping",,2026-03-24 15:43:49.89957+00
1402,ruth-pws-kord-20260324-154350066,wendy,KORD,debug,signal,"No confirmed METAR yet, PWS median 40.0°F (3 readings), skipping",,2026-03-24 15:43:50.069204+00
1403,ruth-pws-klga-20260324-154350229,wendy,KLGA,debug,signal,"No confirmed METAR yet, PWS median 40.8°F (3 readings), skipping",,2026-03-24 15:43:50.232535+00
1404,ruth-pws-kmia-20260324-154350428,wendy,KMIA,debug,signal,"No confirmed METAR yet, PWS median 81.6°F (3 readings), skipping",,2026-03-24 15:43:50.430788+00
1405,ruth-pws-katl-20260324-154350616,wendy,KATL,debug,signal,"No confirmed METAR yet, PWS median 59.0°F (3 readings), skipping",,2026-03-24 15:43:50.618722+00
1406,ruth-pws-ksea-20260324-154449649,wendy,KSEA,info,signal,"PWS anticipation: STRONG (score=0.690), METAR 43.0°F → estimated 44.2°F, bucket 42-43°F → 44-45°F","{""gap"": ""0.40"", ""conf"": ""1.00"", ""ramp"": ""1.25"", ""score"": 0.6900000000000005, ""current"": ""42-43°F"", ""predicted"": ""44-45°F"", ""tEstimated"": ""6.76""}",2026-03-24 15:44:49.666374+00
1407,ruth-pws-ksea-20260324-154449649,wendy,KSEA,info,guard,"PWS guards blocked: price_out_of_range | estimated 44.2°F, bucket 44-45°F, price 0.00",,2026-03-24 15:44:49.669402+00
1408,ruth-pws-kdal-20260324-154449883,wendy,KDAL,debug,signal,"No confirmed METAR yet, PWS median 70.2°F (3 readings), skipping",,2026-03-24 15:44:49.887717+00
1409,ruth-pws-kord-20260324-154450084,wendy,KORD,debug,signal,"No confirmed METAR yet, PWS median 40.1°F (3 readings), skipping",,2026-03-24 15:44:50.087136+00
1410,ruth-pws-klga-20260324-154450248,wendy,KLGA,debug,signal,"No confirmed METAR yet, PWS median 40.8°F (3 readings), skipping",,2026-03-24 15:44:50.251247+00
1411,ruth-pws-kmia-20260324-154450408,wendy,KMIA,debug,signal,"No confirmed METAR yet, PWS median 81.6°F (3 readings), skipping",,2026-03-24 15:44:50.411238+00
1412,ruth-pws-katl-20260324-154450587,wendy,KATL,debug,signal,"No confirmed METAR yet, PWS median 59.1°F (3 readings), skipping",,2026-03-24 15:44:50.591138+00
1413,ruth-pws-ksea-20260324-154549678,wendy,KSEA,info,signal,"PWS anticipation: STRONG (score=0.715), METAR 43.0°F → estimated 44.4°F, bucket 42-43°F → 44-45°F","{""gap"": ""0.51"", ""conf"": ""1.00"", ""ramp"": ""1.39"", ""score"": 0.7150000000000001, ""current"": ""42-43°F"", ""predicted"": ""44-45°F"", ""tEstimated"": ""6.88""}",2026-03-24 15:45:49.703606+00
1414,ruth-pws-ksea-20260324-154549678,wendy,KSEA,info,guard,"PWS guards blocked: price_out_of_range | estimated 44.4°F, bucket 44-45°F, price 0.00",,2026-03-24 15:45:49.716248+00
1415,ruth-pws-kdal-20260324-154549933,wendy,KDAL,debug,signal,"No confirmed METAR yet, PWS median 70.2°F (3 readings), skipping",,2026-03-24 15:45:49.935893+00
1416,ruth-pws-kord-20260324-154550113,wendy,KORD,debug,signal,"No confirmed METAR yet, PWS median 40.2°F (3 readings), skipping",,2026-03-24 15:45:50.116468+00
1417,ruth-pws-klga-20260324-154550345,wendy,KLGA,debug,signal,"No confirmed METAR yet, PWS median 41.0°F (3 readings), skipping",,2026-03-24 15:45:50.349099+00
1418,ruth-pws-kmia-20260324-154550510,wendy,KMIA,debug,signal,"No confirmed METAR yet, PWS median 81.4°F (3 readings), skipping",,2026-03-24 15:45:50.515494+00
1419,ruth-pws-katl-20260324-154550716,wendy,KATL,debug,signal,"No confirmed METAR yet, PWS median 59.3°F (3 readings), skipping",,2026-03-24 15:45:50.719395+00
1420,ruth-pws-ksea-20260324-154649652,wendy,KSEA,info,signal,"PWS anticipation: STRONG (score=0.715), METAR 43.0°F → estimated 44.5°F, bucket 42-43°F → 44-45°F","{""gap"": ""0.51"", ""conf"": ""1.00"", ""ramp"": ""1.58"", ""score"": 0.7150000000000001, ""current"": ""42-43°F"", ""predicted"": ""44-45°F"", ""tEstimated"": ""6.93""}",2026-03-24 15:46:49.667503+00
1421,ruth-pws-ksea-20260324-154649652,wendy,KSEA,info,guard,"PWS guards blocked: price_out_of_range | estimated 44.5°F, bucket 44-45°F, price 0.00",,2026-03-24 15:46:49.673481+00
1422,ruth-pws-kdal-20260324-154649850,wendy,KDAL,debug,signal,"No confirmed METAR yet, PWS median 70.2°F (3 readings), skipping",,2026-03-24 15:46:49.852982+00
1423,ruth-pws-kord-20260324-154650030,wendy,KORD,debug,signal,"No confirmed METAR yet, PWS median 40.3°F (3 readings), skipping",,2026-03-24 15:46:50.033371+00
1424,ruth-pws-klga-20260324-154650207,wendy,KLGA,debug,signal,"No confirmed METAR yet, PWS median 41.0°F (3 readings), skipping",,2026-03-24 15:46:50.211046+00
1425,ruth-pws-kmia-20260324-154650365,wendy,KMIA,debug,signal,"No confirmed METAR yet, PWS median 81.4°F (3 readings), skipping",,2026-03-24 15:46:50.368942+00
1426,ruth-pws-katl-20260324-154650523,wendy,KATL,debug,signal,"No confirmed METAR yet, PWS median 59.3°F (3 readings), skipping",,2026-03-24 15:46:50.526017+00
1427,ruth-pws-ksea-20260324-154749697,wendy,KSEA,info,signal,"PWS anticipation: STRONG (score=0.611), METAR 43.0°F → estimated 43.8°F, bucket 42-43°F → 44-45°F","{""gap"": ""0.34"", ""conf"": ""1.00"", ""ramp"": ""0.67"", ""score"": 0.610840843384397, ""current"": ""42-43°F"", ""predicted"": ""44-45°F"", ""tEstimated"": ""6.54""}",2026-03-24 15:47:49.715857+00
1428,ruth-pws-ksea-20260324-154749697,wendy,KSEA,info,guard,"PWS guards blocked: price_out_of_range | estimated 43.8°F, bucket 44-45°F, price 0.00",,2026-03-24 15:47:49.717894+00
1429,ruth-pws-kdal-20260324-154749962,wendy,KDAL,debug,signal,"No confirmed METAR yet, PWS median 70.2°F (3 readings), skipping",,2026-03-24 15:47:49.965377+00
1430,ruth-pws-kord-20260324-154750121,wendy,KORD,debug,signal,"No confirmed METAR yet, PWS median 40.2°F (3 readings), skipping",,2026-03-24 15:47:50.123737+00
1431,ruth-pws-klga-20260324-154750304,wendy,KLGA,debug,signal,"No confirmed METAR yet, PWS median 41.2°F (3 readings), skipping",,2026-03-24 15:47:50.30738+00
1432,ruth-pws-kmia-20260324-154750485,wendy,KMIA,debug,signal,"No confirmed METAR yet, PWS median 81.4°F (3 readings), skipping",,2026-03-24 15:47:50.488569+00
1433,ruth-pws-katl-20260324-154750640,wendy,KATL,debug,signal,"No confirmed METAR yet, PWS median 59.3°F (3 readings), skipping",,2026-03-24 15:47:50.6433+00
1434,ruth-pws-kdal-20260324-154849800,wendy,KDAL,debug,signal,"No confirmed METAR yet, PWS median 70.2°F (3 readings), skipping",,2026-03-24 15:48:49.810764+00
1435,ruth-pws-kord-20260324-154849970,wendy,KORD,debug,signal,"No confirmed METAR yet, PWS median 40.3°F (3 readings), skipping",,2026-03-24 15:48:49.973633+00
1436,ruth-pws-klga-20260324-154850167,wendy,KLGA,debug,signal,"No confirmed METAR yet, PWS median 41.4°F (3 readings), skipping",,2026-03-24 15:48:50.170144+00
1437,ruth-pws-kmia-20260324-154850302,wendy,KMIA,debug,signal,"No confirmed METAR yet, PWS median 81.4°F (3 readings), skipping",,2026-03-24 15:48:50.305499+00
1438,ruth-pws-katl-20260324-154851698,wendy,KATL,debug,signal,"No confirmed METAR yet, PWS median 59.4°F (3 readings), skipping",,2026-03-24 15:48:51.70153+00
1439,ruth-pws-kdal-20260324-154949817,wendy,KDAL,debug,signal,"No confirmed METAR yet, PWS median 70.2°F (3 readings), skipping",,2026-03-24 15:49:49.827218+00
1440,ruth-pws-kord-20260324-154949985,wendy,KORD,debug,signal,"No confirmed METAR yet, PWS median 40.3°F (3 readings), skipping",,2026-03-24 15:49:49.987922+00
1441,ruth-pws-klga-20260324-154950144,wendy,KLGA,debug,signal,"No confirmed METAR yet, PWS median 41.5°F (3 readings), skipping",,2026-03-24 15:49:50.14771+00
1442,ruth-pws-kmia-20260324-154950318,wendy,KMIA,debug,signal,"No confirmed METAR yet, PWS median 81.4°F (3 readings), skipping",,2026-03-24 15:49:50.32191+00
1443,ruth-pws-katl-20260324-154950480,wendy,KATL,debug,signal,"No confirmed METAR yet, PWS median 59.5°F (3 readings), skipping",,2026-03-24 15:49:50.482992+00
1444,ruth-pws-kdal-20260324-155049902,wendy,KDAL,debug,signal,"No confirmed METAR yet, PWS median 70.2°F (3 readings), skipping",,2026-03-24 15:50:49.913609+00
1445,ruth-pws-kord-20260324-155050183,wendy,KORD,debug,signal,"No confirmed METAR yet, PWS median 40.3°F (3 readings), skipping",,2026-03-24 15:50:50.186861+00
1446,ruth-pws-klga-20260324-155050369,wendy,KLGA,debug,signal,"No confirmed METAR yet, PWS median 41.5°F (3 readings), skipping",,2026-03-24 15:50:50.372866+00
1447,ruth-pws-kmia-20260324-155050524,wendy,KMIA,debug,signal,"No confirmed METAR yet, PWS median 81.8°F (3 readings), skipping",,2026-03-24 15:50:50.526614+00
1448,ruth-pws-katl-20260324-155050715,wendy,KATL,debug,signal,"No confirmed METAR yet, PWS median 59.5°F (3 readings), skipping",,2026-03-24 15:50:50.718305+00
1449,ruth-pws-kdal-20260324-155149822,wendy,KDAL,debug,signal,"No confirmed METAR yet, PWS median 70.2°F (3 readings), skipping",,2026-03-24 15:51:49.831049+00
1450,ruth-pws-kord-20260324-155149982,wendy,KORD,debug,signal,"No confirmed METAR yet, PWS median 40.3°F (3 readings), skipping",,2026-03-24 15:51:49.985789+00
1451,ruth-pws-klga-20260324-155150134,wendy,KLGA,debug,signal,"No confirmed METAR yet, PWS median 41.4°F (3 readings), skipping",,2026-03-24 15:51:50.137276+00
1452,ruth-pws-kmia-20260324-155150290,wendy,KMIA,debug,signal,"No confirmed METAR yet, PWS median 81.8°F (3 readings), skipping",,2026-03-24 15:51:50.293192+00
1453,ruth-pws-katl-20260324-155150439,wendy,KATL,debug,signal,"No confirmed METAR yet, PWS median 59.7°F (3 readings), skipping",,2026-03-24 15:51:50.442319+00
1454,ruth-pws-kdal-20260324-155249860,wendy,KDAL,debug,signal,"No confirmed METAR yet, PWS median 70.2°F (3 readings), skipping",,2026-03-24 15:52:49.869851+00
1455,ruth-pws-kord-20260324-155250025,wendy,KORD,debug,signal,"No confirmed METAR yet, PWS median 40.3°F (3 readings), skipping",,2026-03-24 15:52:50.028561+00
1456,ruth-pws-klga-20260324-155250216,wendy,KLGA,debug,signal,"No confirmed METAR yet, PWS median 41.2°F (3 readings), skipping",,2026-03-24 15:52:50.220012+00
1457,ruth-pws-kmia-20260324-155250366,wendy,KMIA,debug,signal,"No confirmed METAR yet, PWS median 81.9°F (3 readings), skipping",,2026-03-24 15:52:50.369145+00
1458,ruth-pws-katl-20260324-155250511,wendy,KATL,debug,signal,"No confirmed METAR yet, PWS median 59.9°F (3 readings), skipping",,2026-03-24 15:52:50.514183+00
1459,ruth-pws-kdal-20260324-155349881,wendy,KDAL,debug,signal,"No confirmed METAR yet, PWS median 70.2°F (3 readings), skipping",,2026-03-24 15:53:49.891084+00
1460,ruth-pws-kord-20260324-155350101,wendy,KORD,debug,signal,"No confirmed METAR yet, PWS median 40.3°F (3 readings), skipping",,2026-03-24 15:53:50.104207+00
1461,ruth-pws-klga-20260324-155350273,wendy,KLGA,debug,signal,"No confirmed METAR yet, PWS median 41.2°F (3 readings), skipping",,2026-03-24 15:53:50.275994+00
1462,ruth-pws-kmia-20260324-155350475,wendy,KMIA,debug,signal,"No confirmed METAR yet, PWS median 81.9°F (3 readings), skipping",,2026-03-24 15:53:50.479775+00
1463,ruth-pws-katl-20260324-155350677,wendy,KATL,debug,signal,"No confirmed METAR yet, PWS median 60.2°F (3 readings), skipping",,2026-03-24 15:53:50.680188+00
1464,ruth-pws-cyyz-20260324-155351259,wendy,CYYZ,info,signal,"PWS anticipation: STRONG (score=0.825), METAR 0.0°C → estimated 1.0°C, bucket 0°C → 1°C","{""gap"": ""1.00"", ""conf"": ""1.00"", ""ramp"": ""1.78"", ""score"": 0.8249999999999997, ""current"": ""0°C"", ""predicted"": ""1°C"", ""tEstimated"": ""1.03""}",2026-03-24 15:53:51.263115+00
1465,ruth-pws-cyyz-20260324-155351259,wendy,CYYZ,info,guard,"PWS guards blocked: price_out_of_range | estimated 1.0°C, bucket 1°C, price 0.01",,2026-03-24 15:53:51.272734+00
1466,ruth-pws-kdal-20260324-155449794,wendy,KDAL,debug,signal,"No confirmed METAR yet, PWS median 70.2°F (3 readings), skipping",,2026-03-24 15:54:49.80474+00
1467,ruth-pws-kord-20260324-155449953,wendy,KORD,debug,signal,"No confirmed METAR yet, PWS median 40.3°F (3 readings), skipping",,2026-03-24 15:54:49.95615+00
1468,ruth-pws-klga-20260324-155450088,wendy,KLGA,debug,signal,"No confirmed METAR yet, PWS median 41.7°F (3 readings), skipping",,2026-03-24 15:54:50.091139+00
1469,ruth-pws-kmia-20260324-155450229,wendy,KMIA,debug,signal,"No confirmed METAR yet, PWS median 81.8°F (3 readings), skipping",,2026-03-24 15:54:50.234257+00
1470,ruth-pws-katl-20260324-155450384,wendy,KATL,debug,signal,"No confirmed METAR yet, PWS median 60.1°F (3 readings), skipping",,2026-03-24 15:54:50.387395+00
1471,ruth-pws-cyyz-20260324-155450936,wendy,CYYZ,info,signal,"PWS anticipation: STRONG (score=0.850), METAR 0.0°C → estimated 1.4°C, bucket 0°C → 1°C","{""gap"": ""1.11"", ""conf"": ""1.00"", ""ramp"": ""2.85"", ""score"": 0.8500000000000001, ""current"": ""0°C"", ""predicted"": ""1°C"", ""tEstimated"": ""1.41""}",2026-03-24 15:54:50.941599+00
1472,ruth-pws-cyyz-20260324-155450936,wendy,CYYZ,info,guard,"PWS guards blocked: price_out_of_range | estimated 1.4°C, bucket 1°C, price 0.00",,2026-03-24 15:54:50.961732+00
1473,ruth-pws-kdal-20260324-155549828,wendy,KDAL,debug,signal,"No confirmed METAR yet, PWS median 70.2°F (3 readings), skipping",,2026-03-24 15:55:49.840835+00
1474,ruth-pws-kord-20260324-155550032,wendy,KORD,debug,signal,"No confirmed METAR yet, PWS median 40.3°F (3 readings), skipping",,2026-03-24 15:55:50.036831+00
1475,ruth-pws-klga-20260324-155550172,wendy,KLGA,debug,signal,"No confirmed METAR yet, PWS median 42.3°F (3 readings), skipping",,2026-03-24 15:55:50.175645+00
1476,ruth-pws-kmia-20260324-155550379,wendy,KMIA,debug,signal,"No confirmed METAR yet, PWS median 81.9°F (3 readings), skipping",,2026-03-24 15:55:50.38275+00
1477,ruth-pws-katl-20260324-155550569,wendy,KATL,debug,signal,"No confirmed METAR yet, PWS median 60.2°F (3 readings), skipping",,2026-03-24 15:55:50.572266+00
1478,ruth-pws-cyyz-20260324-155551167,wendy,CYYZ,info,signal,"PWS anticipation: STRONG (score=0.825), METAR 0.0°C → estimated 1.6°C, bucket 0°C → 2°C","{""gap"": ""1.00"", ""conf"": ""1.00"", ""ramp"": ""3.58"", ""score"": 0.8249999999999997, ""current"": ""0°C"", ""predicted"": ""2°C"", ""tEstimated"": ""1.57""}",2026-03-24 15:55:51.171522+00
1479,ruth-pws-cyyz-20260324-155551167,wendy,CYYZ,info,guard,"PWS guards blocked: price_out_of_range | estimated 1.6°C, bucket 2°C, price 0.01",,2026-03-24 15:55:51.185667+00
1480,ruth-pws-ksea-20260324-155649717,wendy,KSEA,info,signal,"PWS anticipation: MODERATE (score=0.530), METAR 43.0°F → estimated 43.5°F, bucket 42-43°F → 44-45°F","{""gap"": ""0.29"", ""conf"": ""1.00"", ""ramp"": ""0.32"", ""score"": 0.5296525529503656, ""current"": ""42-43°F"", ""predicted"": ""44-45°F"", ""tEstimated"": ""6.40""}",2026-03-24 15:56:49.731045+00
1481,ruth-pws-kdal-20260324-155649863,wendy,KDAL,debug,signal,"No confirmed METAR yet, PWS median 70.2°F (3 readings), skipping",,2026-03-24 15:56:49.865794+00
1482,ruth-pws-kord-20260324-155650025,wendy,KORD,debug,signal,"No confirmed METAR yet, PWS median 40.3°F (3 readings), skipping",,2026-03-24 15:56:50.028924+00
1483,ruth-pws-klga-20260324-155650216,wendy,KLGA,debug,signal,"No confirmed METAR yet, PWS median 42.3°F (3 readings), skipping",,2026-03-24 15:56:50.219194+00
1484,ruth-pws-kmia-20260324-155650364,wendy,KMIA,debug,signal,"No confirmed METAR yet, PWS median 81.9°F (3 readings), skipping",,2026-03-24 15:56:50.367621+00
1485,ruth-pws-katl-20260324-155650530,wendy,KATL,debug,signal,"No confirmed METAR yet, PWS median 60.2°F (3 readings), skipping",,2026-03-24 15:56:50.533706+00
1486,ruth-pws-cyyz-20260324-155651105,wendy,CYYZ,info,signal,"PWS anticipation: STRONG (score=0.738), METAR 0.0°C → estimated 1.2°C, bucket 0°C → 1°C","{""gap"": ""0.61"", ""conf"": ""1.00"", ""ramp"": ""2.97"", ""score"": 0.7375000000000003, ""current"": ""0°C"", ""predicted"": ""1°C"", ""tEstimated"": ""1.20""}",2026-03-24 15:56:51.108959+00
1487,ruth-pws-cyyz-20260324-155651105,wendy,CYYZ,info,guard,"PWS guards blocked: price_out_of_range | estimated 1.2°C, bucket 1°C, price 0.00",,2026-03-24 15:56:51.118457+00
1488,ruth-pws-kdal-20260324-155749871,wendy,KDAL,debug,signal,"No confirmed METAR yet, PWS median 70.2°F (3 readings), skipping",,2026-03-24 15:57:49.881745+00
1489,ruth-pws-kord-20260324-155750033,wendy,KORD,debug,signal,"No confirmed METAR yet, PWS median 40.3°F (3 readings), skipping",,2026-03-24 15:57:50.035905+00
1490,ruth-pws-klga-20260324-155750186,wendy,KLGA,debug,signal,"No confirmed METAR yet, PWS median 42.3°F (3 readings), skipping",,2026-03-24 15:57:50.189562+00
1491,ruth-pws-kmia-20260324-155750392,wendy,KMIA,debug,signal,"No confirmed METAR yet, PWS median 81.9°F (3 readings), skipping",,2026-03-24 15:57:50.395627+00
1492,ruth-pws-katl-20260324-155750555,wendy,KATL,debug,signal,"No confirmed METAR yet, PWS median 60.2°F (3 readings), skipping",,2026-03-24 15:57:50.568065+00
1493,ruth-pws-eglc-20260324-155750841,wendy,EGLC,info,signal,"PWS anticipation: STRONG (score=0.622), METAR 12.0°C → estimated 12.5°C, bucket 12°C → 13°C","{""gap"": ""0.50"", ""conf"": ""1.00"", ""ramp"": ""0.55"", ""score"": 0.6217251510961558, ""current"": ""12°C"", ""predicted"": ""13°C"", ""tEstimated"": ""12.51""}",2026-03-24 15:57:50.847553+00
1494,ruth-pws-eglc-20260324-155750841,wendy,EGLC,info,guard,"PWS guards blocked: price_out_of_range | estimated 12.5°C, bucket 13°C, price 1.00",,2026-03-24 15:57:50.871926+00
1495,ruth-pws-cyyz-20260324-155751229,wendy,CYYZ,info,signal,"PWS anticipation: STRONG (score=0.738), METAR 0.0°C → estimated 1.2°C, bucket 0°C → 1°C","{""gap"": ""0.61"", ""conf"": ""1.00"", ""ramp"": ""2.91"", ""score"": 0.7375000000000003, ""current"": ""0°C"", ""predicted"": ""1°C"", ""tEstimated"": ""1.18""}",2026-03-24 15:57:51.234368+00
1496,ruth-pws-cyyz-20260324-155751229,wendy,CYYZ,info,guard,"PWS guards blocked: price_out_of_range | estimated 1.2°C, bucket 1°C, price 0.00",,2026-03-24 15:57:51.251184+00
1497,ruth-pws-ksea-20260324-155849682,wendy,KSEA,info,guard,"PWS guards blocked: price_out_of_range | estimated 43.6°F, bucket 44-45°F, price 0.00",,2026-03-24 15:58:49.70655+00
1498,ruth-pws-ksea-20260324-155849682,wendy,KSEA,info,signal,"PWS anticipation: STRONG (score=0.558), METAR 43.0°F → estimated 43.6°F, bucket 42-43°F → 44-45°F","{""gap"": ""0.23"", ""conf"": ""1.00"", ""ramp"": ""0.53"", ""score"": 0.5575491252031317, ""current"": ""42-43°F"", ""predicted"": ""44-45°F"", ""tEstimated"": ""6.42""}",2026-03-24 15:58:49.706753+00
1499,ruth-pws-kdal-20260324-155849867,wendy,KDAL,debug,signal,"No confirmed METAR yet, PWS median 70.2°F (3 readings), skipping",,2026-03-24 15:58:49.870867+00
1500,ruth-pws-kord-20260324-155850027,wendy,KORD,debug,signal,"No confirmed METAR yet, PWS median 40.5°F (3 readings), skipping",,2026-03-24 15:58:50.029373+00
1501,ruth-pws-klga-20260324-155850204,wendy,KLGA,debug,signal,"No confirmed METAR yet, PWS median 42.3°F (3 readings), skipping",,2026-03-24 15:58:50.207025+00
1502,ruth-pws-kmia-20260324-155850395,wendy,KMIA,debug,signal,"No confirmed METAR yet, PWS median 81.9°F (3 readings), skipping",,2026-03-24 15:58:50.398381+00
1503,ruth-pws-katl-20260324-155850543,wendy,KATL,debug,signal,"No confirmed METAR yet, PWS median 60.1°F (3 readings), skipping",,2026-03-24 15:58:50.546258+00
1504,ruth-pws-eglc-20260324-155850763,wendy,EGLC,info,signal,"PWS anticipation: STRONG (score=0.658), METAR 12.0°C → estimated 12.6°C, bucket 12°C → 13°C","{""gap"": ""0.50"", ""conf"": ""1.00"", ""ramp"": ""0.73"", ""score"": 0.658159692187475, ""current"": ""12°C"", ""predicted"": ""13°C"", ""tEstimated"": ""12.57""}",2026-03-24 15:58:50.768368+00
1505,ruth-pws-eglc-20260324-155850763,wendy,EGLC,info,guard,"PWS guards blocked: price_out_of_range | estimated 12.6°C, bucket 13°C, price 1.00",,2026-03-24 15:58:50.771702+00
1506,ruth-pws-cyyz-20260324-155851137,wendy,CYYZ,info,signal,"PWS anticipation: STRONG (score=0.738), METAR 0.0°C → estimated 0.9°C, bucket 0°C → 1°C","{""gap"": ""0.61"", ""conf"": ""1.00"", ""ramp"": ""2.00"", ""score"": 0.7375000000000003, ""current"": ""0°C"", ""predicted"": ""1°C"", ""tEstimated"": ""0.91""}",2026-03-24 15:58:51.142594+00
1507,ruth-pws-cyyz-20260324-155851137,wendy,CYYZ,info,guard,"PWS guards blocked: price_out_of_range | estimated 0.9°C, bucket 1°C, price 0.00",,2026-03-24 15:58:51.145655+00
1508,ruth-pws-ksea-20260324-155949687,wendy,KSEA,info,signal,"PWS anticipation: MODERATE (score=0.546), METAR 43.0°F → estimated 43.6°F, bucket 42-43°F → 44-45°F","{""gap"": ""0.29"", ""conf"": ""1.00"", ""ramp"": ""0.40"", ""score"": 0.5458073485759977, ""current"": ""42-43°F"", ""predicted"": ""44-45°F"", ""tEstimated"": ""6.42""}",2026-03-24 15:59:49.704677+00
1509,ruth-pws-kdal-20260324-155949834,wendy,KDAL,debug,signal,"No confirmed METAR yet, PWS median 70.2°F (3 readings), skipping",,2026-03-24 15:59:49.837006+00
1510,ruth-pws-kord-20260324-155950002,wendy,KORD,debug,signal,"No confirmed METAR yet, PWS median 40.5°F (3 readings), skipping",,2026-03-24 15:59:50.005451+00
1511,ruth-pws-klga-20260324-155950158,wendy,KLGA,debug,signal,"No confirmed METAR yet, PWS median 42.3°F (3 readings), skipping",,2026-03-24 15:59:50.161019+00
1512,ruth-pws-kmia-20260324-155950323,wendy,KMIA,debug,signal,"No confirmed METAR yet, PWS median 81.9°F (3 readings), skipping",,2026-03-24 15:59:50.328714+00
1513,ruth-pws-katl-20260324-155950544,wendy,KATL,debug,signal,"No confirmed METAR yet, PWS median 60.4°F (3 readings), skipping",,2026-03-24 15:59:50.548584+00
1514,ruth-pws-eglc-20260324-155950705,wendy,EGLC,info,signal,"PWS anticipation: STRONG (score=0.707), METAR 12.0°C → estimated 12.6°C, bucket 12°C → 13°C","{""gap"": ""0.50"", ""conf"": ""1.00"", ""ramp"": ""0.97"", ""score"": 0.7065135420979494, ""current"": ""12°C"", ""predicted"": ""13°C"", ""tEstimated"": ""12.64""}",2026-03-24 15:59:50.709459+00
1515,ruth-pws-eglc-20260324-155950705,wendy,EGLC,info,guard,"PWS guards blocked: price_out_of_range | estimated 12.6°C, bucket 13°C, price 1.00",,2026-03-24 15:59:50.719909+00
1516,ruth-pws-cyyz-20260324-155951156,wendy,CYYZ,info,signal,"PWS anticipation: STRONG (score=0.775), METAR 0.0°C → estimated 0.7°C, bucket 0°C → 1°C","{""gap"": ""0.78"", ""conf"": ""1.00"", ""ramp"": ""1.07"", ""score"": 0.7749999999999999, ""current"": ""0°C"", ""predicted"": ""1°C"", ""tEstimated"": ""0.71""}",2026-03-24 15:59:51.160242+00
1517,ruth-pws-cyyz-20260324-155951156,wendy,CYYZ,info,guard,"PWS guards blocked: price_out_of_range | estimated 0.7°C, bucket 1°C, price 0.00",,2026-03-24 15:59:51.164791+00
1518,ruth-metar-kord-20260324-160002099,wendy,KORD,info,signal,Threshold crossed: none → 40-41°F,,2026-03-24 16:00:02.191922+00
1519,ruth-metar-kord-20260324-160002099,wendy,KORD,info,guard,"Guards blocked: price_out_of_range | METAR 39.9°F, bucket 40-41°F, price 0.01","{""price"": 0.005, ""bucket"": ""40-41°F""}",2026-03-24 16:00:02.199488+00
1520,ruth-metar-kord-20260324-160002099,wendy,KORD,info,signal,"METAR: 4.4°C, max=4.4°C, bucket=40-41°F","{""prevBucket"": null}",2026-03-24 16:00:02.244761+00
1521,ruth-metar-klga-20260324-160002200,wendy,KLGA,info,signal,"METAR: 4.4°C, max=4.4°C, bucket=40-41°F","{""prevBucket"": null}",2026-03-24 16:00:02.333663+00
1522,ruth-metar-klga-20260324-160002200,wendy,KLGA,info,signal,Threshold crossed: none → 40-41°F,,2026-03-24 16:00:02.339369+00
1523,ruth-metar-klga-20260324-160002200,wendy,KLGA,info,guard,"Guards blocked: price_out_of_range | METAR 39.9°F, bucket 40-41°F, price 0.00","{""price"": 0.0005, ""bucket"": ""40-41°F""}",2026-03-24 16:00:02.356014+00
1524,ruth-metar-katl-20260324-160002355,wendy,KATL,info,signal,"METAR: 15.6°C, max=15.6°C, bucket=60-61°F","{""prevBucket"": null}",2026-03-24 16:00:02.378289+00
1525,ruth-metar-katl-20260324-160002355,wendy,KATL,info,signal,Threshold crossed: none → 60-61°F,,2026-03-24 16:00:02.380849+00
1526,ruth-metar-katl-20260324-160002355,wendy,KATL,info,guard,"Guards blocked: price_out_of_range | METAR 60.1°F, bucket 60-61°F, price 0.02","{""price"": 0.0165, ""bucket"": ""60-61°F""}",2026-03-24 16:00:02.490886+00
1527,ruth-metar-eglc-20260324-160002490,wendy,EGLC,info,signal,"METAR: 12°C, max=12°C, bucket=12°C","{""prevBucket"": ""12°C""}",2026-03-24 16:00:02.53219+00
1528,ruth-metar-ksea-20260324-160002531,wendy,KSEA,info,signal,"METAR: 6.1°C, max=6.1°C, bucket=42-43°F","{""prevBucket"": ""42-43°F""}",2026-03-24 16:00:02.546208+00
1530,ruth-metar-kmia-20260324-160002542,wendy,KMIA,info,signal,"METAR: 26.1°C, max=26.1°C, bucket=78-79°F","{""prevBucket"": null}",2026-03-24 16:00:02.555001+00
1529,ruth-metar-kmia-20260324-160002542,wendy,KMIA,info,signal,Threshold crossed: none → 78-79°F,,2026-03-24 16:00:02.555289+00
1531,ruth-metar-kmia-20260324-160002542,wendy,KMIA,info,guard,"Guards blocked: price_out_of_range | METAR 79.0°F, bucket 78-79°F, price 0.00","{""price"": 0.002, ""bucket"": ""78-79°F""}",2026-03-24 16:00:02.578373+00
1532,ruth-metar-kdal-20260324-160002579,wendy,KDAL,info,signal,Threshold crossed: none → 70-71°F,,2026-03-24 16:00:02.587101+00
1533,ruth-metar-kdal-20260324-160002579,wendy,KDAL,info,signal,"METAR: 21.1°C, max=21.1°C, bucket=70-71°F","{""prevBucket"": null}",2026-03-24 16:00:02.588625+00
1534,ruth-metar-kdal-20260324-160002579,wendy,KDAL,warn,signal,No market found for bucket 70-71°F,,2026-03-24 16:00:02.588854+00
1535,ruth-pws-ksea-20260324-160049671,wendy,KSEA,info,signal,"PWS anticipation: MODERATE (score=0.544), METAR 43.0°F → estimated 43.6°F, bucket 42-43°F → 44-45°F","{""gap"": ""0.29"", ""conf"": ""1.00"", ""ramp"": ""0.39"", ""score"": 0.5437880268693766, ""current"": ""42-43°F"", ""predicted"": ""44-45°F"", ""tEstimated"": ""6.42""}",2026-03-24 16:00:49.68243+00
1536,ruth-pws-klga-20260324-160050226,wendy,KLGA,info,signal,"PWS anticipation: STRONG (score=0.910), METAR 39.9°F → estimated 44.0°F, bucket 40-41°F → 44-45°F","{""gap"": ""1.38"", ""conf"": ""1.00"", ""ramp"": ""4.30"", ""score"": 0.9099999999999997, ""current"": ""40-41°F"", ""predicted"": ""44-45°F"", ""tEstimated"": ""6.66""}",2026-03-24 16:00:50.230926+00
1537,ruth-pws-klga-20260324-160050226,wendy,KLGA,info,trade,BUY attempt: 44-45°F @ 0.13,"{""amount"": 5, ""tokenId"": ""11264762238868470392969284368589596929044651568997101186373153312841457562692""}",2026-03-24 16:00:50.30546+00
1538,ruth-pws-kmia-20260324-160055440,wendy,KMIA,info,signal,"PWS anticipation: STRONG (score=0.911), METAR 79.0°F → estimated 81.5°F, bucket 78-79°F → 80-81°F","{""gap"": ""1.73"", ""conf"": ""1.00"", ""ramp"": ""0.61"", ""score"": 0.9114661122379566, ""current"": ""78-79°F"", ""predicted"": ""80-81°F"", ""tEstimated"": ""27.50""}",2026-03-24 16:00:55.447734+00
1539,ruth-pws-kmia-20260324-160055440,wendy,KMIA,info,guard,"PWS guards blocked: price_out_of_range | estimated 81.5°F, bucket 80-81°F, price 0.05",,2026-03-24 16:00:55.451758+00
1540,ruth-pws-katl-20260324-160055639,wendy,KATL,info,signal,"PWS anticipation: MODERATE (score=0.532), METAR 60.1°F → estimated 61.6°F, bucket 60-61°F → 62-63°F","{""gap"": ""0.29"", ""conf"": ""0.67"", ""ramp"": ""2.30"", ""score"": 0.5316666666666668, ""current"": ""60-61°F"", ""predicted"": ""62-63°F"", ""tEstimated"": ""16.42""}",2026-03-24 16:00:55.644595+00
1541,ruth-pws-eglc-20260324-160055844,wendy,EGLC,info,signal,"PWS anticipation: STRONG (score=0.713), METAR 12.0°C → estimated 12.7°C, bucket 12°C → 13°C","{""gap"": ""0.50"", ""conf"": ""1.00"", ""ramp"": ""1.00"", ""score"": 0.7125000000000001, ""current"": ""12°C"", ""predicted"": ""13°C"", ""tEstimated"": ""12.65""}",2026-03-24 16:00:55.849557+00
1542,ruth-pws-eglc-20260324-160055844,wendy,EGLC,info,guard,"PWS guards blocked: price_out_of_range | estimated 12.7°C, bucket 13°C, price 1.00",,2026-03-24 16:00:55.851304+00
1543,ruth-pws-cyyz-20260324-160056268,wendy,CYYZ,info,signal,"PWS anticipation: STRONG (score=0.649), METAR 0.0°C → estimated 0.5°C, bucket 0°C → 1°C","{""gap"": ""0.89"", ""conf"": ""1.00"", ""ramp"": ""0.25"", ""score"": 0.6494455580222058, ""current"": ""0°C"", ""predicted"": ""1°C"", ""tEstimated"": ""0.52""}",2026-03-24 16:00:56.274147+00
1544,ruth-pws-cyyz-20260324-160056268,wendy,CYYZ,info,guard,"PWS guards blocked: price_out_of_range | estimated 0.5°C, bucket 1°C, price 0.00",,2026-03-24 16:00:56.275924+00
1545,ruth-pws-klga-20260324-160050226,wendy,KLGA,success,trade,BUY filled: 39.611427 shares,"{""bucket"": ""44-45°F"", ""shares"": 39.611427, ""orderId"": ""0x0cec76d2263f0bd13fb7c2ad1eb3e3a48827efb85fc9b6ee5ddb6ccc90ffdccd""}",2026-03-24 16:00:56.656763+00
1546,ruth-pws-klga-20260324-160050226,wendy,KLGA,info,signal,PWS position registered for METAR validation: 44-45°F (39.611427 shares),,2026-03-24 16:00:56.657346+00
1547,ruth-pws-klga-20260324-160150367,wendy,KLGA,info,signal,"PWS already anticipated 44-45°F, skipping duplicate buy",,2026-03-24 16:01:50.385143+00
1548,ruth-pws-klga-20260324-160150367,wendy,KLGA,info,signal,"PWS anticipation: STRONG (score=0.910), METAR 39.9°F → estimated 44.1°F, bucket 40-41°F → 44-45°F","{""gap"": ""1.38"", ""conf"": ""1.00"", ""ramp"": ""4.48"", ""score"": 0.9099999999999997, ""current"": ""40-41°F"", ""predicted"": ""44-45°F"", ""tEstimated"": ""6.71""}",2026-03-24 16:01:50.387449+00
1549,ruth-pws-kmia-20260324-160150733,wendy,KMIA,info,signal,"PWS anticipation: STRONG (score=0.940), METAR 79.0°F → estimated 81.6°F, bucket 78-79°F → 82-83°F","{""gap"": ""1.73"", ""conf"": ""1.00"", ""ramp"": ""0.75"", ""score"": 0.9395810579546746, ""current"": ""78-79°F"", ""predicted"": ""82-83°F"", ""tEstimated"": ""27.54""}",2026-03-24 16:01:50.738832+00
1550,ruth-pws-kmia-20260324-160150733,wendy,KMIA,info,trade,BUY attempt: 82-83°F @ 0.49,"{""amount"": 5, ""tokenId"": ""33745491037968262341909373072512343393110936988530679266195274968014628800984""}",2026-03-24 16:01:50.810248+00
1551,ruth-pws-katl-20260324-160155881,wendy,KATL,info,signal,"PWS anticipation: MODERATE (score=0.544), METAR 60.1°F → estimated 61.6°F, bucket 60-61°F → 62-63°F","{""gap"": ""0.34"", ""conf"": ""0.67"", ""ramp"": ""2.25"", ""score"": 0.5441666666666668, ""current"": ""60-61°F"", ""predicted"": ""62-63°F"", ""tEstimated"": ""16.44""}",2026-03-24 16:01:55.886091+00
1552,ruth-pws-kmia-20260324-160150733,wendy,KMIA,success,trade,BUY filled: 10.416665 shares,"{""bucket"": ""82-83°F"", ""shares"": 10.416665, ""orderId"": ""0x568166a8d54bf1e145929e8de207451f753fcf150a01a7ffa287c672271fa65b""}",2026-03-24 16:01:57.119499+00
1553,ruth-pws-kmia-20260324-160150733,wendy,KMIA,info,signal,PWS position registered for METAR validation: 82-83°F (10.416665 shares),,2026-03-24 16:01:57.119608+00
1554,ruth-pws-kdal-20260324-160249834,wendy,KDAL,info,signal,"PWS anticipation: STRONG (score=0.852), METAR 70.0°F → estimated 72.9°F, bucket 70-71°F → 72-73°F","{""gap"": ""1.12"", ""conf"": ""1.00"", ""ramp"": ""2.73"", ""score"": 0.8524999999999996, ""current"": ""70-71°F"", ""predicted"": ""72-73°F"", ""tEstimated"": ""22.70""}",2026-03-24 16:02:49.847512+00
1555,ruth-pws-klga-20260324-160250202,wendy,KLGA,info,signal,"PWS anticipation: STRONG (score=0.910), METAR 39.9°F → estimated 43.8°F, bucket 40-41°F → 44-45°F","{""gap"": ""1.38"", ""conf"": ""1.00"", ""ramp"": ""3.91"", ""score"": 0.9099999999999997, ""current"": ""40-41°F"", ""predicted"": ""44-45°F"", ""tEstimated"": ""6.54""}",2026-03-24 16:02:50.206584+00
1556,ruth-pws-klga-20260324-160250202,wendy,KLGA,info,signal,"PWS already anticipated 44-45°F, skipping duplicate buy",,2026-03-24 16:02:50.21693+00
1557,ruth-pws-kmia-20260324-160250350,wendy,KMIA,info,signal,"PWS already anticipated 82-83°F, skipping duplicate buy",,2026-03-24 16:02:50.355081+00
1558,ruth-pws-kmia-20260324-160250350,wendy,KMIA,info,signal,"PWS anticipation: STRONG (score=0.954), METAR 79.0°F → estimated 81.6°F, bucket 78-79°F → 82-83°F","{""gap"": ""1.73"", ""conf"": ""1.00"", ""ramp"": ""0.82"", ""score"": 0.9536689460589006, ""current"": ""78-79°F"", ""predicted"": ""82-83°F"", ""tEstimated"": ""27.56""}",2026-03-24 16:02:50.355464+00
1559,ruth-pws-katl-20260324-160250489,wendy,KATL,info,signal,"PWS anticipation: MODERATE (score=0.532), METAR 60.1°F → estimated 61.5°F, bucket 60-61°F → 62-63°F","{""gap"": ""0.29"", ""conf"": ""0.67"", ""ramp"": ""2.21"", ""score"": 0.5316666666666668, ""current"": ""60-61°F"", ""predicted"": ""62-63°F"", ""tEstimated"": ""16.40""}",2026-03-24 16:02:50.494995+00
1560,ruth-pws-lfpg-20260324-160250810,wendy,LFPG,debug,signal,"PWS anticipation: WEAK (score=-0.100), METAR 18.0°C → estimated 17.4°C, bucket 18°C → 17°C","{""gap"": ""-0.44"", ""conf"": ""0.00"", ""ramp"": ""-1.84"", ""score"": -0.09999999999999964, ""current"": ""18°C"", ""predicted"": ""17°C"", ""tEstimated"": ""17.45""}",2026-03-24 16:02:50.814476+00
1561,ruth-pws-cyyz-20260324-160251018,wendy,CYYZ,info,signal,"PWS anticipation: STRONG (score=0.796), METAR 0.0°C → estimated 0.8°C, bucket 0°C → 1°C","{""gap"": ""1.22"", ""conf"": ""1.00"", ""ramp"": ""0.61"", ""score"": 0.7960875568832685, ""current"": ""0°C"", ""predicted"": ""1°C"", ""tEstimated"": ""0.79""}",2026-03-24 16:02:51.027359+00
1562,ruth-pws-cyyz-20260324-160251018,wendy,CYYZ,info,guard,"PWS guards blocked: price_out_of_range | estimated 0.8°C, bucket 1°C, price 0.00",,2026-03-24 16:02:51.030346+00
1563,ruth-pws-kdal-20260324-160349827,wendy,KDAL,info,signal,"PWS anticipation: STRONG (score=0.865), METAR 70.0°F → estimated 74.2°F, bucket 70-71°F → 74-75°F","{""gap"": ""1.18"", ""conf"": ""1.00"", ""ramp"": ""5.06"", ""score"": 0.8649999999999991, ""current"": ""70-71°F"", ""predicted"": ""74-75°F"", ""tEstimated"": ""23.44""}",2026-03-24 16:03:49.844371+00
1564,ruth-pws-klga-20260324-160350260,wendy,KLGA,info,signal,"PWS anticipation: STRONG (score=0.823), METAR 39.9°F → estimated 42.1°F, bucket 40-41°F → 42-43°F","{""gap"": ""0.99"", ""conf"": ""1.00"", ""ramp"": ""1.76"", ""score"": 0.8225000000000002, ""current"": ""40-41°F"", ""predicted"": ""42-43°F"", ""tEstimated"": ""5.62""}",2026-03-24 16:03:50.265156+00
1565,ruth-pws-klga-20260324-160350260,wendy,KLGA,info,signal,"PWS already anticipated 44-45°F, skipping duplicate buy",,2026-03-24 16:03:50.275696+00
1566,ruth-pws-kmia-20260324-160350411,wendy,KMIA,info,signal,"PWS anticipation: STRONG (score=0.984), METAR 79.0°F → estimated 81.7°F, bucket 78-79°F → 82-83°F","{""gap"": ""1.73"", ""conf"": ""1.00"", ""ramp"": ""0.97"", ""score"": 0.9840305252548539, ""current"": ""78-79°F"", ""predicted"": ""82-83°F"", ""tEstimated"": ""27.60""}",2026-03-24 16:03:50.418928+00
1567,ruth-pws-kmia-20260324-160350411,wendy,KMIA,info,signal,"PWS already anticipated 82-83°F, skipping duplicate buy",,2026-03-24 16:03:50.419553+00
1568,ruth-pws-katl-20260324-160350587,wendy,KATL,info,signal,"PWS anticipation: STRONG (score=0.569), METAR 60.1°F → estimated 61.8°F, bucket 60-61°F → 62-63°F","{""gap"": ""0.46"", ""conf"": ""0.67"", ""ramp"": ""2.42"", ""score"": 0.569166666666667, ""current"": ""60-61°F"", ""predicted"": ""62-63°F"", ""tEstimated"": ""16.54""}",2026-03-24 16:03:50.593436+00
1569,ruth-pws-katl-20260324-160350587,wendy,KATL,info,guard,"PWS guards blocked: price_out_of_range | estimated 61.8°F, bucket 62-63°F, price 0.05",,2026-03-24 16:03:50.609748+00
1570,ruth-pws-lfpg-20260324-160350946,wendy,LFPG,debug,signal,"PWS anticipation: WEAK (score=-0.113), METAR 18.0°C → estimated 17.3°C, bucket 18°C → 17°C","{""gap"": ""-0.50"", ""conf"": ""0.00"", ""ramp"": ""-2.41"", ""score"": -0.1125, ""current"": ""18°C"", ""predicted"": ""17°C"", ""tEstimated"": ""17.28""}",2026-03-24 16:03:50.950502+00
1571,ruth-pws-cyyz-20260324-160351108,wendy,CYYZ,info,signal,"PWS anticipation: STRONG (score=0.875), METAR 0.0°C → estimated 1.0°C, bucket 0°C → 1°C","{""gap"": ""1.22"", ""conf"": ""1.00"", ""ramp"": ""1.23"", ""score"": 0.8750000000000004, ""current"": ""0°C"", ""predicted"": ""1°C"", ""tEstimated"": ""0.98""}",2026-03-24 16:03:51.112455+00
1572,ruth-pws-cyyz-20260324-160351108,wendy,CYYZ,info,guard,"PWS guards blocked: price_out_of_range | estimated 1.0°C, bucket 1°C, price 0.00",,2026-03-24 16:03:51.129619+00
1573,ruth-pws-kdal-20260324-160449896,wendy,KDAL,info,signal,"PWS anticipation: STRONG (score=0.732), METAR 70.0°F → estimated 75.3°F, bucket 70-71°F → 74-75°F","{""gap"": ""1.18"", ""conf"": ""0.67"", ""ramp"": ""7.96"", ""score"": 0.7316666666666658, ""current"": ""70-71°F"", ""predicted"": ""74-75°F"", ""tEstimated"": ""24.04""}",2026-03-24 16:04:49.908935+00
1574,ruth-pws-kord-20260324-160450092,wendy,KORD,info,signal,"PWS anticipation: STRONG (score=0.710), METAR 39.9°F → estimated 41.7°F, bucket 40-41°F → 42-43°F","{""gap"": ""0.49"", ""conf"": ""1.00"", ""ramp"": ""1.92"", ""score"": 0.7099999999999997, ""current"": ""40-41°F"", ""predicted"": ""42-43°F"", ""tEstimated"": ""5.37""}",2026-03-24 16:04:50.098676+00
1575,ruth-pws-kord-20260324-160450092,wendy,KORD,info,guard,"PWS guards blocked: price_out_of_range | estimated 41.7°F, bucket 42-43°F, price 0.01",,2026-03-24 16:04:50.109515+00
1576,ruth-pws-kmia-20260324-160450403,wendy,KMIA,info,signal,"PWS anticipation: STRONG (score=0.990), METAR 79.0°F → estimated 81.7°F, bucket 78-79°F → 82-83°F","{""gap"": ""1.73"", ""conf"": ""1.00"", ""ramp"": ""1.01"", ""score"": 0.9899999999999987, ""current"": ""78-79°F"", ""predicted"": ""82-83°F"", ""tEstimated"": ""27.62""}",2026-03-24 16:04:50.406855+00
1577,ruth-pws-kmia-20260324-160450403,wendy,KMIA,info,signal,"PWS already anticipated 82-83°F, skipping duplicate buy",,2026-03-24 16:04:50.407655+00
1578,ruth-pws-katl-20260324-160450621,wendy,KATL,info,signal,"PWS anticipation: STRONG (score=0.582), METAR 60.1°F → estimated 62.3°F, bucket 60-61°F → 62-63°F","{""gap"": ""0.51"", ""conf"": ""0.67"", ""ramp"": ""3.25"", ""score"": 0.5816666666666667, ""current"": ""60-61°F"", ""predicted"": ""62-63°F"", ""tEstimated"": ""16.81""}",2026-03-24 16:04:50.626374+00
1579,ruth-pws-katl-20260324-160450621,wendy,KATL,info,guard,"PWS guards blocked: price_out_of_range | estimated 62.3°F, bucket 62-63°F, price 0.05",,2026-03-24 16:04:50.627842+00
1580,ruth-pws-lfpg-20260324-160451054,wendy,LFPG,debug,signal,"PWS anticipation: WEAK (score=-0.125), METAR 18.0°C → estimated 17.0°C, bucket 18°C → 17°C","{""gap"": ""-0.56"", ""conf"": ""0.00"", ""ramp"": ""-3.28"", ""score"": -0.12500000000000036, ""current"": ""18°C"", ""predicted"": ""17°C"", ""tEstimated"": ""17.02""}",2026-03-24 16:04:51.057453+00
1581,ruth-pws-cyyz-20260324-160451257,wendy,CYYZ,info,signal,"PWS anticipation: STRONG (score=0.887), METAR 0.0°C → estimated 1.8°C, bucket 0°C → 2°C","{""gap"": ""1.28"", ""conf"": ""1.00"", ""ramp"": ""4.03"", ""score"": 0.8874999999999997, ""current"": ""0°C"", ""predicted"": ""2°C"", ""tEstimated"": ""1.85""}",2026-03-24 16:04:51.261414+00
1582,ruth-pws-cyyz-20260324-160451257,wendy,CYYZ,info,guard,"PWS guards blocked: price_out_of_range | estimated 1.8°C, bucket 2°C, price 0.01",,2026-03-24 16:04:51.265676+00
1583,ruth-pws-kdal-20260324-160549818,wendy,KDAL,info,signal,"PWS anticipation: STRONG (score=0.732), METAR 70.0°F → estimated 75.3°F, bucket 70-71°F → 74-75°F","{""gap"": ""1.18"", ""conf"": ""0.67"", ""ramp"": ""8.00"", ""score"": 0.7316666666666658, ""current"": ""70-71°F"", ""predicted"": ""74-75°F"", ""tEstimated"": ""24.05""}",2026-03-24 16:05:49.830723+00
1584,ruth-pws-kord-20260324-160549972,wendy,KORD,info,signal,"PWS anticipation: STRONG (score=0.735), METAR 39.9°F → estimated 42.0°F, bucket 40-41°F → 42-43°F","{""gap"": ""0.60"", ""conf"": ""1.00"", ""ramp"": ""2.18"", ""score"": 0.7349999999999999, ""current"": ""40-41°F"", ""predicted"": ""42-43°F"", ""tEstimated"": ""5.53""}",2026-03-24 16:05:49.977192+00
1585,ruth-pws-kord-20260324-160549972,wendy,KORD,info,guard,"PWS guards blocked: price_out_of_range | estimated 42.0°F, bucket 42-43°F, price 0.01",,2026-03-24 16:05:49.986814+00
1586,ruth-pws-klga-20260324-160550133,wendy,KLGA,debug,signal,"PWS anticipation: MODERATE (score=0.535), METAR 39.9°F → estimated 38.8°F, bucket 40-41°F → 38-39°F","{""gap"": ""0.60"", ""conf"": ""1.00"", ""ramp"": ""-3.39"", ""score"": 0.5349999999999999, ""current"": ""40-41°F"", ""predicted"": ""38-39°F"", ""tEstimated"": ""3.80""}",2026-03-24 16:05:50.136139+00
1587,ruth-pws-kmia-20260324-160550303,wendy,KMIA,info,signal,"PWS anticipation: STRONG (score=1.000), METAR 79.0°F → estimated 82.3°F, bucket 78-79°F → 82-83°F","{""gap"": ""1.96"", ""conf"": ""1.00"", ""ramp"": ""1.52"", ""score"": 1, ""current"": ""78-79°F"", ""predicted"": ""82-83°F"", ""tEstimated"": ""27.92""}",2026-03-24 16:05:50.307846+00
1588,ruth-pws-kmia-20260324-160550303,wendy,KMIA,info,signal,"PWS already anticipated 82-83°F, skipping duplicate buy",,2026-03-24 16:05:50.308327+00
1589,ruth-pws-katl-20260324-160550495,wendy,KATL,info,signal,"PWS anticipation: STRONG (score=0.740), METAR 60.1°F → estimated 62.8°F, bucket 60-61°F → 62-63°F","{""gap"": ""0.62"", ""conf"": ""1.00"", ""ramp"": ""3.51"", ""score"": 0.74, ""current"": ""60-61°F"", ""predicted"": ""62-63°F"", ""tEstimated"": ""17.09""}",2026-03-24 16:05:50.498728+00
1590,ruth-pws-katl-20260324-160550495,wendy,KATL,info,guard,"PWS guards blocked: price_out_of_range | estimated 62.8°F, bucket 62-63°F, price 0.05",,2026-03-24 16:05:50.500777+00
1591,ruth-pws-lfpg-20260324-160550886,wendy,LFPG,debug,signal,"PWS anticipation: WEAK (score=-0.137), METAR 18.0°C → estimated 17.0°C, bucket 18°C → 17°C","{""gap"": ""-0.61"", ""conf"": ""0.00"", ""ramp"": ""-3.36"", ""score"": -0.1374999999999999, ""current"": ""18°C"", ""predicted"": ""17°C"", ""tEstimated"": ""16.99""}",2026-03-24 16:05:50.889682+00
1592,ruth-pws-cyyz-20260324-160551067,wendy,CYYZ,info,signal,"PWS anticipation: STRONG (score=0.887), METAR 0.0°C → estimated 1.8°C, bucket 0°C → 2°C","{""gap"": ""1.28"", ""conf"": ""1.00"", ""ramp"": ""3.99"", ""score"": 0.8874999999999997, ""current"": ""0°C"", ""predicted"": ""2°C"", ""tEstimated"": ""1.84""}",2026-03-24 16:05:51.071814+00
1593,ruth-pws-cyyz-20260324-160551067,wendy,CYYZ,info,guard,"PWS guards blocked: price_out_of_range | estimated 1.8°C, bucket 2°C, price 0.01",,2026-03-24 16:05:51.075959+00
1594,ruth-pws-kdal-20260324-160649864,wendy,KDAL,info,signal,"PWS anticipation: STRONG (score=0.802), METAR 70.0°F → estimated 75.8°F, bucket 70-71°F → 76-77°F","{""gap"": ""0.90"", ""conf"": ""1.00"", ""ramp"": ""8.67"", ""score"": 0.8024999999999989, ""current"": ""70-71°F"", ""predicted"": ""76-77°F"", ""tEstimated"": ""24.33""}",2026-03-24 16:06:49.878567+00
1595,ruth-pws-kord-20260324-160650035,wendy,KORD,info,signal,"PWS anticipation: STRONG (score=0.735), METAR 39.9°F → estimated 42.1°F, bucket 40-41°F → 42-43°F","{""gap"": ""0.60"", ""conf"": ""1.00"", ""ramp"": ""2.48"", ""score"": 0.7349999999999999, ""current"": ""40-41°F"", ""predicted"": ""42-43°F"", ""tEstimated"": ""5.63""}",2026-03-24 16:06:50.039981+00
1596,ruth-pws-kord-20260324-160650035,wendy,KORD,info,guard,"PWS guards blocked: price_out_of_range | estimated 42.1°F, bucket 42-43°F, price 0.01",,2026-03-24 16:06:50.058595+00
1597,ruth-pws-klga-20260324-160650213,wendy,KLGA,debug,signal,"PWS anticipation: MODERATE (score=0.535), METAR 39.9°F → estimated 38.2°F, bucket 40-41°F → 38-39°F","{""gap"": ""0.60"", ""conf"": ""1.00"", ""ramp"": ""-4.64"", ""score"": 0.5349999999999999, ""current"": ""40-41°F"", ""predicted"": ""38-39°F"", ""tEstimated"": ""3.43""}",2026-03-24 16:06:50.217126+00
1598,ruth-pws-kmia-20260324-160650366,wendy,KMIA,info,signal,"PWS anticipation: STRONG (score=1.000), METAR 79.0°F → estimated 82.6°F, bucket 78-79°F → 82-83°F","{""gap"": ""1.96"", ""conf"": ""1.00"", ""ramp"": ""2.15"", ""score"": 1, ""current"": ""78-79°F"", ""predicted"": ""82-83°F"", ""tEstimated"": ""28.11""}",2026-03-24 16:06:50.376134+00
1599,ruth-pws-kmia-20260324-160650366,wendy,KMIA,info,signal,"PWS already anticipated 82-83°F, skipping duplicate buy",,2026-03-24 16:06:50.391488+00
1600,ruth-pws-katl-20260324-160650506,wendy,KATL,info,signal,"PWS anticipation: STRONG (score=0.753), METAR 60.1°F → estimated 63.1°F, bucket 60-61°F → 62-63°F","{""gap"": ""0.68"", ""conf"": ""1.00"", ""ramp"": ""4.01"", ""score"": 0.7525000000000002, ""current"": ""60-61°F"", ""predicted"": ""62-63°F"", ""tEstimated"": ""17.28""}",2026-03-24 16:06:50.510121+00
1601,ruth-pws-katl-20260324-160650506,wendy,KATL,info,guard,"PWS guards blocked: price_out_of_range | estimated 63.1°F, bucket 62-63°F, price 0.02",,2026-03-24 16:06:50.529659+00
1602,ruth-pws-lfpg-20260324-160650947,wendy,LFPG,debug,signal,"PWS anticipation: WEAK (score=-0.137), METAR 18.0°C → estimated 16.9°C, bucket 18°C → 17°C","{""gap"": ""-0.61"", ""conf"": ""0.00"", ""ramp"": ""-3.70"", ""score"": -0.1374999999999999, ""current"": ""18°C"", ""predicted"": ""17°C"", ""tEstimated"": ""16.89""}",2026-03-24 16:06:50.951856+00
1603,ruth-pws-cyyz-20260324-160651117,wendy,CYYZ,info,signal,"PWS anticipation: STRONG (score=0.938), METAR 0.0°C → estimated 2.5°C, bucket 0°C → 3°C","{""gap"": ""1.50"", ""conf"": ""1.00"", ""ramp"": ""5.97"", ""score"": 0.9375000000000004, ""current"": ""0°C"", ""predicted"": ""3°C"", ""tEstimated"": ""2.54""}",2026-03-24 16:06:51.122148+00
1604,ruth-pws-cyyz-20260324-160651117,wendy,CYYZ,info,guard,"PWS guards blocked: price_out_of_range | estimated 2.5°C, bucket 3°C, price 0.06",,2026-03-24 16:06:51.142313+00
1605,ruth-metar-cyyz-20260324-160740950,wendy,CYYZ,info,signal,Threshold crossed: 0°C → 1°C,,2026-03-24 16:07:40.971844+00
1606,ruth-metar-cyyz-20260324-160740950,wendy,CYYZ,info,guard,"Guards blocked: price_out_of_range | METAR 1.0°C, bucket 1°C, price 0.00","{""price"": 0.0005, ""bucket"": ""1°C""}",2026-03-24 16:07:40.975757+00
1607,ruth-metar-cyyz-20260324-160740950,wendy,CYYZ,info,signal,"METAR: 1°C, max=1°C, bucket=1°C","{""prevBucket"": ""0°C""}",2026-03-24 16:07:40.976356+00
1608,ruth-pws-kdal-20260324-160749847,wendy,KDAL,info,signal,"PWS anticipation: STRONG (score=0.827), METAR 70.0°F → estimated 75.3°F, bucket 70-71°F → 74-75°F","{""gap"": ""1.01"", ""conf"": ""1.00"", ""ramp"": ""7.58"", ""score"": 0.8274999999999997, ""current"": ""70-71°F"", ""predicted"": ""74-75°F"", ""tEstimated"": ""24.08""}",2026-03-24 16:07:49.853074+00
1609,ruth-pws-kord-20260324-160750063,wendy,KORD,info,signal,"PWS anticipation: STRONG (score=0.735), METAR 39.9°F → estimated 42.0°F, bucket 40-41°F → 42-43°F","{""gap"": ""0.60"", ""conf"": ""1.00"", ""ramp"": ""2.34"", ""score"": 0.7349999999999999, ""current"": ""40-41°F"", ""predicted"": ""42-43°F"", ""tEstimated"": ""5.58""}",2026-03-24 16:07:50.067613+00
1610,ruth-pws-kord-20260324-160750063,wendy,KORD,info,guard,"PWS guards blocked: price_out_of_range | estimated 42.0°F, bucket 42-43°F, price 0.01",,2026-03-24 16:07:50.070467+00
1611,ruth-pws-klga-20260324-160750323,wendy,KLGA,debug,signal,"PWS anticipation: STRONG (score=0.585), METAR 39.9°F → estimated 37.9°F, bucket 40-41°F → 38-39°F","{""gap"": ""0.82"", ""conf"": ""1.00"", ""ramp"": ""-5.57"", ""score"": 0.5849999999999997, ""current"": ""40-41°F"", ""predicted"": ""38-39°F"", ""tEstimated"": ""3.30""}",2026-03-24 16:07:50.326998+00
1612,ruth-pws-klga-20260324-160750323,wendy,KLGA,info,signal,"PWS already anticipated 44-45°F, skipping duplicate buy",,2026-03-24 16:07:50.327216+00
1613,ruth-pws-kmia-20260324-160750526,wendy,KMIA,info,signal,"PWS anticipation: STRONG (score=1.000), METAR 79.0°F → estimated 82.7°F, bucket 78-79°F → 82-83°F","{""gap"": ""1.96"", ""conf"": ""1.00"", ""ramp"": ""2.35"", ""score"": 1, ""current"": ""78-79°F"", ""predicted"": ""82-83°F"", ""tEstimated"": ""28.17""}",2026-03-24 16:07:50.530135+00
1614,ruth-pws-kmia-20260324-160750526,wendy,KMIA,info,signal,"PWS already anticipated 82-83°F, skipping duplicate buy",,2026-03-24 16:07:50.531168+00
1615,ruth-pws-katl-20260324-160750743,wendy,KATL,info,signal,"PWS anticipation: STRONG (score=0.778), METAR 60.1°F → estimated 63.6°F, bucket 60-61°F → 64-65°F","{""gap"": ""0.79"", ""conf"": ""1.00"", ""ramp"": ""4.69"", ""score"": 0.7775000000000001, ""current"": ""60-61°F"", ""predicted"": ""64-65°F"", ""tEstimated"": ""17.56""}",2026-03-24 16:07:50.748941+00
1616,ruth-pws-katl-20260324-160750743,wendy,KATL,info,trade,BUY attempt: 64-65°F @ 0.18,"{""amount"": 5, ""tokenId"": ""84935559489854017001356882174409503951169481584427012568916223633752789357264""}",2026-03-24 16:07:50.820727+00
1617,ruth-pws-lfpg-20260324-160756110,wendy,LFPG,debug,signal,"PWS anticipation: WEAK (score=-0.137), METAR 18.0°C → estimated 17.0°C, bucket 18°C → 17°C","{""gap"": ""-0.61"", ""conf"": ""0.00"", ""ramp"": ""-3.34"", ""score"": -0.1374999999999999, ""current"": ""18°C"", ""predicted"": ""17°C"", ""tEstimated"": ""17.00""}",2026-03-24 16:07:56.112503+00
1618,ruth-pws-cyyz-20260324-160756280,wendy,CYYZ,info,signal,"PWS anticipation: STRONG (score=0.662), METAR 1.0°C → estimated 2.6°C, bucket 1°C → 3°C","{""gap"": ""0.28"", ""conf"": ""1.00"", ""ramp"": ""5.02"", ""score"": 0.6624999999999996, ""current"": ""1°C"", ""predicted"": ""3°C"", ""tEstimated"": ""2.64""}",2026-03-24 16:07:56.284541+00
1619,ruth-pws-cyyz-20260324-160756280,wendy,CYYZ,info,guard,"PWS guards blocked: price_out_of_range | estimated 2.6°C, bucket 3°C, price 0.06",,2026-03-24 16:07:56.286031+00
1620,ruth-pws-katl-20260324-160750743,wendy,KATL,success,trade,BUY filled: 23.164346 shares,"{""bucket"": ""64-65°F"", ""shares"": 23.164346, ""orderId"": ""0x6a4c562e094d710da408c78f96682bae92355b56388ce2076459a576749e8ae7""}",2026-03-24 16:07:57.105252+00
1621,ruth-pws-katl-20260324-160750743,wendy,KATL,info,signal,PWS position registered for METAR validation: 64-65°F (23.164346 shares),,2026-03-24 16:07:57.106106+00
1622,ruth-pws-ksea-20260324-160849631,wendy,KSEA,info,signal,"PWS anticipation: STRONG (score=0.587), METAR 43.0°F → estimated 43.7°F, bucket 42-43°F → 44-45°F","{""gap"": ""0.40"", ""conf"": ""1.00"", ""ramp"": ""0.48"", ""score"": 0.5869792539688548, ""current"": ""42-43°F"", ""predicted"": ""44-45°F"", ""tEstimated"": ""6.53""}",2026-03-24 16:08:49.656114+00
1623,ruth-pws-ksea-20260324-160849631,wendy,KSEA,info,guard,"PWS guards blocked: price_out_of_range | estimated 43.7°F, bucket 44-45°F, price 0.00",,2026-03-24 16:08:49.660235+00
1624,ruth-pws-kdal-20260324-160849808,wendy,KDAL,info,signal,"PWS anticipation: STRONG (score=0.890), METAR 70.0°F → estimated 75.7°F, bucket 70-71°F → 76-77°F","{""gap"": ""1.29"", ""conf"": ""1.00"", ""ramp"": ""7.58"", ""score"": 0.8899999999999997, ""current"": ""70-71°F"", ""predicted"": ""76-77°F"", ""tEstimated"": ""24.27""}",2026-03-24 16:08:49.813455+00
1625,ruth-pws-kord-20260324-160849972,wendy,KORD,info,signal,"PWS anticipation: STRONG (score=0.760), METAR 39.9°F → estimated 42.3°F, bucket 40-41°F → 42-43°F","{""gap"": ""0.71"", ""conf"": ""1.00"", ""ramp"": ""2.48"", ""score"": 0.7600000000000002, ""current"": ""40-41°F"", ""predicted"": ""42-43°F"", ""tEstimated"": ""5.71""}",2026-03-24 16:08:49.978498+00
1626,ruth-pws-kord-20260324-160849972,wendy,KORD,info,guard,"PWS guards blocked: price_out_of_range | estimated 42.3°F, bucket 42-43°F, price 0.01",,2026-03-24 16:08:49.981209+00
1627,ruth-pws-klga-20260324-160850122,wendy,KLGA,debug,signal,"PWS anticipation: STRONG (score=0.647), METAR 39.9°F → estimated 39.1°F, bucket 40-41°F → 38-39°F","{""gap"": ""1.10"", ""conf"": ""1.00"", ""ramp"": ""-4.09"", ""score"": 0.6474999999999997, ""current"": ""40-41°F"", ""predicted"": ""38-39°F"", ""tEstimated"": ""3.94""}",2026-03-24 16:08:50.127174+00
1628,ruth-pws-klga-20260324-160850122,wendy,KLGA,info,signal,"PWS already anticipated 44-45°F, skipping duplicate buy",,2026-03-24 16:08:50.127324+00
1629,ruth-pws-kmia-20260324-160850314,wendy,KMIA,info,signal,"PWS anticipation: STRONG (score=1.000), METAR 79.0°F → estimated 82.7°F, bucket 78-79°F → 82-83°F","{""gap"": ""1.96"", ""conf"": ""1.00"", ""ramp"": ""2.25"", ""score"": 1, ""current"": ""78-79°F"", ""predicted"": ""82-83°F"", ""tEstimated"": ""28.14""}",2026-03-24 16:08:50.31984+00
1630,ruth-pws-kmia-20260324-160850314,wendy,KMIA,info,signal,"PWS already anticipated 82-83°F, skipping duplicate buy",,2026-03-24 16:08:50.320606+00
1631,ruth-pws-katl-20260324-160850451,wendy,KATL,info,signal,"PWS anticipation: STRONG (score=0.778), METAR 60.1°F → estimated 63.5°F, bucket 60-61°F → 64-65°F","{""gap"": ""0.79"", ""conf"": ""1.00"", ""ramp"": ""4.54"", ""score"": 0.7775000000000001, ""current"": ""60-61°F"", ""predicted"": ""64-65°F"", ""tEstimated"": ""17.51""}",2026-03-24 16:08:50.456422+00
1632,ruth-pws-katl-20260324-160850451,wendy,KATL,info,signal,"PWS already anticipated 64-65°F, skipping duplicate buy",,2026-03-24 16:08:50.457264+00
1633,ruth-pws-lfpg-20260324-160850785,wendy,LFPG,debug,signal,"PWS anticipation: WEAK (score=-0.125), METAR 18.0°C → estimated 17.1°C, bucket 18°C → 17°C","{""gap"": ""-0.56"", ""conf"": ""0.00"", ""ramp"": ""-2.85"", ""score"": -0.12500000000000036, ""current"": ""18°C"", ""predicted"": ""17°C"", ""tEstimated"": ""17.15""}",2026-03-24 16:08:50.788981+00
1634,ruth-pws-cyyz-20260324-160850928,wendy,CYYZ,info,signal,"PWS anticipation: STRONG (score=0.650), METAR 1.0°C → estimated 2.3°C, bucket 1°C → 2°C","{""gap"": ""0.22"", ""conf"": ""1.00"", ""ramp"": ""4.09"", ""score"": 0.6500000000000004, ""current"": ""1°C"", ""predicted"": ""2°C"", ""tEstimated"": ""2.34""}",2026-03-24 16:08:50.932354+00
1635,ruth-pws-cyyz-20260324-160850928,wendy,CYYZ,info,guard,"PWS guards blocked: price_out_of_range | estimated 2.3°C, bucket 2°C, price 0.01",,2026-03-24 16:08:50.934037+00
1636,ruth-pws-ksea-20260324-160949650,wendy,KSEA,info,signal,"PWS anticipation: STRONG (score=0.703), METAR 43.0°F → estimated 44.1°F, bucket 42-43°F → 44-45°F","{""gap"": ""0.51"", ""conf"": ""1.00"", ""ramp"": ""0.94"", ""score"": 0.7029009334598587, ""current"": ""42-43°F"", ""predicted"": ""44-45°F"", ""tEstimated"": ""6.74""}",2026-03-24 16:09:49.678868+00
1637,ruth-pws-ksea-20260324-160949650,wendy,KSEA,info,guard,"PWS guards blocked: price_out_of_range | estimated 44.1°F, bucket 44-45°F, price 0.00",,2026-03-24 16:09:49.686185+00
1638,ruth-pws-kdal-20260324-160949913,wendy,KDAL,info,signal,"PWS anticipation: STRONG (score=0.890), METAR 70.0°F → estimated 75.0°F, bucket 70-71°F → 74-75°F","{""gap"": ""1.29"", ""conf"": ""1.00"", ""ramp"": ""6.28"", ""score"": 0.8899999999999997, ""current"": ""70-71°F"", ""predicted"": ""74-75°F"", ""tEstimated"": ""23.89""}",2026-03-24 16:09:49.918526+00
1639,ruth-pws-kord-20260324-160950101,wendy,KORD,info,signal,"PWS anticipation: STRONG (score=0.760), METAR 39.9°F → estimated 42.5°F, bucket 40-41°F → 42-43°F","{""gap"": ""0.71"", ""conf"": ""1.00"", ""ramp"": ""2.83"", ""score"": 0.7600000000000002, ""current"": ""40-41°F"", ""predicted"": ""42-43°F"", ""tEstimated"": ""5.82""}",2026-03-24 16:09:50.107438+00
1640,ruth-pws-kord-20260324-160950101,wendy,KORD,info,guard,"PWS guards blocked: price_out_of_range | estimated 42.5°F, bucket 42-43°F, price 0.01",,2026-03-24 16:09:50.125206+00
1641,ruth-pws-kmia-20260324-160950471,wendy,KMIA,info,signal,"PWS anticipation: STRONG (score=1.000), METAR 79.0°F → estimated 82.5°F, bucket 78-79°F → 82-83°F","{""gap"": ""1.96"", ""conf"": ""1.00"", ""ramp"": ""2.03"", ""score"": 1, ""current"": ""78-79°F"", ""predicted"": ""82-83°F"", ""tEstimated"": ""28.08""}",2026-03-24 16:09:50.476714+00
1642,ruth-pws-kmia-20260324-160950471,wendy,KMIA,info,signal,"PWS already anticipated 82-83°F, skipping duplicate buy",,2026-03-24 16:09:50.48576+00
1643,ruth-pws-katl-20260324-160950664,wendy,KATL,info,signal,"PWS anticipation: STRONG (score=0.778), METAR 60.1°F → estimated 63.2°F, bucket 60-61°F → 62-63°F","{""gap"": ""0.79"", ""conf"": ""1.00"", ""ramp"": ""4.00"", ""score"": 0.7775000000000001, ""current"": ""60-61°F"", ""predicted"": ""62-63°F"", ""tEstimated"": ""17.35""}",2026-03-24 16:09:50.668256+00
1644,ruth-pws-katl-20260324-160950664,wendy,KATL,info,signal,"PWS already anticipated 64-65°F, skipping duplicate buy",,2026-03-24 16:09:50.668595+00
1645,ruth-pws-lfpg-20260324-160951061,wendy,LFPG,debug,signal,"PWS anticipation: WEAK (score=-0.137), METAR 18.0°C → estimated 17.4°C, bucket 18°C → 17°C","{""gap"": ""-0.61"", ""conf"": ""0.00"", ""ramp"": ""-2.15"", ""score"": -0.1374999999999999, ""current"": ""18°C"", ""predicted"": ""17°C"", ""tEstimated"": ""17.36""}",2026-03-24 16:09:51.06469+00
1646,ruth-pws-cyyz-20260324-160951206,wendy,CYYZ,info,signal,"PWS anticipation: STRONG (score=0.688), METAR 1.0°C → estimated 2.0°C, bucket 1°C → 2°C","{""gap"": ""0.39"", ""conf"": ""1.00"", ""ramp"": ""2.60"", ""score"": 0.6875, ""current"": ""1°C"", ""predicted"": ""2°C"", ""tEstimated"": ""1.98""}",2026-03-24 16:09:51.210611+00
1647,ruth-pws-cyyz-20260324-160951206,wendy,CYYZ,info,guard,"PWS guards blocked: price_out_of_range | estimated 2.0°C, bucket 2°C, price 0.01",,2026-03-24 16:09:51.226156+00
1648,ruth-metar-lfpg-20260324-161032097,wendy,LFPG,info,signal,"METAR: 17°C, max=18°C, bucket=18°C","{""prevBucket"": ""18°C""}",2026-03-24 16:10:32.111861+00
1649,ruth-pws-ksea-20260324-161049977,wendy,KSEA,info,signal,"PWS anticipation: STRONG (score=0.715), METAR 43.0°F → estimated 44.6°F, bucket 42-43°F → 44-45°F","{""gap"": ""0.51"", ""conf"": ""1.00"", ""ramp"": ""1.74"", ""score"": 0.7150000000000001, ""current"": ""42-43°F"", ""predicted"": ""44-45°F"", ""tEstimated"": ""6.98""}",2026-03-24 16:10:50.002792+00
1650,ruth-pws-ksea-20260324-161049977,wendy,KSEA,info,guard,"PWS guards blocked: price_out_of_range | estimated 44.6°F, bucket 44-45°F, price 0.00",,2026-03-24 16:10:50.008677+00
1651,ruth-pws-kdal-20260324-161050167,wendy,KDAL,info,signal,"PWS anticipation: STRONG (score=0.852), METAR 70.0°F → estimated 73.3°F, bucket 70-71°F → 72-73°F","{""gap"": ""1.12"", ""conf"": ""1.00"", ""ramp"": ""3.61"", ""score"": 0.8524999999999996, ""current"": ""70-71°F"", ""predicted"": ""72-73°F"", ""tEstimated"": ""22.97""}",2026-03-24 16:10:50.172498+00
1652,ruth-pws-kord-20260324-161050317,wendy,KORD,info,signal,"PWS anticipation: STRONG (score=0.785), METAR 39.9°F → estimated 42.7°F, bucket 40-41°F → 42-43°F","{""gap"": ""0.82"", ""conf"": ""1.00"", ""ramp"": ""3.01"", ""score"": 0.7849999999999997, ""current"": ""40-41°F"", ""predicted"": ""42-43°F"", ""tEstimated"": ""5.96""}",2026-03-24 16:10:50.3234+00
1653,ruth-pws-kord-20260324-161050317,wendy,KORD,info,guard,"PWS guards blocked: price_out_of_range | estimated 42.7°F, bucket 42-43°F, price 0.01",,2026-03-24 16:10:50.327307+00
1654,ruth-pws-klga-20260324-161050518,wendy,KLGA,info,signal,"PWS anticipation: STRONG (score=1.000), METAR 39.9°F → estimated 44.7°F, bucket 40-41°F → 44-45°F","{""gap"": ""2.21"", ""conf"": ""1.00"", ""ramp"": ""3.72"", ""score"": 1, ""current"": ""40-41°F"", ""predicted"": ""44-45°F"", ""tEstimated"": ""7.06""}",2026-03-24 16:10:50.521463+00
1655,ruth-pws-klga-20260324-161050518,wendy,KLGA,info,signal,"PWS already anticipated 44-45°F, skipping duplicate buy",,2026-03-24 16:10:50.52211+00
1656,ruth-pws-kmia-20260324-161050688,wendy,KMIA,info,signal,"PWS already anticipated 82-83°F, skipping duplicate buy",,2026-03-24 16:10:50.692416+00
1657,ruth-pws-kmia-20260324-161050688,wendy,KMIA,info,signal,"PWS anticipation: STRONG (score=1.000), METAR 79.0°F → estimated 83.2°F, bucket 78-79°F → 82-83°F","{""gap"": ""2.23"", ""conf"": ""1.00"", ""ramp"": ""2.59"", ""score"": 1, ""current"": ""78-79°F"", ""predicted"": ""82-83°F"", ""tEstimated"": ""28.44""}",2026-03-24 16:10:50.692762+00
1658,ruth-pws-katl-20260324-161050874,wendy,KATL,info,signal,"PWS anticipation: STRONG (score=0.790), METAR 60.1°F → estimated 63.2°F, bucket 60-61°F → 62-63°F","{""gap"": ""0.84"", ""conf"": ""1.00"", ""ramp"": ""3.78"", ""score"": 0.7899999999999998, ""current"": ""60-61°F"", ""predicted"": ""62-63°F"", ""tEstimated"": ""17.33""}",2026-03-24 16:10:50.879809+00
1659,ruth-pws-katl-20260324-161050874,wendy,KATL,info,signal,"PWS already anticipated 64-65°F, skipping duplicate buy",,2026-03-24 16:10:50.880192+00
1660,ruth-pws-lfpg-20260324-161051379,wendy,LFPG,debug,signal,"PWS anticipation: WEAK (score=-0.137), METAR 18.0°C → estimated 17.4°C, bucket 18°C → 17°C","{""gap"": ""-0.61"", ""conf"": ""0.00"", ""ramp"": ""-1.88"", ""score"": -0.1374999999999999, ""current"": ""18°C"", ""predicted"": ""17°C"", ""tEstimated"": ""17.44""}",2026-03-24 16:10:51.383242+00
1661,ruth-pws-cyyz-20260324-161051650,wendy,CYYZ,info,signal,"PWS anticipation: STRONG (score=0.763), METAR 1.0°C → estimated 2.4°C, bucket 1°C → 2°C","{""gap"": ""0.72"", ""conf"": ""1.00"", ""ramp"": ""3.31"", ""score"": 0.7625000000000002, ""current"": ""1°C"", ""predicted"": ""2°C"", ""tEstimated"": ""2.35""}",2026-03-24 16:10:51.654377+00
1662,ruth-pws-cyyz-20260324-161051650,wendy,CYYZ,info,guard,"PWS guards blocked: price_out_of_range | estimated 2.4°C, bucket 2°C, price 0.01",,2026-03-24 16:10:51.65759+00
1663,ruth-pws-ksea-20260324-161149671,wendy,KSEA,info,signal,"PWS anticipation: STRONG (score=0.715), METAR 43.0°F → estimated 44.6°F, bucket 42-43°F → 44-45°F","{""gap"": ""0.51"", ""conf"": ""1.00"", ""ramp"": ""1.79"", ""score"": 0.7150000000000001, ""current"": ""42-43°F"", ""predicted"": ""44-45°F"", ""tEstimated"": ""6.99""}",2026-03-24 16:11:49.687842+00
1664,ruth-pws-ksea-20260324-161149671,wendy,KSEA,info,guard,"PWS guards blocked: price_out_of_range | estimated 44.6°F, bucket 44-45°F, price 0.00",,2026-03-24 16:11:49.692708+00
1665,ruth-pws-kdal-20260324-161149839,wendy,KDAL,info,signal,"PWS anticipation: STRONG (score=0.915), METAR 70.0°F → estimated 73.7°F, bucket 70-71°F → 74-75°F","{""gap"": ""1.40"", ""conf"": ""1.00"", ""ramp"": ""3.70"", ""score"": 0.9149999999999996, ""current"": ""70-71°F"", ""predicted"": ""74-75°F"", ""tEstimated"": ""23.19""}",2026-03-24 16:11:49.844314+00
1666,ruth-pws-kord-20260324-161149984,wendy,KORD,info,signal,"PWS anticipation: STRONG (score=0.785), METAR 39.9°F → estimated 42.7°F, bucket 40-41°F → 42-43°F","{""gap"": ""0.82"", ""conf"": ""1.00"", ""ramp"": ""2.94"", ""score"": 0.7849999999999997, ""current"": ""40-41°F"", ""predicted"": ""42-43°F"", ""tEstimated"": ""5.94""}",2026-03-24 16:11:49.987408+00
1667,ruth-pws-kord-20260324-161149984,wendy,KORD,info,guard,"PWS guards blocked: price_out_of_range | estimated 42.7°F, bucket 42-43°F, price 0.01",,2026-03-24 16:11:49.989784+00
1668,ruth-pws-klga-20260324-161150159,wendy,KLGA,info,signal,"PWS anticipation: STRONG (score=1.000), METAR 39.9°F → estimated 47.6°F, bucket 40-41°F → 48-49°F","{""gap"": ""2.88"", ""conf"": ""1.00"", ""ramp"": ""7.46"", ""score"": 1, ""current"": ""40-41°F"", ""predicted"": ""48-49°F"", ""tEstimated"": ""8.65""}",2026-03-24 16:11:50.163352+00
1669,ruth-pws-klga-20260324-161150159,wendy,KLGA,info,signal,"PWS already anticipated 44-45°F, skipping duplicate buy",,2026-03-24 16:11:50.163797+00
1670,ruth-pws-kmia-20260324-161150375,wendy,KMIA,info,signal,"PWS anticipation: STRONG (score=1.000), METAR 79.0°F → estimated 83.4°F, bucket 78-79°F → 82-83°F","{""gap"": ""2.23"", ""conf"": ""1.00"", ""ramp"": ""3.06"", ""score"": 1, ""current"": ""78-79°F"", ""predicted"": ""82-83°F"", ""tEstimated"": ""28.58""}",2026-03-24 16:11:50.380339+00
1671,ruth-pws-kmia-20260324-161150375,wendy,KMIA,info,signal,"PWS already anticipated 82-83°F, skipping duplicate buy",,2026-03-24 16:11:50.380758+00
1673,ruth-pws-katl-20260324-161150578,wendy,KATL,info,signal,"PWS anticipation: STRONG (score=0.815), METAR 60.1°F → estimated 63.4°F, bucket 60-61°F → 62-63°F","{""gap"": ""0.96"", ""conf"": ""1.00"", ""ramp"": ""3.83"", ""score"": 0.8150000000000004, ""current"": ""60-61°F"", ""predicted"": ""62-63°F"", ""tEstimated"": ""17.42""}",2026-03-24 16:11:50.582196+00
1672,ruth-pws-katl-20260324-161150578,wendy,KATL,info,signal,"PWS already anticipated 64-65°F, skipping duplicate buy",,2026-03-24 16:11:50.582428+00
1674,ruth-pws-cyyz-20260324-161151251,wendy,CYYZ,info,signal,"PWS anticipation: STRONG (score=0.763), METAR 1.0°C → estimated 2.3°C, bucket 1°C → 2°C","{""gap"": ""0.72"", ""conf"": ""1.00"", ""ramp"": ""3.27"", ""score"": 0.7625000000000002, ""current"": ""1°C"", ""predicted"": ""2°C"", ""tEstimated"": ""2.34""}",2026-03-24 16:11:51.25531+00
1675,ruth-pws-cyyz-20260324-161151251,wendy,CYYZ,info,guard,"PWS guards blocked: price_out_of_range | estimated 2.3°C, bucket 2°C, price 0.01",,2026-03-24 16:11:51.256269+00
1676,ruth-pws-ksea-20260324-161249693,wendy,KSEA,info,signal,"PWS anticipation: STRONG (score=0.677), METAR 43.0°F → estimated 44.3°F, bucket 42-43°F → 44-45°F","{""gap"": ""0.34"", ""conf"": ""1.00"", ""ramp"": ""1.62"", ""score"": 0.6774999999999998, ""current"": ""42-43°F"", ""predicted"": ""44-45°F"", ""tEstimated"": ""6.83""}",2026-03-24 16:12:49.714028+00
1677,ruth-pws-ksea-20260324-161249693,wendy,KSEA,info,guard,"PWS guards blocked: price_out_of_range | estimated 44.3°F, bucket 44-45°F, price 0.00",,2026-03-24 16:12:49.726585+00
1678,ruth-pws-kdal-20260324-161249892,wendy,KDAL,info,signal,"PWS anticipation: STRONG (score=0.940), METAR 70.0°F → estimated 73.0°F, bucket 70-71°F → 72-73°F","{""gap"": ""1.51"", ""conf"": ""1.00"", ""ramp"": ""2.08"", ""score"": 0.9399999999999995, ""current"": ""70-71°F"", ""predicted"": ""72-73°F"", ""tEstimated"": ""22.78""}",2026-03-24 16:12:49.896604+00
1679,ruth-pws-kord-20260324-161250117,wendy,KORD,info,signal,"PWS anticipation: STRONG (score=0.785), METAR 39.9°F → estimated 42.5°F, bucket 40-41°F → 42-43°F","{""gap"": ""0.82"", ""conf"": ""1.00"", ""ramp"": ""2.50"", ""score"": 0.7849999999999997, ""current"": ""40-41°F"", ""predicted"": ""42-43°F"", ""tEstimated"": ""5.81""}",2026-03-24 16:12:50.121735+00
1680,ruth-pws-kord-20260324-161250117,wendy,KORD,info,guard,"PWS guards blocked: price_out_of_range | estimated 42.5°F, bucket 42-43°F, price 0.01",,2026-03-24 16:12:50.139964+00
1681,ruth-pws-klga-20260324-161250354,wendy,KLGA,info,signal,"PWS anticipation: STRONG (score=1.000), METAR 39.9°F → estimated 52.6°F, bucket 40-41°F → 52-53°F","{""gap"": ""3.10"", ""conf"": ""1.00"", ""ramp"": ""16.24"", ""score"": 1, ""current"": ""40-41°F"", ""predicted"": ""52-53°F"", ""tEstimated"": ""11.44""}",2026-03-24 16:12:50.358433+00
1682,ruth-pws-klga-20260324-161250354,wendy,KLGA,info,signal,"PWS already anticipated 44-45°F, skipping duplicate buy",,2026-03-24 16:12:50.366579+00
1683,ruth-pws-kmia-20260324-161250535,wendy,KMIA,info,signal,"PWS anticipation: STRONG (score=1.000), METAR 79.0°F → estimated 83.6°F, bucket 78-79°F → 84-85°F","{""gap"": ""2.23"", ""conf"": ""1.00"", ""ramp"": ""3.41"", ""score"": 1, ""current"": ""78-79°F"", ""predicted"": ""84-85°F"", ""tEstimated"": ""28.69""}",2026-03-24 16:12:50.539233+00
1684,ruth-pws-kmia-20260324-161250535,wendy,KMIA,info,signal,"PWS already anticipated 82-83°F, skipping duplicate buy",,2026-03-24 16:12:50.539752+00
1685,ruth-pws-katl-20260324-161250687,wendy,KATL,info,signal,"PWS anticipation: STRONG (score=0.802), METAR 60.1°F → estimated 62.9°F, bucket 60-61°F → 62-63°F","{""gap"": ""0.90"", ""conf"": ""1.00"", ""ramp"": ""3.11"", ""score"": 0.8025, ""current"": ""60-61°F"", ""predicted"": ""62-63°F"", ""tEstimated"": ""17.16""}",2026-03-24 16:12:50.690875+00
1686,ruth-pws-katl-20260324-161250687,wendy,KATL,info,signal,"PWS already anticipated 64-65°F, skipping duplicate buy",,2026-03-24 16:12:50.691531+00
1687,ruth-pws-cyyz-20260324-161251190,wendy,CYYZ,info,signal,"PWS anticipation: STRONG (score=0.888), METAR 1.0°C → estimated 3.2°C, bucket 1°C → 3°C","{""gap"": ""1.28"", ""conf"": ""1.00"", ""ramp"": ""5.24"", ""score"": 0.8875000000000002, ""current"": ""1°C"", ""predicted"": ""3°C"", ""tEstimated"": ""3.21""}",2026-03-24 16:12:51.194423+00
1688,ruth-pws-cyyz-20260324-161251190,wendy,CYYZ,info,guard,"PWS guards blocked: price_out_of_range | estimated 3.2°C, bucket 3°C, price 0.07",,2026-03-24 16:12:51.211066+00
1689,ruth-pws-ksea-20260324-161349647,wendy,KSEA,info,signal,"PWS anticipation: STRONG (score=0.677), METAR 43.0°F → estimated 44.0°F, bucket 42-43°F → 44-45°F","{""gap"": ""0.34"", ""conf"": ""1.00"", ""ramp"": ""1.01"", ""score"": 0.6774999999999998, ""current"": ""42-43°F"", ""predicted"": ""44-45°F"", ""tEstimated"": ""6.64""}",2026-03-24 16:13:49.671378+00
1690,ruth-pws-ksea-20260324-161349647,wendy,KSEA,info,guard,"PWS guards blocked: price_out_of_range | estimated 44.0°F, bucket 44-45°F, price 0.00",,2026-03-24 16:13:49.674909+00
1691,ruth-pws-kdal-20260324-161349836,wendy,KDAL,info,signal,"PWS anticipation: STRONG (score=0.940), METAR 70.0°F → estimated 73.5°F, bucket 70-71°F → 72-73°F","{""gap"": ""1.51"", ""conf"": ""1.00"", ""ramp"": ""2.97"", ""score"": 0.9399999999999995, ""current"": ""70-71°F"", ""predicted"": ""72-73°F"", ""tEstimated"": ""23.05""}",2026-03-24 16:13:49.844167+00
1692,ruth-pws-kord-20260324-161349997,wendy,KORD,info,signal,"PWS anticipation: STRONG (score=0.785), METAR 39.9°F → estimated 42.3°F, bucket 40-41°F → 42-43°F","{""gap"": ""0.82"", ""conf"": ""1.00"", ""ramp"": ""2.30"", ""score"": 0.7849999999999997, ""current"": ""40-41°F"", ""predicted"": ""42-43°F"", ""tEstimated"": ""5.75""}",2026-03-24 16:13:50.001801+00
1693,ruth-pws-kord-20260324-161349997,wendy,KORD,info,guard,"PWS guards blocked: price_out_of_range | estimated 42.3°F, bucket 42-43°F, price 0.01",,2026-03-24 16:13:50.011158+00
1694,ruth-pws-klga-20260324-161350179,wendy,KLGA,info,signal,"PWS anticipation: STRONG (score=1.000), METAR 39.9°F → estimated 52.8°F, bucket 40-41°F → 52-53°F","{""gap"": ""3.10"", ""conf"": ""1.00"", ""ramp"": ""16.57"", ""score"": 1, ""current"": ""40-41°F"", ""predicted"": ""52-53°F"", ""tEstimated"": ""11.54""}",2026-03-24 16:13:50.18297+00
1695,ruth-pws-klga-20260324-161350179,wendy,KLGA,info,signal,"PWS already anticipated 44-45°F, skipping duplicate buy",,2026-03-24 16:13:50.18362+00
1696,ruth-pws-kmia-20260324-161350336,wendy,KMIA,info,signal,"PWS anticipation: STRONG (score=1.000), METAR 79.0°F → estimated 83.5°F, bucket 78-79°F → 84-85°F","{""gap"": ""2.23"", ""conf"": ""1.00"", ""ramp"": ""3.21"", ""score"": 1, ""current"": ""78-79°F"", ""predicted"": ""84-85°F"", ""tEstimated"": ""28.63""}",2026-03-24 16:13:50.340357+00
1697,ruth-pws-kmia-20260324-161350336,wendy,KMIA,info,signal,"PWS already anticipated 82-83°F, skipping duplicate buy",,2026-03-24 16:13:50.340898+00
1698,ruth-pws-katl-20260324-161350481,wendy,KATL,info,signal,"PWS already anticipated 64-65°F, skipping duplicate buy",,2026-03-24 16:13:50.486966+00
1699,ruth-pws-katl-20260324-161350481,wendy,KATL,info,signal,"PWS anticipation: STRONG (score=0.802), METAR 60.1°F → estimated 62.7°F, bucket 60-61°F → 62-63°F","{""gap"": ""0.90"", ""conf"": ""1.00"", ""ramp"": ""2.79"", ""score"": 0.8025, ""current"": ""60-61°F"", ""predicted"": ""62-63°F"", ""tEstimated"": ""17.07""}",2026-03-24 16:13:50.487245+00
1700,ruth-pws-cyyz-20260324-161351011,wendy,CYYZ,info,signal,"PWS anticipation: STRONG (score=0.888), METAR 1.0°C → estimated 3.5°C, bucket 1°C → 3°C","{""gap"": ""1.28"", ""conf"": ""1.00"", ""ramp"": ""6.09"", ""score"": 0.8875000000000002, ""current"": ""1°C"", ""predicted"": ""3°C"", ""tEstimated"": ""3.46""}",2026-03-24 16:13:51.015728+00
1701,ruth-pws-cyyz-20260324-161351011,wendy,CYYZ,info,guard,"PWS guards blocked: price_out_of_range | estimated 3.5°C, bucket 3°C, price 0.07",,2026-03-24 16:13:51.018152+00
1703,ruth-pws-ksea-20260324-161449675,wendy,KSEA,info,guard,"PWS guards blocked: price_out_of_range | estimated 43.8°F, bucket 44-45°F, price 0.00",,2026-03-24 16:14:49.715488+00
1702,ruth-pws-ksea-20260324-161449675,wendy,KSEA,info,signal,"PWS anticipation: STRONG (score=0.611), METAR 43.0°F → estimated 43.8°F, bucket 42-43°F → 44-45°F","{""gap"": ""0.34"", ""conf"": ""1.00"", ""ramp"": ""0.67"", ""score"": 0.6108912998560223, ""current"": ""42-43°F"", ""predicted"": ""44-45°F"", ""tEstimated"": ""6.54""}",2026-03-24 16:14:49.715802+00
1704,ruth-pws-kdal-20260324-161449911,wendy,KDAL,info,signal,"PWS anticipation: STRONG (score=0.915), METAR 70.0°F → estimated 73.5°F, bucket 70-71°F → 72-73°F","{""gap"": ""1.40"", ""conf"": ""1.00"", ""ramp"": ""3.25"", ""score"": 0.9149999999999996, ""current"": ""70-71°F"", ""predicted"": ""72-73°F"", ""tEstimated"": ""23.06""}",2026-03-24 16:14:49.916009+00
1705,ruth-pws-kord-20260324-161450096,wendy,KORD,info,signal,"PWS anticipation: STRONG (score=0.797), METAR 39.9°F → estimated 42.3°F, bucket 40-41°F → 42-43°F","{""gap"": ""0.88"", ""conf"": ""1.00"", ""ramp"": ""2.04"", ""score"": 0.7974999999999999, ""current"": ""40-41°F"", ""predicted"": ""42-43°F"", ""tEstimated"": ""5.71""}",2026-03-24 16:14:50.100967+00
1706,ruth-pws-kord-20260324-161450096,wendy,KORD,info,guard,"PWS guards blocked: price_out_of_range | estimated 42.3°F, bucket 42-43°F, price 0.01",,2026-03-24 16:14:50.103941+00
1707,ruth-pws-klga-20260324-161450296,wendy,KLGA,info,signal,"PWS anticipation: STRONG (score=1.000), METAR 39.9°F → estimated 53.9°F, bucket 40-41°F → 54-55°F","{""gap"": ""2.71"", ""conf"": ""1.00"", ""ramp"": ""19.53"", ""score"": 1, ""current"": ""40-41°F"", ""predicted"": ""54-55°F"", ""tEstimated"": ""12.16""}",2026-03-24 16:14:50.300201+00
1708,ruth-pws-klga-20260324-161450296,wendy,KLGA,info,signal,"PWS already anticipated 44-45°F, skipping duplicate buy",,2026-03-24 16:14:50.300917+00
1710,ruth-pws-kmia-20260324-161450442,wendy,KMIA,info,signal,"PWS anticipation: STRONG (score=1.000), METAR 79.0°F → estimated 83.2°F, bucket 78-79°F → 82-83°F","{""gap"": ""2.23"", ""conf"": ""1.00"", ""ramp"": ""2.53"", ""score"": 1, ""current"": ""78-79°F"", ""predicted"": ""82-83°F"", ""tEstimated"": ""28.42""}",2026-03-24 16:14:50.445813+00
1709,ruth-pws-kmia-20260324-161450442,wendy,KMIA,info,signal,"PWS already anticipated 82-83°F, skipping duplicate buy",,2026-03-24 16:14:50.445848+00
1711,ruth-pws-katl-20260324-161450662,wendy,KATL,info,signal,"PWS anticipation: STRONG (score=0.790), METAR 60.1°F → estimated 62.1°F, bucket 60-61°F → 62-63°F","{""gap"": ""0.84"", ""conf"": ""1.00"", ""ramp"": ""1.70"", ""score"": 0.7899999999999998, ""current"": ""60-61°F"", ""predicted"": ""62-63°F"", ""tEstimated"": ""16.70""}",2026-03-24 16:14:50.665698+00
1712,ruth-pws-katl-20260324-161450662,wendy,KATL,info,signal,"PWS already anticipated 64-65°F, skipping duplicate buy",,2026-03-24 16:14:50.666609+00
1713,ruth-pws-cyyz-20260324-161451206,wendy,CYYZ,info,signal,"PWS anticipation: STRONG (score=0.912), METAR 1.0°C → estimated 3.9°C, bucket 1°C → 4°C","{""gap"": ""1.39"", ""conf"": ""1.00"", ""ramp"": ""7.25"", ""score"": 0.9124999999999996, ""current"": ""1°C"", ""predicted"": ""4°C"", ""tEstimated"": ""3.87""}",2026-03-24 16:14:51.211127+00
1714,ruth-pws-cyyz-20260324-161451206,wendy,CYYZ,info,trade,BUY attempt: 4°C @ 0.285,"{""amount"": 5, ""tokenId"": ""65489536437335779855697623373662351745511058359038730306503355620949601689454""}",2026-03-24 16:14:51.275897+00
1715,ruth-pws-cyyz-20260324-161451206,wendy,CYYZ,success,trade,BUY filled: 17.413792 shares,"{""bucket"": ""4°C"", ""shares"": 17.413792, ""orderId"": ""0xc5e28e0c41ed194f56810b1e2dc696455eb279c33bffc1c5825dcc468e296e1d""}",2026-03-24 16:14:57.557992+00
1716,ruth-pws-cyyz-20260324-161451206,wendy,CYYZ,info,signal,PWS position registered for METAR validation: 4°C (17.413792 shares),,2026-03-24 16:14:57.55841+00
1717,ruth-pws-kdal-20260324-161549933,wendy,KDAL,info,signal,"PWS anticipation: STRONG (score=0.940), METAR 70.0°F → estimated 73.9°F, bucket 70-71°F → 74-75°F","{""gap"": ""1.51"", ""conf"": ""1.00"", ""ramp"": ""3.74"", ""score"": 0.9399999999999995, ""current"": ""70-71°F"", ""predicted"": ""74-75°F"", ""tEstimated"": ""23.28""}",2026-03-24 16:15:49.950443+00
1718,ruth-pws-kord-20260324-161550111,wendy,KORD,info,signal,"PWS anticipation: STRONG (score=0.810), METAR 39.9°F → estimated 42.4°F, bucket 40-41°F → 42-43°F","{""gap"": ""0.93"", ""conf"": ""1.00"", ""ramp"": ""2.12"", ""score"": 0.81, ""current"": ""40-41°F"", ""predicted"": ""42-43°F"", ""tEstimated"": ""5.78""}",2026-03-24 16:15:50.116145+00
1719,ruth-pws-kord-20260324-161550111,wendy,KORD,info,guard,"PWS guards blocked: price_out_of_range | estimated 42.4°F, bucket 42-43°F, price 0.01",,2026-03-24 16:15:50.132156+00
1720,ruth-pws-klga-20260324-161550300,wendy,KLGA,info,signal,"PWS anticipation: STRONG (score=1.000), METAR 39.9°F → estimated 51.9°F, bucket 40-41°F → 52-53°F","{""gap"": ""2.49"", ""conf"": ""1.00"", ""ramp"": ""16.38"", ""score"": 1, ""current"": ""40-41°F"", ""predicted"": ""52-53°F"", ""tEstimated"": ""11.06""}",2026-03-24 16:15:50.304596+00
1721,ruth-pws-klga-20260324-161550300,wendy,KLGA,info,signal,"PWS already anticipated 44-45°F, skipping duplicate buy",,2026-03-24 16:15:50.314209+00
1722,ruth-pws-kmia-20260324-161550492,wendy,KMIA,info,signal,"PWS anticipation: STRONG (score=1.000), METAR 79.0°F → estimated 85.1°F, bucket 78-79°F → 84-85°F","{""gap"": ""2.90"", ""conf"": ""1.00"", ""ramp"": ""4.61"", ""score"": 1, ""current"": ""78-79°F"", ""predicted"": ""84-85°F"", ""tEstimated"": ""29.51""}",2026-03-24 16:15:50.497459+00
1723,ruth-pws-kmia-20260324-161550492,wendy,KMIA,info,signal,"PWS already anticipated 82-83°F, skipping duplicate buy",,2026-03-24 16:15:50.497875+00
1724,ruth-pws-katl-20260324-161550649,wendy,KATL,info,signal,"PWS anticipation: STRONG (score=0.877), METAR 60.1°F → estimated 62.9°F, bucket 60-61°F → 62-63°F","{""gap"": ""1.23"", ""conf"": ""1.00"", ""ramp"": ""2.32"", ""score"": 0.8774999999999997, ""current"": ""60-61°F"", ""predicted"": ""62-63°F"", ""tEstimated"": ""17.16""}",2026-03-24 16:15:50.65315+00
1725,ruth-pws-katl-20260324-161550649,wendy,KATL,info,signal,"PWS already anticipated 64-65°F, skipping duplicate buy",,2026-03-24 16:15:50.653639+00
1726,ruth-pws-cyyz-20260324-161551105,wendy,CYYZ,info,signal,"PWS anticipation: STRONG (score=0.912), METAR 1.0°C → estimated 4.3°C, bucket 1°C → 4°C","{""gap"": ""1.39"", ""conf"": ""1.00"", ""ramp"": ""8.65"", ""score"": 0.9124999999999996, ""current"": ""1°C"", ""predicted"": ""4°C"", ""tEstimated"": ""4.29""}",2026-03-24 16:15:51.108764+00
1727,ruth-pws-cyyz-20260324-161551105,wendy,CYYZ,info,signal,"PWS already anticipated 4°C, skipping duplicate buy",,2026-03-24 16:15:51.109799+00
1728,ruth-pws-kdal-20260324-161649962,wendy,KDAL,info,signal,"PWS anticipation: STRONG (score=0.940), METAR 70.0°F → estimated 73.4°F, bucket 70-71°F → 72-73°F","{""gap"": ""1.51"", ""conf"": ""1.00"", ""ramp"": ""2.87"", ""score"": 0.9399999999999995, ""current"": ""70-71°F"", ""predicted"": ""72-73°F"", ""tEstimated"": ""23.02""}",2026-03-24 16:16:49.976742+00
1729,ruth-pws-kord-20260324-161650128,wendy,KORD,info,signal,"PWS anticipation: STRONG (score=0.823), METAR 39.9°F → estimated 42.5°F, bucket 40-41°F → 42-43°F","{""gap"": ""0.99"", ""conf"": ""1.00"", ""ramp"": ""2.14"", ""score"": 0.8225000000000002, ""current"": ""40-41°F"", ""predicted"": ""42-43°F"", ""tEstimated"": ""5.83""}",2026-03-24 16:16:50.132291+00
1730,ruth-pws-kord-20260324-161650128,wendy,KORD,info,guard,"PWS guards blocked: price_out_of_range | estimated 42.5°F, bucket 42-43°F, price 0.01",,2026-03-24 16:16:50.14241+00
1731,ruth-pws-klga-20260324-161650286,wendy,KLGA,info,signal,"PWS anticipation: STRONG (score=0.985), METAR 39.9°F → estimated 47.1°F, bucket 40-41°F → 46-47°F","{""gap"": ""1.71"", ""conf"": ""1.00"", ""ramp"": ""9.31"", ""score"": 0.9849999999999999, ""current"": ""40-41°F"", ""predicted"": ""46-47°F"", ""tEstimated"": ""8.39""}",2026-03-24 16:16:50.29013+00
1732,ruth-pws-klga-20260324-161650286,wendy,KLGA,info,signal,"PWS already anticipated 44-45°F, skipping duplicate buy",,2026-03-24 16:16:50.29065+00
1733,ruth-pws-kmia-20260324-161650441,wendy,KMIA,info,signal,"PWS anticipation: STRONG (score=1.000), METAR 79.0°F → estimated 85.9°F, bucket 78-79°F → 86-87°F","{""gap"": ""2.90"", ""conf"": ""1.00"", ""ramp"": ""6.00"", ""score"": 1, ""current"": ""78-79°F"", ""predicted"": ""86-87°F"", ""tEstimated"": ""29.93""}",2026-03-24 16:16:50.445498+00
1734,ruth-pws-kmia-20260324-161650441,wendy,KMIA,info,signal,"PWS already anticipated 82-83°F, skipping duplicate buy",,2026-03-24 16:16:50.446318+00
1736,ruth-pws-katl-20260324-161650578,wendy,KATL,info,signal,"PWS already anticipated 64-65°F, skipping duplicate buy",,2026-03-24 16:16:50.581235+00
1735,ruth-pws-katl-20260324-161650578,wendy,KATL,info,signal,"PWS anticipation: STRONG (score=0.877), METAR 60.1°F → estimated 63.1°F, bucket 60-61°F → 62-63°F","{""gap"": ""1.23"", ""conf"": ""1.00"", ""ramp"": ""2.73"", ""score"": 0.8774999999999997, ""current"": ""60-61°F"", ""predicted"": ""62-63°F"", ""tEstimated"": ""17.28""}",2026-03-24 16:16:50.581241+00
1737,ruth-pws-cyyz-20260324-161651076,wendy,CYYZ,info,signal,"PWS anticipation: STRONG (score=0.912), METAR 1.0°C → estimated 4.1°C, bucket 1°C → 4°C","{""gap"": ""1.39"", ""conf"": ""1.00"", ""ramp"": ""8.05"", ""score"": 0.9124999999999996, ""current"": ""1°C"", ""predicted"": ""4°C"", ""tEstimated"": ""4.11""}",2026-03-24 16:16:51.079708+00
1738,ruth-pws-cyyz-20260324-161651076,wendy,CYYZ,info,signal,"PWS already anticipated 4°C, skipping duplicate buy",,2026-03-24 16:16:51.080103+00
1739,ruth-pws-kdal-20260324-161749887,wendy,KDAL,info,signal,"PWS anticipation: STRONG (score=0.915), METAR 70.0°F → estimated 72.6°F, bucket 70-71°F → 72-73°F","{""gap"": ""1.40"", ""conf"": ""1.00"", ""ramp"": ""1.64"", ""score"": 0.9149999999999996, ""current"": ""70-71°F"", ""predicted"": ""72-73°F"", ""tEstimated"": ""22.57""}",2026-03-24 16:17:49.901306+00
1740,ruth-pws-kord-20260324-161750025,wendy,KORD,info,signal,"PWS anticipation: STRONG (score=0.847), METAR 39.9°F → estimated 42.8°F, bucket 40-41°F → 42-43°F","{""gap"": ""1.10"", ""conf"": ""1.00"", ""ramp"": ""2.39"", ""score"": 0.8474999999999997, ""current"": ""40-41°F"", ""predicted"": ""42-43°F"", ""tEstimated"": ""6.00""}",2026-03-24 16:17:50.029563+00
1741,ruth-pws-kord-20260324-161750025,wendy,KORD,info,guard,"PWS guards blocked: price_out_of_range | estimated 42.8°F, bucket 42-43°F, price 0.01",,2026-03-24 16:17:50.038962+00
1742,ruth-pws-klga-20260324-161750205,wendy,KLGA,info,signal,"PWS anticipation: STRONG (score=0.960), METAR 39.9°F → estimated 44.8°F, bucket 40-41°F → 44-45°F","{""gap"": ""1.60"", ""conf"": ""1.00"", ""ramp"": ""5.40"", ""score"": 0.9599999999999995, ""current"": ""40-41°F"", ""predicted"": ""44-45°F"", ""tEstimated"": ""7.14""}",2026-03-24 16:17:50.208947+00
1743,ruth-pws-klga-20260324-161750205,wendy,KLGA,info,signal,"PWS already anticipated 44-45°F, skipping duplicate buy",,2026-03-24 16:17:50.209638+00
1744,ruth-pws-kmia-20260324-161750377,wendy,KMIA,info,signal,"PWS anticipation: STRONG (score=1.000), METAR 79.0°F → estimated 86.0°F, bucket 78-79°F → 86-87°F","{""gap"": ""2.90"", ""conf"": ""1.00"", ""ramp"": ""6.18"", ""score"": 1, ""current"": ""78-79°F"", ""predicted"": ""86-87°F"", ""tEstimated"": ""29.98""}",2026-03-24 16:17:50.381573+00
1745,ruth-pws-kmia-20260324-161750377,wendy,KMIA,info,signal,"PWS already anticipated 82-83°F, skipping duplicate buy",,2026-03-24 16:17:50.38269+00
1746,ruth-pws-katl-20260324-161750518,wendy,KATL,info,signal,"PWS anticipation: STRONG (score=0.877), METAR 60.1°F → estimated 63.2°F, bucket 60-61°F → 62-63°F","{""gap"": ""1.23"", ""conf"": ""1.00"", ""ramp"": ""2.88"", ""score"": 0.8774999999999997, ""current"": ""60-61°F"", ""predicted"": ""62-63°F"", ""tEstimated"": ""17.33""}",2026-03-24 16:17:50.522464+00
1747,ruth-pws-katl-20260324-161750518,wendy,KATL,info,signal,"PWS already anticipated 64-65°F, skipping duplicate buy",,2026-03-24 16:17:50.523154+00
1748,ruth-pws-lfpg-20260324-161750860,wendy,LFPG,debug,signal,"PWS anticipation: WEAK (score=-0.200), METAR 18.0°C → estimated 17.4°C, bucket 18°C → 17°C","{""gap"": ""-0.89"", ""conf"": ""0.00"", ""ramp"": ""-1.89"", ""score"": -0.2000000000000001, ""current"": ""18°C"", ""predicted"": ""17°C"", ""tEstimated"": ""17.43""}",2026-03-24 16:17:50.863895+00
1749,ruth-pws-cyyz-20260324-161751055,wendy,CYYZ,info,signal,"PWS anticipation: STRONG (score=0.912), METAR 1.0°C → estimated 4.2°C, bucket 1°C → 4°C","{""gap"": ""1.39"", ""conf"": ""1.00"", ""ramp"": ""8.28"", ""score"": 0.9124999999999996, ""current"": ""1°C"", ""predicted"": ""4°C"", ""tEstimated"": ""4.18""}",2026-03-24 16:17:51.058602+00
1750,ruth-pws-cyyz-20260324-161751055,wendy,CYYZ,info,signal,"PWS already anticipated 4°C, skipping duplicate buy",,2026-03-24 16:17:51.059028+00
1751,ruth-pws-kdal-20260324-161850097,wendy,KDAL,info,signal,"PWS anticipation: STRONG (score=0.766), METAR 70.0°F → estimated 71.7°F, bucket 70-71°F → 72-73°F","{""gap"": ""1.18"", ""conf"": ""1.00"", ""ramp"": ""0.50"", ""score"": 0.7657353043022271, ""current"": ""70-71°F"", ""predicted"": ""72-73°F"", ""tEstimated"": ""22.08""}",2026-03-24 16:18:50.113387+00
1752,ruth-pws-kord-20260324-161850379,wendy,KORD,info,signal,"PWS anticipation: STRONG (score=0.860), METAR 39.9°F → estimated 43.0°F, bucket 40-41°F → 42-43°F","{""gap"": ""1.16"", ""conf"": ""1.00"", ""ramp"": ""2.61"", ""score"": 0.8599999999999999, ""current"": ""40-41°F"", ""predicted"": ""42-43°F"", ""tEstimated"": ""6.11""}",2026-03-24 16:18:50.38338+00
1753,ruth-pws-kord-20260324-161850379,wendy,KORD,info,guard,"PWS guards blocked: price_out_of_range | estimated 43.0°F, bucket 42-43°F, price 0.01",,2026-03-24 16:18:50.399602+00
1754,ruth-pws-klga-20260324-161850593,wendy,KLGA,debug,signal,"PWS anticipation: STRONG (score=0.735), METAR 39.9°F → estimated 39.0°F, bucket 40-41°F → 38-39°F","{""gap"": ""1.49"", ""conf"": ""1.00"", ""ramp"": ""-5.21"", ""score"": 0.7350000000000001, ""current"": ""40-41°F"", ""predicted"": ""38-39°F"", ""tEstimated"": ""3.88""}",2026-03-24 16:18:50.596549+00
1755,ruth-pws-klga-20260324-161850593,wendy,KLGA,info,signal,"PWS already anticipated 44-45°F, skipping duplicate buy",,2026-03-24 16:18:50.604124+00
1756,ruth-pws-kmia-20260324-161850862,wendy,KMIA,info,signal,"PWS anticipation: STRONG (score=1.000), METAR 79.0°F → estimated 86.3°F, bucket 78-79°F → 86-87°F","{""gap"": ""2.90"", ""conf"": ""1.00"", ""ramp"": ""6.73"", ""score"": 1, ""current"": ""78-79°F"", ""predicted"": ""86-87°F"", ""tEstimated"": ""30.15""}",2026-03-24 16:18:50.86831+00
1757,ruth-pws-kmia-20260324-161850862,wendy,KMIA,info,signal,"PWS already anticipated 82-83°F, skipping duplicate buy",,2026-03-24 16:18:50.868442+00
1758,ruth-pws-katl-20260324-161851112,wendy,KATL,info,signal,"PWS anticipation: STRONG (score=0.877), METAR 60.1°F → estimated 63.4°F, bucket 60-61°F → 62-63°F","{""gap"": ""1.23"", ""conf"": ""1.00"", ""ramp"": ""3.29"", ""score"": 0.8774999999999997, ""current"": ""60-61°F"", ""predicted"": ""62-63°F"", ""tEstimated"": ""17.45""}",2026-03-24 16:18:51.115036+00
1759,ruth-pws-katl-20260324-161851112,wendy,KATL,info,signal,"PWS already anticipated 64-65°F, skipping duplicate buy",,2026-03-24 16:18:51.115538+00
1760,ruth-pws-lfpg-20260324-161851513,wendy,LFPG,debug,signal,"PWS anticipation: WEAK (score=-0.225), METAR 18.0°C → estimated 17.2°C, bucket 18°C → 17°C","{""gap"": ""-1.00"", ""conf"": ""0.00"", ""ramp"": ""-2.53"", ""score"": -0.225, ""current"": ""18°C"", ""predicted"": ""17°C"", ""tEstimated"": ""17.24""}",2026-03-24 16:18:51.516968+00
1761,ruth-pws-cyyz-20260324-161851703,wendy,CYYZ,info,signal,"PWS anticipation: STRONG (score=0.888), METAR 1.0°C → estimated 3.4°C, bucket 1°C → 3°C","{""gap"": ""1.28"", ""conf"": ""1.00"", ""ramp"": ""5.98"", ""score"": 0.8875000000000002, ""current"": ""1°C"", ""predicted"": ""3°C"", ""tEstimated"": ""3.43""}",2026-03-24 16:18:51.706225+00
1762,ruth-pws-cyyz-20260324-161851703,wendy,CYYZ,info,signal,"PWS already anticipated 4°C, skipping duplicate buy",,2026-03-24 16:18:51.70768+00
1763,ruth-metar-ksea-20260324-161938097,wendy,KSEA,info,signal,Threshold crossed: 42-43°F → 44-45°F,,2026-03-24 16:19:38.116051+00
1764,ruth-metar-ksea-20260324-161938097,wendy,KSEA,info,signal,"METAR: 6.7°C, max=6.7°C, bucket=44-45°F","{""prevBucket"": ""42-43°F""}",2026-03-24 16:19:38.117379+00
1765,ruth-metar-ksea-20260324-161938097,wendy,KSEA,info,guard,"Guards blocked: price_out_of_range | METAR 44.1°F, bucket 44-45°F, price 0.00","{""price"": 0.0015, ""bucket"": ""44-45°F""}",2026-03-24 16:19:38.126735+00
1766,ruth-pws-kord-20260324-161950153,wendy,KORD,info,guard,"PWS guards blocked: price_out_of_range | estimated 43.0°F, bucket 42-43°F, price 0.01",,2026-03-24 16:19:50.167034+00
1767,ruth-pws-kord-20260324-161950153,wendy,KORD,info,signal,"PWS anticipation: STRONG (score=0.860), METAR 39.9°F → estimated 43.0°F, bucket 40-41°F → 42-43°F","{""gap"": ""1.16"", ""conf"": ""1.00"", ""ramp"": ""2.65"", ""score"": 0.8599999999999999, ""current"": ""40-41°F"", ""predicted"": ""42-43°F"", ""tEstimated"": ""6.12""}",2026-03-24 16:19:50.167368+00
1768,ruth-pws-klga-20260324-161950338,wendy,KLGA,debug,signal,"PWS anticipation: STRONG (score=0.735), METAR 39.9°F → estimated 36.3°F, bucket 40-41°F → 36-37°F","{""gap"": ""1.49"", ""conf"": ""1.00"", ""ramp"": ""-10.22"", ""score"": 0.7350000000000001, ""current"": ""40-41°F"", ""predicted"": ""36-37°F"", ""tEstimated"": ""2.37""}",2026-03-24 16:19:50.341051+00
1769,ruth-pws-klga-20260324-161950338,wendy,KLGA,info,signal,"PWS already anticipated 44-45°F, skipping duplicate buy",,2026-03-24 16:19:50.341529+00
1770,ruth-pws-kmia-20260324-161950558,wendy,KMIA,info,signal,"PWS already anticipated 82-83°F, skipping duplicate buy",,2026-03-24 16:19:50.561695+00
1771,ruth-pws-kmia-20260324-161950558,wendy,KMIA,info,signal,"PWS anticipation: STRONG (score=1.000), METAR 79.0°F → estimated 85.9°F, bucket 78-79°F → 86-87°F","{""gap"": ""2.90"", ""conf"": ""1.00"", ""ramp"": ""6.06"", ""score"": 1, ""current"": ""78-79°F"", ""predicted"": ""86-87°F"", ""tEstimated"": ""29.95""}",2026-03-24 16:19:50.562264+00
1772,ruth-pws-katl-20260324-161950731,wendy,KATL,info,signal,"PWS anticipation: STRONG (score=0.877), METAR 60.1°F → estimated 63.3°F, bucket 60-61°F → 62-63°F","{""gap"": ""1.23"", ""conf"": ""1.00"", ""ramp"": ""3.09"", ""score"": 0.8774999999999997, ""current"": ""60-61°F"", ""predicted"": ""62-63°F"", ""tEstimated"": ""17.39""}",2026-03-24 16:19:50.735227+00
1773,ruth-pws-katl-20260324-161950731,wendy,KATL,info,signal,"PWS already anticipated 64-65°F, skipping duplicate buy",,2026-03-24 16:19:50.735549+00
1774,ruth-pws-lfpg-20260324-161951090,wendy,LFPG,debug,signal,"PWS anticipation: WEAK (score=-0.238), METAR 18.0°C → estimated 17.1°C, bucket 18°C → 17°C","{""gap"": ""-1.06"", ""conf"": ""0.00"", ""ramp"": ""-2.97"", ""score"": -0.23750000000000035, ""current"": ""18°C"", ""predicted"": ""17°C"", ""tEstimated"": ""17.11""}",2026-03-24 16:19:51.093567+00
1775,ruth-pws-cyyz-20260324-161951258,wendy,CYYZ,info,signal,"PWS anticipation: STRONG (score=0.825), METAR 1.0°C → estimated 2.3°C, bucket 1°C → 2°C","{""gap"": ""1.00"", ""conf"": ""1.00"", ""ramp"": ""2.64"", ""score"": 0.8250000000000002, ""current"": ""1°C"", ""predicted"": ""2°C"", ""tEstimated"": ""2.29""}",2026-03-24 16:19:51.261369+00
1776,ruth-pws-cyyz-20260324-161951258,wendy,CYYZ,info,signal,"PWS already anticipated 4°C, skipping duplicate buy",,2026-03-24 16:19:51.261853+00
1777,ruth-pws-kdal-20260324-162050115,wendy,KDAL,info,signal,"PWS anticipation: STRONG (score=0.740), METAR 70.0°F → estimated 71.7°F, bucket 70-71°F → 72-73°F","{""gap"": ""1.51"", ""conf"": ""1.00"", ""ramp"": ""-0.39"", ""score"": 0.7399999999999995, ""current"": ""70-71°F"", ""predicted"": ""72-73°F"", ""tEstimated"": ""22.04""}",2026-03-24 16:20:50.126474+00
1778,ruth-pws-kord-20260324-162050305,wendy,KORD,info,signal,"PWS anticipation: STRONG (score=0.873), METAR 39.9°F → estimated 43.1°F, bucket 40-41°F → 42-43°F","{""gap"": ""1.21"", ""conf"": ""1.00"", ""ramp"": ""2.70"", ""score"": 0.8725, ""current"": ""40-41°F"", ""predicted"": ""42-43°F"", ""tEstimated"": ""6.18""}",2026-03-24 16:20:50.309294+00
1779,ruth-pws-kord-20260324-162050305,wendy,KORD,info,guard,"PWS guards blocked: price_out_of_range | estimated 43.1°F, bucket 42-43°F, price 0.01",,2026-03-24 16:20:50.318173+00
1780,ruth-pws-klga-20260324-162050486,wendy,KLGA,debug,signal,"PWS anticipation: STRONG (score=0.735), METAR 39.9°F → estimated 36.5°F, bucket 40-41°F → 36-37°F","{""gap"": ""1.49"", ""conf"": ""1.00"", ""ramp"": ""-9.82"", ""score"": 0.7350000000000001, ""current"": ""40-41°F"", ""predicted"": ""36-37°F"", ""tEstimated"": ""2.50""}",2026-03-24 16:20:50.490021+00
1781,ruth-pws-klga-20260324-162050486,wendy,KLGA,info,signal,"PWS already anticipated 44-45°F, skipping duplicate buy",,2026-03-24 16:20:50.49058+00
1782,ruth-pws-kmia-20260324-162050680,wendy,KMIA,info,signal,"PWS anticipation: STRONG (score=1.000), METAR 79.0°F → estimated 85.1°F, bucket 78-79°F → 84-85°F","{""gap"": ""2.73"", ""conf"": ""1.00"", ""ramp"": ""5.00"", ""score"": 1, ""current"": ""78-79°F"", ""predicted"": ""84-85°F"", ""tEstimated"": ""29.51""}",2026-03-24 16:20:50.68307+00
1783,ruth-pws-kmia-20260324-162050680,wendy,KMIA,info,signal,"PWS already anticipated 82-83°F, skipping duplicate buy",,2026-03-24 16:20:50.683407+00
1784,ruth-pws-katl-20260324-162050853,wendy,KATL,info,signal,"PWS anticipation: STRONG (score=0.890), METAR 60.1°F → estimated 63.3°F, bucket 60-61°F → 62-63°F","{""gap"": ""1.29"", ""conf"": ""1.00"", ""ramp"": ""2.94"", ""score"": 0.8900000000000001, ""current"": ""60-61°F"", ""predicted"": ""62-63°F"", ""tEstimated"": ""17.38""}",2026-03-24 16:20:50.858229+00
1785,ruth-pws-katl-20260324-162050853,wendy,KATL,info,signal,"PWS already anticipated 64-65°F, skipping duplicate buy",,2026-03-24 16:20:50.858717+00
1786,ruth-pws-lfpg-20260324-162051261,wendy,LFPG,debug,signal,"PWS anticipation: WEAK (score=-0.238), METAR 18.0°C → estimated 17.1°C, bucket 18°C → 17°C","{""gap"": ""-1.06"", ""conf"": ""0.00"", ""ramp"": ""-2.94"", ""score"": -0.23750000000000035, ""current"": ""18°C"", ""predicted"": ""17°C"", ""tEstimated"": ""17.12""}",2026-03-24 16:20:51.264238+00
1787,ruth-pws-cyyz-20260324-162051439,wendy,CYYZ,info,signal,"PWS anticipation: STRONG (score=0.825), METAR 1.0°C → estimated 1.9°C, bucket 1°C → 2°C","{""gap"": ""1.00"", ""conf"": ""1.00"", ""ramp"": ""1.48"", ""score"": 0.8250000000000002, ""current"": ""1°C"", ""predicted"": ""2°C"", ""tEstimated"": ""1.94""}",2026-03-24 16:20:51.443492+00
1788,ruth-pws-cyyz-20260324-162051439,wendy,CYYZ,info,signal,"PWS already anticipated 4°C, skipping duplicate buy",,2026-03-24 16:20:51.443599+00
1789,ruth-pws-kdal-20260324-162149847,wendy,KDAL,info,signal,"PWS anticipation: STRONG (score=0.802), METAR 70.0°F → estimated 72.1°F, bucket 70-71°F → 72-73°F","{""gap"": ""1.79"", ""conf"": ""1.00"", ""ramp"": ""-0.20"", ""score"": 0.8024999999999998, ""current"": ""70-71°F"", ""predicted"": ""72-73°F"", ""tEstimated"": ""22.29""}",2026-03-24 16:21:49.859893+00
1790,ruth-pws-kord-20260324-162149998,wendy,KORD,info,signal,"PWS anticipation: STRONG (score=0.885), METAR 39.9°F → estimated 43.5°F, bucket 40-41°F → 42-43°F","{""gap"": ""1.27"", ""conf"": ""1.00"", ""ramp"": ""3.23"", ""score"": 0.8850000000000002, ""current"": ""40-41°F"", ""predicted"": ""42-43°F"", ""tEstimated"": ""6.38""}",2026-03-24 16:21:50.003771+00
1791,ruth-pws-kord-20260324-162149998,wendy,KORD,info,guard,"PWS guards blocked: price_out_of_range | estimated 43.5°F, bucket 42-43°F, price 0.01",,2026-03-24 16:21:50.017647+00
1792,ruth-pws-klga-20260324-162150206,wendy,KLGA,debug,signal,"PWS anticipation: STRONG (score=0.735), METAR 39.9°F → estimated 34.9°F, bucket 40-41°F → 34-35°F","{""gap"": ""1.49"", ""conf"": ""1.00"", ""ramp"": ""-12.73"", ""score"": 0.7350000000000001, ""current"": ""40-41°F"", ""predicted"": ""34-35°F"", ""tEstimated"": ""1.62""}",2026-03-24 16:21:50.212791+00
1793,ruth-pws-klga-20260324-162150206,wendy,KLGA,info,signal,"PWS already anticipated 44-45°F, skipping duplicate buy",,2026-03-24 16:21:50.213124+00
1794,ruth-pws-kmia-20260324-162150380,wendy,KMIA,info,signal,"PWS anticipation: STRONG (score=1.000), METAR 79.0°F → estimated 84.6°F, bucket 78-79°F → 84-85°F","{""gap"": ""2.73"", ""conf"": ""1.00"", ""ramp"": ""4.12"", ""score"": 1, ""current"": ""78-79°F"", ""predicted"": ""84-85°F"", ""tEstimated"": ""29.25""}",2026-03-24 16:21:50.384793+00
1795,ruth-pws-kmia-20260324-162150380,wendy,KMIA,info,signal,"PWS already anticipated 82-83°F, skipping duplicate buy",,2026-03-24 16:21:50.385358+00
1796,ruth-pws-katl-20260324-162150533,wendy,KATL,info,signal,"PWS anticipation: STRONG (score=0.890), METAR 60.1°F → estimated 63.2°F, bucket 60-61°F → 62-63°F","{""gap"": ""1.29"", ""conf"": ""1.00"", ""ramp"": ""2.73"", ""score"": 0.8900000000000001, ""current"": ""60-61°F"", ""predicted"": ""62-63°F"", ""tEstimated"": ""17.32""}",2026-03-24 16:21:50.538433+00
1797,ruth-pws-katl-20260324-162150533,wendy,KATL,info,signal,"PWS already anticipated 64-65°F, skipping duplicate buy",,2026-03-24 16:21:50.538679+00
1798,ruth-pws-lfpg-20260324-162150987,wendy,LFPG,debug,signal,"PWS anticipation: WEAK (score=-0.250), METAR 18.0°C → estimated 17.1°C, bucket 18°C → 17°C","{""gap"": ""-1.11"", ""conf"": ""0.00"", ""ramp"": ""-3.06"", ""score"": -0.24999999999999992, ""current"": ""18°C"", ""predicted"": ""17°C"", ""tEstimated"": ""17.08""}",2026-03-24 16:21:50.990187+00
1799,ruth-pws-kdal-20260324-162249869,wendy,KDAL,info,signal,"PWS anticipation: STRONG (score=0.838), METAR 70.0°F → estimated 72.2°F, bucket 70-71°F → 72-73°F","{""gap"": ""1.62"", ""conf"": ""1.00"", ""ramp"": ""0.36"", ""score"": 0.8375931187165407, ""current"": ""70-71°F"", ""predicted"": ""72-73°F"", ""tEstimated"": ""22.34""}",2026-03-24 16:22:49.880242+00
1800,ruth-pws-kord-20260324-162250015,wendy,KORD,info,signal,"PWS anticipation: STRONG (score=0.873), METAR 39.9°F → estimated 43.2°F, bucket 40-41°F → 42-43°F","{""gap"": ""1.21"", ""conf"": ""1.00"", ""ramp"": ""2.91"", ""score"": 0.8725, ""current"": ""40-41°F"", ""predicted"": ""42-43°F"", ""tEstimated"": ""6.24""}",2026-03-24 16:22:50.019894+00
1801,ruth-pws-kord-20260324-162250015,wendy,KORD,info,guard,"PWS guards blocked: price_out_of_range | estimated 43.2°F, bucket 42-43°F, price 0.01",,2026-03-24 16:22:50.032163+00
1802,ruth-pws-klga-20260324-162250186,wendy,KLGA,debug,signal,"PWS anticipation: STRONG (score=0.735), METAR 39.9°F → estimated 35.8°F, bucket 40-41°F → 36-37°F","{""gap"": ""1.49"", ""conf"": ""1.00"", ""ramp"": ""-11.12"", ""score"": 0.7350000000000001, ""current"": ""40-41°F"", ""predicted"": ""36-37°F"", ""tEstimated"": ""2.11""}",2026-03-24 16:22:50.189896+00
1803,ruth-pws-klga-20260324-162250186,wendy,KLGA,info,signal,"PWS already anticipated 44-45°F, skipping duplicate buy",,2026-03-24 16:22:50.190449+00
1804,ruth-pws-kmia-20260324-162250340,wendy,KMIA,info,signal,"PWS anticipation: STRONG (score=1.000), METAR 79.0°F → estimated 84.2°F, bucket 78-79°F → 84-85°F","{""gap"": ""2.73"", ""conf"": ""1.00"", ""ramp"": ""3.27"", ""score"": 1, ""current"": ""78-79°F"", ""predicted"": ""84-85°F"", ""tEstimated"": ""29.00""}",2026-03-24 16:22:50.344701+00
1805,ruth-pws-kmia-20260324-162250340,wendy,KMIA,info,signal,"PWS already anticipated 82-83°F, skipping duplicate buy",,2026-03-24 16:22:50.344788+00
1806,ruth-pws-katl-20260324-162250476,wendy,KATL,info,signal,"PWS anticipation: STRONG (score=0.902), METAR 60.1°F → estimated 63.3°F, bucket 60-61°F → 62-63°F","{""gap"": ""1.34"", ""conf"": ""1.00"", ""ramp"": ""2.79"", ""score"": 0.9024999999999996, ""current"": ""60-61°F"", ""predicted"": ""62-63°F"", ""tEstimated"": ""17.38""}",2026-03-24 16:22:50.481202+00
1807,ruth-pws-katl-20260324-162250476,wendy,KATL,info,signal,"PWS already anticipated 64-65°F, skipping duplicate buy",,2026-03-24 16:22:50.481503+00
1808,ruth-pws-lfpg-20260324-162250806,wendy,LFPG,debug,signal,"PWS anticipation: WEAK (score=-0.250), METAR 18.0°C → estimated 17.1°C, bucket 18°C → 17°C","{""gap"": ""-1.11"", ""conf"": ""0.00"", ""ramp"": ""-2.91"", ""score"": -0.24999999999999992, ""current"": ""18°C"", ""predicted"": ""17°C"", ""tEstimated"": ""17.13""}",2026-03-24 16:22:50.809991+00
1809,ruth-pws-kord-20260324-162350112,wendy,KORD,info,signal,"PWS anticipation: STRONG (score=0.873), METAR 39.9°F → estimated 43.0°F, bucket 40-41°F → 42-43°F","{""gap"": ""1.21"", ""conf"": ""1.00"", ""ramp"": ""2.42"", ""score"": 0.8725, ""current"": ""40-41°F"", ""predicted"": ""42-43°F"", ""tEstimated"": ""6.10""}",2026-03-24 16:23:50.126921+00
1810,ruth-pws-kord-20260324-162350112,wendy,KORD,info,guard,"PWS guards blocked: price_out_of_range | estimated 43.0°F, bucket 42-43°F, price 0.01",,2026-03-24 16:23:50.128858+00
1811,ruth-pws-klga-20260324-162350278,wendy,KLGA,debug,signal,"PWS anticipation: STRONG (score=0.623), METAR 39.9°F → estimated 36.5°F, bucket 40-41°F → 36-37°F","{""gap"": ""0.99"", ""conf"": ""1.00"", ""ramp"": ""-8.71"", ""score"": 0.6225000000000003, ""current"": ""40-41°F"", ""predicted"": ""36-37°F"", ""tEstimated"": ""2.48""}",2026-03-24 16:23:50.282006+00
1812,ruth-pws-klga-20260324-162350278,wendy,KLGA,info,signal,"PWS already anticipated 44-45°F, skipping duplicate buy",,2026-03-24 16:23:50.282481+00
1813,ruth-pws-kmia-20260324-162350455,wendy,KMIA,info,signal,"PWS anticipation: STRONG (score=1.000), METAR 79.0°F → estimated 82.8°F, bucket 78-79°F → 82-83°F","{""gap"": ""2.73"", ""conf"": ""1.00"", ""ramp"": ""0.73"", ""score"": 1, ""current"": ""78-79°F"", ""predicted"": ""82-83°F"", ""tEstimated"": ""28.23""}",2026-03-24 16:23:50.459557+00
1814,ruth-pws-kmia-20260324-162350455,wendy,KMIA,info,signal,"PWS already anticipated 82-83°F, skipping duplicate buy",,2026-03-24 16:23:50.460024+00
1815,ruth-pws-katl-20260324-162350636,wendy,KATL,info,signal,"PWS anticipation: STRONG (score=0.890), METAR 60.1°F → estimated 62.7°F, bucket 60-61°F → 62-63°F","{""gap"": ""1.29"", ""conf"": ""1.00"", ""ramp"": ""1.90"", ""score"": 0.8900000000000001, ""current"": ""60-61°F"", ""predicted"": ""62-63°F"", ""tEstimated"": ""17.07""}",2026-03-24 16:23:50.639125+00
1816,ruth-pws-katl-20260324-162350636,wendy,KATL,info,signal,"PWS already anticipated 64-65°F, skipping duplicate buy",,2026-03-24 16:23:50.63966+00
1817,ruth-pws-lfpg-20260324-162351031,wendy,LFPG,debug,signal,"PWS anticipation: WEAK (score=-0.263), METAR 18.0°C → estimated 17.2°C, bucket 18°C → 17°C","{""gap"": ""-1.17"", ""conf"": ""0.00"", ""ramp"": ""-2.83"", ""score"": -0.2625000000000003, ""current"": ""18°C"", ""predicted"": ""17°C"", ""tEstimated"": ""17.15""}",2026-03-24 16:23:51.033732+00
1818,ruth-metar-eglc-20260324-162417537,wendy,EGLC,info,signal,"METAR: 12°C, max=12°C, bucket=12°C","{""prevBucket"": ""12°C""}",2026-03-24 16:24:17.550042+00
1819,ruth-pws-kord-20260324-162450016,wendy,KORD,info,signal,"PWS anticipation: STRONG (score=0.873), METAR 39.9°F → estimated 42.8°F, bucket 40-41°F → 42-43°F","{""gap"": ""1.21"", ""conf"": ""1.00"", ""ramp"": ""2.09"", ""score"": 0.8725, ""current"": ""40-41°F"", ""predicted"": ""42-43°F"", ""tEstimated"": ""6.00""}",2026-03-24 16:24:50.029558+00
1820,ruth-pws-kord-20260324-162450016,wendy,KORD,info,guard,"PWS guards blocked: price_out_of_range | estimated 42.8°F, bucket 42-43°F, price 0.01",,2026-03-24 16:24:50.040102+00
1821,ruth-pws-klga-20260324-162450255,wendy,KLGA,debug,signal,"PWS anticipation: STRONG (score=0.647), METAR 39.9°F → estimated 36.9°F, bucket 40-41°F → 36-37°F","{""gap"": ""1.10"", ""conf"": ""1.00"", ""ramp"": ""-8.15"", ""score"": 0.6474999999999997, ""current"": ""40-41°F"", ""predicted"": ""36-37°F"", ""tEstimated"": ""2.72""}",2026-03-24 16:24:50.259845+00
1822,ruth-pws-klga-20260324-162450255,wendy,KLGA,info,signal,"PWS already anticipated 44-45°F, skipping duplicate buy",,2026-03-24 16:24:50.270616+00
1823,ruth-pws-kmia-20260324-162450445,wendy,KMIA,info,signal,"PWS anticipation: STRONG (score=0.900), METAR 79.0°F → estimated 81.6°F, bucket 78-79°F → 82-83°F","{""gap"": ""2.73"", ""conf"": ""1.00"", ""ramp"": ""-1.52"", ""score"": 0.9, ""current"": ""78-79°F"", ""predicted"": ""82-83°F"", ""tEstimated"": ""27.56""}",2026-03-24 16:24:50.449645+00
1824,ruth-pws-kmia-20260324-162450445,wendy,KMIA,info,signal,"PWS already anticipated 82-83°F, skipping duplicate buy",,2026-03-24 16:24:50.45004+00
1825,ruth-pws-katl-20260324-162450610,wendy,KATL,info,signal,"PWS anticipation: STRONG (score=0.902), METAR 60.1°F → estimated 62.7°F, bucket 60-61°F → 62-63°F","{""gap"": ""1.34"", ""conf"": ""1.00"", ""ramp"": ""1.76"", ""score"": 0.9024999999999996, ""current"": ""60-61°F"", ""predicted"": ""62-63°F"", ""tEstimated"": ""17.07""}",2026-03-24 16:24:50.614122+00
1826,ruth-pws-katl-20260324-162450610,wendy,KATL,info,signal,"PWS already anticipated 64-65°F, skipping duplicate buy",,2026-03-24 16:24:50.614502+00
1827,ruth-pws-lfpg-20260324-162451071,wendy,LFPG,debug,signal,"PWS anticipation: WEAK (score=-0.275), METAR 18.0°C → estimated 17.2°C, bucket 18°C → 17°C","{""gap"": ""-1.22"", ""conf"": ""0.00"", ""ramp"": ""-2.83"", ""score"": -0.2749999999999998, ""current"": ""18°C"", ""predicted"": ""17°C"", ""tEstimated"": ""17.15""}",2026-03-24 16:24:51.07423+00
1828,ruth-pws-kdal-20260324-162549876,wendy,KDAL,debug,signal,"PWS anticipation: STRONG (score=0.578), METAR 70.0°F → estimated 69.3°F, bucket 70-71°F → 68-69°F","{""gap"": ""0.79"", ""conf"": ""1.00"", ""ramp"": ""-3.09"", ""score"": 0.5775000000000006, ""current"": ""70-71°F"", ""predicted"": ""68-69°F"", ""tEstimated"": ""20.72""}",2026-03-24 16:25:49.887435+00
1829,ruth-pws-kord-20260324-162550091,wendy,KORD,info,signal,"PWS anticipation: STRONG (score=0.860), METAR 39.9°F → estimated 42.3°F, bucket 40-41°F → 42-43°F","{""gap"": ""1.16"", ""conf"": ""1.00"", ""ramp"": ""1.39"", ""score"": 0.8599999999999999, ""current"": ""40-41°F"", ""predicted"": ""42-43°F"", ""tEstimated"": ""5.74""}",2026-03-24 16:25:50.095184+00
1830,ruth-pws-kord-20260324-162550091,wendy,KORD,info,guard,"PWS guards blocked: price_out_of_range | estimated 42.3°F, bucket 42-43°F, price 0.01",,2026-03-24 16:25:50.105838+00
1831,ruth-pws-klga-20260324-162550280,wendy,KLGA,debug,signal,"PWS anticipation: STRONG (score=0.710), METAR 39.9°F → estimated 38.8°F, bucket 40-41°F → 38-39°F","{""gap"": ""1.38"", ""conf"": ""1.00"", ""ramp"": ""-5.37"", ""score"": 0.7099999999999997, ""current"": ""40-41°F"", ""predicted"": ""38-39°F"", ""tEstimated"": ""3.75""}",2026-03-24 16:25:50.283629+00
1832,ruth-pws-klga-20260324-162550280,wendy,KLGA,info,signal,"PWS already anticipated 44-45°F, skipping duplicate buy",,2026-03-24 16:25:50.283903+00
1833,ruth-pws-kmia-20260324-162550429,wendy,KMIA,info,signal,"PWS anticipation: STRONG (score=0.900), METAR 79.0°F → estimated 83.1°F, bucket 78-79°F → 82-83°F","{""gap"": ""3.23"", ""conf"": ""1.00"", ""ramp"": ""0.00"", ""score"": 0.900015047186297, ""current"": ""78-79°F"", ""predicted"": ""82-83°F"", ""tEstimated"": ""28.36""}",2026-03-24 16:25:50.434044+00
1834,ruth-pws-kmia-20260324-162550429,wendy,KMIA,info,signal,"PWS already anticipated 82-83°F, skipping duplicate buy",,2026-03-24 16:25:50.434323+00
1835,ruth-pws-katl-20260324-162550588,wendy,KATL,info,signal,"PWS already anticipated 64-65°F, skipping duplicate buy",,2026-03-24 16:25:50.591134+00
1836,ruth-pws-katl-20260324-162550588,wendy,KATL,info,signal,"PWS anticipation: STRONG (score=0.928), METAR 60.1°F → estimated 62.5°F, bucket 60-61°F → 62-63°F","{""gap"": ""1.46"", ""conf"": ""1.00"", ""ramp"": ""1.09"", ""score"": 0.9275000000000004, ""current"": ""60-61°F"", ""predicted"": ""62-63°F"", ""tEstimated"": ""16.95""}",2026-03-24 16:25:50.591299+00
1837,ruth-pws-lfpg-20260324-162551053,wendy,LFPG,debug,signal,"PWS anticipation: WEAK (score=-0.275), METAR 18.0°C → estimated 17.2°C, bucket 18°C → 17°C","{""gap"": ""-1.22"", ""conf"": ""0.00"", ""ramp"": ""-2.51"", ""score"": -0.2749999999999998, ""current"": ""18°C"", ""predicted"": ""17°C"", ""tEstimated"": ""17.25""}",2026-03-24 16:25:51.056192+00
1838,ruth-pws-kord-20260324-162650026,wendy,KORD,info,signal,"PWS anticipation: STRONG (score=0.848), METAR 39.9°F → estimated 42.1°F, bucket 40-41°F → 42-43°F","{""gap"": ""1.21"", ""conf"": ""1.00"", ""ramp"": ""0.88"", ""score"": 0.8483202011894619, ""current"": ""40-41°F"", ""predicted"": ""42-43°F"", ""tEstimated"": ""5.63""}",2026-03-24 16:26:50.037865+00
1839,ruth-pws-kord-20260324-162650026,wendy,KORD,info,guard,"PWS guards blocked: price_out_of_range | estimated 42.1°F, bucket 42-43°F, price 0.01",,2026-03-24 16:26:50.042012+00
1840,ruth-pws-kmia-20260324-162650395,wendy,KMIA,info,signal,"PWS anticipation: STRONG (score=1.000), METAR 79.0°F → estimated 83.7°F, bucket 78-79°F → 84-85°F","{""gap"": ""3.23"", ""conf"": ""1.00"", ""ramp"": ""1.18"", ""score"": 1, ""current"": ""78-79°F"", ""predicted"": ""84-85°F"", ""tEstimated"": ""28.72""}",2026-03-24 16:26:50.39833+00
1841,ruth-pws-kmia-20260324-162650395,wendy,KMIA,info,signal,"PWS already anticipated 82-83°F, skipping duplicate buy",,2026-03-24 16:26:50.398558+00
1842,ruth-pws-katl-20260324-162650542,wendy,KATL,info,signal,"PWS anticipation: STRONG (score=0.928), METAR 60.1°F → estimated 62.7°F, bucket 60-61°F → 62-63°F","{""gap"": ""1.46"", ""conf"": ""1.00"", ""ramp"": ""1.36"", ""score"": 0.9275000000000004, ""current"": ""60-61°F"", ""predicted"": ""62-63°F"", ""tEstimated"": ""17.03""}",2026-03-24 16:26:50.545344+00
1843,ruth-pws-katl-20260324-162650542,wendy,KATL,info,signal,"PWS already anticipated 64-65°F, skipping duplicate buy",,2026-03-24 16:26:50.545945+00
1844,ruth-pws-lfpg-20260324-162650933,wendy,LFPG,debug,signal,"PWS anticipation: WEAK (score=-0.275), METAR 18.0°C → estimated 17.4°C, bucket 18°C → 17°C","{""gap"": ""-1.22"", ""conf"": ""0.00"", ""ramp"": ""-2.08"", ""score"": -0.2749999999999998, ""current"": ""18°C"", ""predicted"": ""17°C"", ""tEstimated"": ""17.38""}",2026-03-24 16:26:50.936228+00
1845,ruth-pws-cyyz-20260324-162651139,wendy,CYYZ,info,signal,"PWS anticipation: STRONG (score=0.724), METAR 1.0°C → estimated 1.7°C, bucket 1°C → 2°C","{""gap"": ""1.22"", ""conf"": ""1.00"", ""ramp"": ""0.24"", ""score"": 0.7235919161250853, ""current"": ""1°C"", ""predicted"": ""2°C"", ""tEstimated"": ""1.68""}",2026-03-24 16:26:51.143451+00
1846,ruth-pws-cyyz-20260324-162651139,wendy,CYYZ,info,signal,"PWS already anticipated 4°C, skipping duplicate buy",,2026-03-24 16:26:51.143668+00
1847,ruth-pws-kord-20260324-162749935,wendy,KORD,info,signal,"PWS anticipation: STRONG (score=0.794), METAR 39.9°F → estimated 42.0°F, bucket 40-41°F → 42-43°F","{""gap"": ""1.27"", ""conf"": ""1.00"", ""ramp"": ""0.55"", ""score"": 0.7941282012756651, ""current"": ""40-41°F"", ""predicted"": ""42-43°F"", ""tEstimated"": ""5.58""}",2026-03-24 16:27:49.9505+00
1848,ruth-pws-kord-20260324-162749935,wendy,KORD,info,guard,"PWS guards blocked: price_out_of_range | estimated 42.0°F, bucket 42-43°F, price 0.01",,2026-03-24 16:27:49.968396+00
1849,ruth-pws-klga-20260324-162750134,wendy,KLGA,info,signal,"PWS anticipation: STRONG (score=0.760), METAR 39.9°F → estimated 41.7°F, bucket 40-41°F → 42-43°F","{""gap"": ""1.60"", ""conf"": ""1.00"", ""ramp"": ""-0.39"", ""score"": 0.7599999999999996, ""current"": ""40-41°F"", ""predicted"": ""42-43°F"", ""tEstimated"": ""5.40""}",2026-03-24 16:27:50.139451+00
1850,ruth-pws-klga-20260324-162750134,wendy,KLGA,info,signal,"PWS already anticipated 44-45°F, skipping duplicate buy",,2026-03-24 16:27:50.147439+00
1851,ruth-pws-kmia-20260324-162750293,wendy,KMIA,info,signal,"PWS anticipation: STRONG (score=1.000), METAR 79.0°F → estimated 84.2°F, bucket 78-79°F → 84-85°F","{""gap"": ""3.23"", ""conf"": ""1.00"", ""ramp"": ""2.18"", ""score"": 1, ""current"": ""78-79°F"", ""predicted"": ""84-85°F"", ""tEstimated"": ""29.02""}",2026-03-24 16:27:50.299092+00
1852,ruth-pws-kmia-20260324-162750293,wendy,KMIA,info,signal,"PWS already anticipated 82-83°F, skipping duplicate buy",,2026-03-24 16:27:50.299744+00
1853,ruth-pws-katl-20260324-162750443,wendy,KATL,info,signal,"PWS anticipation: STRONG (score=0.928), METAR 60.1°F → estimated 62.7°F, bucket 60-61°F → 62-63°F","{""gap"": ""1.46"", ""conf"": ""1.00"", ""ramp"": ""1.52"", ""score"": 0.9275000000000004, ""current"": ""60-61°F"", ""predicted"": ""62-63°F"", ""tEstimated"": ""17.07""}",2026-03-24 16:27:50.447251+00
1854,ruth-pws-katl-20260324-162750443,wendy,KATL,info,signal,"PWS already anticipated 64-65°F, skipping duplicate buy",,2026-03-24 16:27:50.447522+00
1855,ruth-pws-lfpg-20260324-162750839,wendy,LFPG,debug,signal,"PWS anticipation: WEAK (score=-0.275), METAR 18.0°C → estimated 17.4°C, bucket 18°C → 17°C","{""gap"": ""-1.22"", ""conf"": ""0.00"", ""ramp"": ""-1.88"", ""score"": -0.2749999999999998, ""current"": ""18°C"", ""predicted"": ""17°C"", ""tEstimated"": ""17.44""}",2026-03-24 16:27:50.842971+00
1856,ruth-pws-cyyz-20260324-162751005,wendy,CYYZ,info,signal,"PWS already anticipated 4°C, skipping duplicate buy",,2026-03-24 16:27:51.00899+00
1857,ruth-pws-cyyz-20260324-162751005,wendy,CYYZ,info,signal,"PWS anticipation: STRONG (score=0.791), METAR 1.0°C → estimated 1.8°C, bucket 1°C → 2°C","{""gap"": ""1.28"", ""conf"": ""1.00"", ""ramp"": ""0.52"", ""score"": 0.7906281549919973, ""current"": ""1°C"", ""predicted"": ""2°C"", ""tEstimated"": ""1.79""}",2026-03-24 16:27:51.009224+00
1858,ruth-pws-kord-20260324-162850106,wendy,KORD,info,signal,"PWS anticipation: STRONG (score=0.856), METAR 39.9°F → estimated 42.3°F, bucket 40-41°F → 42-43°F","{""gap"": ""1.38"", ""conf"": ""1.00"", ""ramp"": ""0.73"", ""score"": 0.8555232390870132, ""current"": ""40-41°F"", ""predicted"": ""42-43°F"", ""tEstimated"": ""5.72""}",2026-03-24 16:28:50.119401+00
1859,ruth-pws-kord-20260324-162850106,wendy,KORD,info,guard,"PWS guards blocked: price_out_of_range | estimated 42.3°F, bucket 42-43°F, price 0.01",,2026-03-24 16:28:50.120711+00
1860,ruth-pws-klga-20260324-162850272,wendy,KLGA,info,signal,"PWS anticipation: STRONG (score=0.710), METAR 39.9°F → estimated 41.6°F, bucket 40-41°F → 42-43°F","{""gap"": ""1.38"", ""conf"": ""1.00"", ""ramp"": ""-0.03"", ""score"": 0.7099999999999997, ""current"": ""40-41°F"", ""predicted"": ""42-43°F"", ""tEstimated"": ""5.36""}",2026-03-24 16:28:50.275381+00
1861,ruth-pws-klga-20260324-162850272,wendy,KLGA,info,signal,"PWS already anticipated 44-45°F, skipping duplicate buy",,2026-03-24 16:28:50.275552+00
1862,ruth-pws-kmia-20260324-162850488,wendy,KMIA,info,signal,"PWS anticipation: STRONG (score=1.000), METAR 79.0°F → estimated 84.7°F, bucket 78-79°F → 84-85°F","{""gap"": ""3.23"", ""conf"": ""1.00"", ""ramp"": ""3.00"", ""score"": 1, ""current"": ""78-79°F"", ""predicted"": ""84-85°F"", ""tEstimated"": ""29.26""}",2026-03-24 16:28:50.491791+00
1863,ruth-pws-kmia-20260324-162850488,wendy,KMIA,info,signal,"PWS already anticipated 82-83°F, skipping duplicate buy",,2026-03-24 16:28:50.491856+00
1864,ruth-pws-katl-20260324-162850640,wendy,KATL,info,signal,"PWS anticipation: STRONG (score=0.940), METAR 60.1°F → estimated 62.9°F, bucket 60-61°F → 62-63°F","{""gap"": ""1.51"", ""conf"": ""1.00"", ""ramp"": ""1.70"", ""score"": 0.94, ""current"": ""60-61°F"", ""predicted"": ""62-63°F"", ""tEstimated"": ""17.17""}",2026-03-24 16:28:50.643995+00
1865,ruth-pws-katl-20260324-162850640,wendy,KATL,info,signal,"PWS already anticipated 64-65°F, skipping duplicate buy",,2026-03-24 16:28:50.644611+00
1866,ruth-pws-cyyz-20260324-162851294,wendy,CYYZ,info,signal,"PWS already anticipated 4°C, skipping duplicate buy",,2026-03-24 16:28:51.297559+00
1867,ruth-pws-cyyz-20260324-162851294,wendy,CYYZ,info,signal,"PWS anticipation: STRONG (score=0.912), METAR 1.0°C → estimated 2.2°C, bucket 1°C → 2°C","{""gap"": ""1.39"", ""conf"": ""1.00"", ""ramp"": ""1.85"", ""score"": 0.9124999999999996, ""current"": ""1°C"", ""predicted"": ""2°C"", ""tEstimated"": ""2.25""}",2026-03-24 16:28:51.297894+00
1868,ruth-pws-kord-20260324-162950073,wendy,KORD,info,signal,"PWS anticipation: STRONG (score=0.898), METAR 39.9°F → estimated 42.4°F, bucket 40-41°F → 42-43°F","{""gap"": ""1.38"", ""conf"": ""1.00"", ""ramp"": ""0.94"", ""score"": 0.8979345359183777, ""current"": ""40-41°F"", ""predicted"": ""42-43°F"", ""tEstimated"": ""5.78""}",2026-03-24 16:29:50.09277+00
1869,ruth-pws-kord-20260324-162950073,wendy,KORD,info,guard,"PWS guards blocked: price_out_of_range | estimated 42.4°F, bucket 42-43°F, price 0.01",,2026-03-24 16:29:50.096219+00
1870,ruth-pws-kmia-20260324-162950467,wendy,KMIA,info,signal,"PWS anticipation: STRONG (score=1.000), METAR 79.0°F → estimated 85.0°F, bucket 78-79°F → 84-85°F","{""gap"": ""3.23"", ""conf"": ""1.00"", ""ramp"": ""3.64"", ""score"": 1, ""current"": ""78-79°F"", ""predicted"": ""84-85°F"", ""tEstimated"": ""29.45""}",2026-03-24 16:29:50.471148+00
1871,ruth-pws-kmia-20260324-162950467,wendy,KMIA,info,signal,"PWS already anticipated 82-83°F, skipping duplicate buy",,2026-03-24 16:29:50.471355+00
1872,ruth-pws-katl-20260324-162950646,wendy,KATL,info,signal,"PWS anticipation: STRONG (score=0.965), METAR 60.1°F → estimated 63.2°F, bucket 60-61°F → 62-63°F","{""gap"": ""1.62"", ""conf"": ""1.00"", ""ramp"": ""2.03"", ""score"": 0.9649999999999999, ""current"": ""60-61°F"", ""predicted"": ""62-63°F"", ""tEstimated"": ""17.34""}",2026-03-24 16:29:50.649463+00
1873,ruth-pws-katl-20260324-162950646,wendy,KATL,info,signal,"PWS already anticipated 64-65°F, skipping duplicate buy",,2026-03-24 16:29:50.650234+00
1874,ruth-pws-cyyz-20260324-162951223,wendy,CYYZ,info,signal,"PWS already anticipated 4°C, skipping duplicate buy",,2026-03-24 16:29:51.226728+00
1875,ruth-pws-cyyz-20260324-162951223,wendy,CYYZ,info,signal,"PWS anticipation: STRONG (score=0.963), METAR 1.0°C → estimated 2.8°C, bucket 1°C → 3°C","{""gap"": ""1.61"", ""conf"": ""1.00"", ""ramp"": ""3.43"", ""score"": 0.9625000000000004, ""current"": ""1°C"", ""predicted"": ""3°C"", ""tEstimated"": ""2.83""}",2026-03-24 16:29:51.226832+00
1876,ruth-pws-kdal-20260324-163049782,wendy,KDAL,info,signal,"PWS anticipation: STRONG (score=0.777), METAR 70.0°F → estimated 71.6°F, bucket 70-71°F → 72-73°F","{""gap"": ""1.68"", ""conf"": ""1.00"", ""ramp"": ""-0.94"", ""score"": 0.7774999999999999, ""current"": ""70-71°F"", ""predicted"": ""72-73°F"", ""tEstimated"": ""21.99""}",2026-03-24 16:30:49.797113+00
1877,ruth-pws-kord-20260324-163050116,wendy,KORD,info,signal,"PWS anticipation: STRONG (score=0.873), METAR 39.9°F → estimated 42.3°F, bucket 40-41°F → 42-43°F","{""gap"": ""1.32"", ""conf"": ""1.00"", ""ramp"": ""0.88"", ""score"": 0.8732917921574902, ""current"": ""40-41°F"", ""predicted"": ""42-43°F"", ""tEstimated"": ""5.72""}",2026-03-24 16:30:50.120141+00
1878,ruth-pws-kord-20260324-163050116,wendy,KORD,info,guard,"PWS guards blocked: price_out_of_range | estimated 42.3°F, bucket 42-43°F, price 0.01",,2026-03-24 16:30:50.134422+00
1879,ruth-pws-kmia-20260324-163050510,wendy,KMIA,info,signal,"PWS anticipation: STRONG (score=1.000), METAR 79.0°F → estimated 85.0°F, bucket 78-79°F → 84-85°F","{""gap"": ""3.12"", ""conf"": ""1.00"", ""ramp"": ""3.79"", ""score"": 1, ""current"": ""78-79°F"", ""predicted"": ""84-85°F"", ""tEstimated"": ""29.42""}",2026-03-24 16:30:50.515606+00
1880,ruth-pws-kmia-20260324-163050510,wendy,KMIA,info,signal,"PWS already anticipated 82-83°F, skipping duplicate buy",,2026-03-24 16:30:50.524831+00
1881,ruth-pws-katl-20260324-163050652,wendy,KATL,info,signal,"PWS anticipation: STRONG (score=1.000), METAR 60.1°F → estimated 64.0°F, bucket 60-61°F → 64-65°F","{""gap"": ""1.90"", ""conf"": ""1.00"", ""ramp"": ""2.91"", ""score"": 1, ""current"": ""60-61°F"", ""predicted"": ""64-65°F"", ""tEstimated"": ""17.80""}",2026-03-24 16:30:50.656891+00
1882,ruth-pws-katl-20260324-163050652,wendy,KATL,info,signal,"PWS already anticipated 64-65°F, skipping duplicate buy",,2026-03-24 16:30:50.658084+00
1883,ruth-pws-cyyz-20260324-163051197,wendy,CYYZ,info,signal,"PWS anticipation: STRONG (score=0.963), METAR 1.0°C → estimated 3.0°C, bucket 1°C → 3°C","{""gap"": ""1.61"", ""conf"": ""1.00"", ""ramp"": ""3.91"", ""score"": 0.9625000000000004, ""current"": ""1°C"", ""predicted"": ""3°C"", ""tEstimated"": ""2.98""}",2026-03-24 16:30:51.200558+00
1884,ruth-pws-cyyz-20260324-163051197,wendy,CYYZ,info,signal,"PWS already anticipated 4°C, skipping duplicate buy",,2026-03-24 16:30:51.20075+00
1885,ruth-pws-kdal-20260324-163149852,wendy,KDAL,info,signal,"PWS anticipation: STRONG (score=1.000), METAR 70.0°F → estimated 74.1°F, bucket 70-71°F → 74-75°F","{""gap"": ""1.79"", ""conf"": ""1.00"", ""ramp"": ""3.37"", ""score"": 1, ""current"": ""70-71°F"", ""predicted"": ""74-75°F"", ""tEstimated"": ""23.36""}",2026-03-24 16:31:49.862458+00
1886,ruth-pws-kord-20260324-163150033,wendy,KORD,info,signal,"PWS anticipation: STRONG (score=0.910), METAR 39.9°F → estimated 42.7°F, bucket 40-41°F → 42-43°F","{""gap"": ""1.38"", ""conf"": ""1.00"", ""ramp"": ""1.39"", ""score"": 0.9099999999999997, ""current"": ""40-41°F"", ""predicted"": ""42-43°F"", ""tEstimated"": ""5.92""}",2026-03-24 16:31:50.037624+00
1887,ruth-pws-kord-20260324-163150033,wendy,KORD,info,guard,"PWS guards blocked: price_out_of_range | estimated 42.7°F, bucket 42-43°F, price 0.01",,2026-03-24 16:31:50.052538+00
1888,ruth-pws-klga-20260324-163150189,wendy,KLGA,info,signal,"PWS already anticipated 44-45°F, skipping duplicate buy",,2026-03-24 16:31:50.192256+00
1889,ruth-pws-klga-20260324-163150189,wendy,KLGA,info,signal,"PWS anticipation: STRONG (score=0.943), METAR 39.9°F → estimated 42.6°F, bucket 40-41°F → 42-43°F","{""gap"": ""1.82"", ""conf"": ""1.00"", ""ramp"": ""0.67"", ""score"": 0.9430781458512831, ""current"": ""40-41°F"", ""predicted"": ""42-43°F"", ""tEstimated"": ""5.88""}",2026-03-24 16:31:50.192318+00
1891,ruth-pws-kmia-20260324-163150344,wendy,KMIA,info,signal,"PWS anticipation: STRONG (score=1.000), METAR 79.0°F → estimated 84.7°F, bucket 78-79°F → 84-85°F","{""gap"": ""3.12"", ""conf"": ""1.00"", ""ramp"": ""3.27"", ""score"": 1, ""current"": ""78-79°F"", ""predicted"": ""84-85°F"", ""tEstimated"": ""29.27""}",2026-03-24 16:31:50.348039+00
1890,ruth-pws-kmia-20260324-163150344,wendy,KMIA,info,signal,"PWS already anticipated 82-83°F, skipping duplicate buy",,2026-03-24 16:31:50.348268+00
1892,ruth-pws-katl-20260324-163150498,wendy,KATL,info,signal,"PWS anticipation: STRONG (score=1.000), METAR 60.1°F → estimated 64.4°F, bucket 60-61°F → 64-65°F","{""gap"": ""1.90"", ""conf"": ""1.00"", ""ramp"": ""3.61"", ""score"": 1, ""current"": ""60-61°F"", ""predicted"": ""64-65°F"", ""tEstimated"": ""18.01""}",2026-03-24 16:31:50.501485+00
1893,ruth-pws-katl-20260324-163150498,wendy,KATL,info,signal,"PWS already anticipated 64-65°F, skipping duplicate buy",,2026-03-24 16:31:50.501949+00
1894,ruth-pws-cyyz-20260324-163151058,wendy,CYYZ,info,signal,"PWS anticipation: STRONG (score=0.963), METAR 1.0°C → estimated 3.0°C, bucket 1°C → 3°C","{""gap"": ""1.61"", ""conf"": ""1.00"", ""ramp"": ""4.06"", ""score"": 0.9625000000000004, ""current"": ""1°C"", ""predicted"": ""3°C"", ""tEstimated"": ""3.02""}",2026-03-24 16:31:51.06133+00
1895,ruth-pws-cyyz-20260324-163151058,wendy,CYYZ,info,signal,"PWS already anticipated 4°C, skipping duplicate buy",,2026-03-24 16:31:51.061739+00
1896,ruth-metar-lfpg-20260324-163217392,wendy,LFPG,info,signal,"METAR: 17°C, max=18°C, bucket=18°C","{""prevBucket"": ""18°C""}",2026-03-24 16:32:17.405857+00
1897,ruth-pws-kdal-20260324-163249813,wendy,KDAL,info,signal,"PWS anticipation: STRONG (score=0.915), METAR 70.0°F → estimated 73.3°F, bucket 70-71°F → 72-73°F","{""gap"": ""1.40"", ""conf"": ""1.00"", ""ramp"": ""2.88"", ""score"": 0.9149999999999996, ""current"": ""70-71°F"", ""predicted"": ""72-73°F"", ""tEstimated"": ""22.94""}",2026-03-24 16:32:49.827196+00
1898,ruth-pws-kord-20260324-163249951,wendy,KORD,info,signal,"PWS anticipation: STRONG (score=0.910), METAR 39.9°F → estimated 42.6°F, bucket 40-41°F → 42-43°F","{""gap"": ""1.38"", ""conf"": ""1.00"", ""ramp"": ""1.33"", ""score"": 0.9099999999999997, ""current"": ""40-41°F"", ""predicted"": ""42-43°F"", ""tEstimated"": ""5.90""}",2026-03-24 16:32:49.955154+00
1899,ruth-pws-kord-20260324-163249951,wendy,KORD,info,guard,"PWS guards blocked: price_out_of_range | estimated 42.6°F, bucket 42-43°F, price 0.01",,2026-03-24 16:32:49.963462+00
1900,ruth-pws-klga-20260324-163250109,wendy,KLGA,info,signal,"PWS anticipation: STRONG (score=1.000), METAR 39.9°F → estimated 43.6°F, bucket 40-41°F → 44-45°F","{""gap"": ""1.88"", ""conf"": ""1.00"", ""ramp"": ""2.39"", ""score"": 1, ""current"": ""40-41°F"", ""predicted"": ""44-45°F"", ""tEstimated"": ""6.43""}",2026-03-24 16:32:50.11209+00
1901,ruth-pws-klga-20260324-163250109,wendy,KLGA,info,signal,"PWS already anticipated 44-45°F, skipping duplicate buy",,2026-03-24 16:32:50.112784+00
1902,ruth-pws-kmia-20260324-163250255,wendy,KMIA,info,signal,"PWS anticipation: STRONG (score=1.000), METAR 79.0°F → estimated 84.3°F, bucket 78-79°F → 84-85°F","{""gap"": ""3.12"", ""conf"": ""1.00"", ""ramp"": ""2.55"", ""score"": 1, ""current"": ""78-79°F"", ""predicted"": ""84-85°F"", ""tEstimated"": ""29.05""}",2026-03-24 16:32:50.259878+00
1903,ruth-pws-kmia-20260324-163250255,wendy,KMIA,info,signal,"PWS already anticipated 82-83°F, skipping duplicate buy",,2026-03-24 16:32:50.260128+00
1904,ruth-pws-katl-20260324-163250432,wendy,KATL,info,signal,"PWS anticipation: STRONG (score=1.000), METAR 60.1°F → estimated 64.6°F, bucket 60-61°F → 64-65°F","{""gap"": ""1.90"", ""conf"": ""1.00"", ""ramp"": ""3.97"", ""score"": 1, ""current"": ""60-61°F"", ""predicted"": ""64-65°F"", ""tEstimated"": ""18.12""}",2026-03-24 16:32:50.435424+00
1905,ruth-pws-katl-20260324-163250432,wendy,KATL,info,signal,"PWS already anticipated 64-65°F, skipping duplicate buy",,2026-03-24 16:32:50.435808+00
1906,ruth-pws-cyyz-20260324-163250902,wendy,CYYZ,info,signal,"PWS anticipation: STRONG (score=0.987), METAR 1.0°C → estimated 3.0°C, bucket 1°C → 3°C","{""gap"": ""1.72"", ""conf"": ""1.00"", ""ramp"": ""3.82"", ""score"": 0.9874999999999998, ""current"": ""1°C"", ""predicted"": ""3°C"", ""tEstimated"": ""3.01""}",2026-03-24 16:32:50.905068+00
1907,ruth-pws-cyyz-20260324-163250902,wendy,CYYZ,info,signal,"PWS already anticipated 4°C, skipping duplicate buy",,2026-03-24 16:32:50.905291+00
1908,ruth-metar-ksea-20260324-163347254,wendy,KSEA,info,signal,"METAR: 6.7°C, max=6.7°C, bucket=44-45°F","{""prevBucket"": ""44-45°F""}",2026-03-24 16:33:47.268725+00
1909,ruth-pws-kdal-20260324-163349884,wendy,KDAL,info,signal,"PWS anticipation: STRONG (score=0.865), METAR 70.0°F → estimated 73.5°F, bucket 70-71°F → 72-73°F","{""gap"": ""1.18"", ""conf"": ""1.00"", ""ramp"": ""3.70"", ""score"": 0.8649999999999991, ""current"": ""70-71°F"", ""predicted"": ""72-73°F"", ""tEstimated"": ""23.03""}",2026-03-24 16:33:49.895475+00
1910,ruth-pws-kord-20260324-163350087,wendy,KORD,info,signal,"PWS anticipation: STRONG (score=0.910), METAR 39.9°F → estimated 42.6°F, bucket 40-41°F → 42-43°F","{""gap"": ""1.38"", ""conf"": ""1.00"", ""ramp"": ""1.36"", ""score"": 0.9099999999999997, ""current"": ""40-41°F"", ""predicted"": ""42-43°F"", ""tEstimated"": ""5.91""}",2026-03-24 16:33:50.092853+00
1911,ruth-pws-kord-20260324-163350087,wendy,KORD,info,guard,"PWS guards blocked: price_out_of_range | estimated 42.6°F, bucket 42-43°F, price 0.01",,2026-03-24 16:33:50.105975+00
1912,ruth-pws-klga-20260324-163350270,wendy,KLGA,info,signal,"PWS anticipation: STRONG (score=1.000), METAR 39.9°F → estimated 44.4°F, bucket 40-41°F → 44-45°F","{""gap"": ""1.88"", ""conf"": ""1.00"", ""ramp"": ""3.91"", ""score"": 1, ""current"": ""40-41°F"", ""predicted"": ""44-45°F"", ""tEstimated"": ""6.89""}",2026-03-24 16:33:50.273124+00
1913,ruth-pws-klga-20260324-163350270,wendy,KLGA,info,signal,"PWS already anticipated 44-45°F, skipping duplicate buy",,2026-03-24 16:33:50.280738+00
1914,ruth-pws-kmia-20260324-163350414,wendy,KMIA,info,signal,"PWS already anticipated 82-83°F, skipping duplicate buy",,2026-03-24 16:33:50.417311+00
1915,ruth-pws-kmia-20260324-163350414,wendy,KMIA,info,signal,"PWS anticipation: STRONG (score=1.000), METAR 79.0°F → estimated 83.8°F, bucket 78-79°F → 84-85°F","{""gap"": ""3.12"", ""conf"": ""1.00"", ""ramp"": ""1.61"", ""score"": 1, ""current"": ""78-79°F"", ""predicted"": ""84-85°F"", ""tEstimated"": ""28.77""}",2026-03-24 16:33:50.417636+00
1916,ruth-pws-katl-20260324-163350572,wendy,KATL,info,signal,"PWS anticipation: STRONG (score=1.000), METAR 60.1°F → estimated 64.7°F, bucket 60-61°F → 64-65°F","{""gap"": ""1.90"", ""conf"": ""1.00"", ""ramp"": ""4.18"", ""score"": 1, ""current"": ""60-61°F"", ""predicted"": ""64-65°F"", ""tEstimated"": ""18.18""}",2026-03-24 16:33:50.574953+00
1917,ruth-pws-katl-20260324-163350572,wendy,KATL,info,signal,"PWS already anticipated 64-65°F, skipping duplicate buy",,2026-03-24 16:33:50.575597+00
1918,ruth-pws-cyyz-20260324-163351025,wendy,CYYZ,info,signal,"PWS anticipation: STRONG (score=1.000), METAR 1.0°C → estimated 3.4°C, bucket 1°C → 3°C","{""gap"": ""2.11"", ""conf"": ""1.00"", ""ramp"": ""4.55"", ""score"": 1, ""current"": ""1°C"", ""predicted"": ""3°C"", ""tEstimated"": ""3.42""}",2026-03-24 16:33:51.028141+00
1919,ruth-pws-cyyz-20260324-163351025,wendy,CYYZ,info,signal,"PWS already anticipated 4°C, skipping duplicate buy",,2026-03-24 16:33:51.028251+00
1920,ruth-pws-kdal-20260324-163449900,wendy,KDAL,info,signal,"PWS anticipation: STRONG (score=0.890), METAR 70.0°F → estimated 73.1°F, bucket 70-71°F → 72-73°F","{""gap"": ""1.29"", ""conf"": ""1.00"", ""ramp"": ""2.69"", ""score"": 0.8899999999999997, ""current"": ""70-71°F"", ""predicted"": ""72-73°F"", ""tEstimated"": ""22.81""}",2026-03-24 16:34:49.912073+00
1921,ruth-pws-kord-20260324-163450091,wendy,KORD,info,signal,"PWS anticipation: STRONG (score=0.910), METAR 39.9°F → estimated 42.6°F, bucket 40-41°F → 42-43°F","{""gap"": ""1.38"", ""conf"": ""1.00"", ""ramp"": ""1.33"", ""score"": 0.9099999999999997, ""current"": ""40-41°F"", ""predicted"": ""42-43°F"", ""tEstimated"": ""5.90""}",2026-03-24 16:34:50.095091+00
1922,ruth-pws-kord-20260324-163450091,wendy,KORD,info,guard,"PWS guards blocked: price_out_of_range | estimated 42.6°F, bucket 42-43°F, price 0.01",,2026-03-24 16:34:50.105933+00
1923,ruth-pws-klga-20260324-163450289,wendy,KLGA,info,signal,"PWS anticipation: STRONG (score=1.000), METAR 39.9°F → estimated 44.3°F, bucket 40-41°F → 44-45°F","{""gap"": ""1.99"", ""conf"": ""1.00"", ""ramp"": ""3.41"", ""score"": 1, ""current"": ""40-41°F"", ""predicted"": ""44-45°F"", ""tEstimated"": ""6.82""}",2026-03-24 16:34:50.292591+00
1924,ruth-pws-klga-20260324-163450289,wendy,KLGA,info,signal,"PWS already anticipated 44-45°F, skipping duplicate buy",,2026-03-24 16:34:50.292894+00
1925,ruth-pws-kmia-20260324-163450590,wendy,KMIA,info,signal,"PWS anticipation: STRONG (score=0.900), METAR 79.0°F → estimated 82.4°F, bucket 78-79°F → 82-83°F","{""gap"": ""3.12"", ""conf"": ""1.00"", ""ramp"": ""-1.01"", ""score"": 0.9, ""current"": ""78-79°F"", ""predicted"": ""82-83°F"", ""tEstimated"": ""27.98""}",2026-03-24 16:34:50.593512+00
1926,ruth-pws-kmia-20260324-163450590,wendy,KMIA,info,signal,"PWS already anticipated 82-83°F, skipping duplicate buy",,2026-03-24 16:34:50.594453+00
1927,ruth-pws-katl-20260324-163450787,wendy,KATL,info,signal,"PWS anticipation: STRONG (score=1.000), METAR 60.1°F → estimated 64.6°F, bucket 60-61°F → 64-65°F","{""gap"": ""1.90"", ""conf"": ""1.00"", ""ramp"": ""3.92"", ""score"": 1, ""current"": ""60-61°F"", ""predicted"": ""64-65°F"", ""tEstimated"": ""18.11""}",2026-03-24 16:34:50.790783+00
1928,ruth-pws-katl-20260324-163450787,wendy,KATL,info,signal,"PWS already anticipated 64-65°F, skipping duplicate buy",,2026-03-24 16:34:50.791374+00
1929,ruth-pws-cyyz-20260324-163451390,wendy,CYYZ,info,signal,"PWS anticipation: STRONG (score=1.000), METAR 1.0°C → estimated 4.0°C, bucket 1°C → 4°C","{""gap"": ""2.17"", ""conf"": ""1.00"", ""ramp"": ""6.22"", ""score"": 1, ""current"": ""1°C"", ""predicted"": ""4°C"", ""tEstimated"": ""3.95""}",2026-03-24 16:34:51.393629+00
1930,ruth-pws-cyyz-20260324-163451390,wendy,CYYZ,info,signal,"PWS already anticipated 4°C, skipping duplicate buy",,2026-03-24 16:34:51.394069+00
1931,ruth-pws-kdal-20260324-163549870,wendy,KDAL,info,signal,"PWS anticipation: STRONG (score=0.940), METAR 70.0°F → estimated 73.3°F, bucket 70-71°F → 72-73°F","{""gap"": ""1.51"", ""conf"": ""1.00"", ""ramp"": ""2.58"", ""score"": 0.9399999999999995, ""current"": ""70-71°F"", ""predicted"": ""72-73°F"", ""tEstimated"": ""22.93""}",2026-03-24 16:35:49.880719+00
1932,ruth-pws-kord-20260324-163550005,wendy,KORD,info,signal,"PWS anticipation: STRONG (score=0.922), METAR 39.9°F → estimated 42.7°F, bucket 40-41°F → 42-43°F","{""gap"": ""1.43"", ""conf"": ""1.00"", ""ramp"": ""1.30"", ""score"": 0.9224999999999999, ""current"": ""40-41°F"", ""predicted"": ""42-43°F"", ""tEstimated"": ""5.94""}",2026-03-24 16:35:50.008847+00
1933,ruth-pws-kord-20260324-163550005,wendy,KORD,info,guard,"PWS guards blocked: price_out_of_range | estimated 42.7°F, bucket 42-43°F, price 0.01",,2026-03-24 16:35:50.020493+00
1934,ruth-pws-klga-20260324-163550157,wendy,KLGA,info,signal,"PWS anticipation: STRONG (score=1.000), METAR 39.9°F → estimated 44.4°F, bucket 40-41°F → 44-45°F","{""gap"": ""1.99"", ""conf"": ""1.00"", ""ramp"": ""3.67"", ""score"": 1, ""current"": ""40-41°F"", ""predicted"": ""44-45°F"", ""tEstimated"": ""6.89""}",2026-03-24 16:35:50.160891+00
1935,ruth-pws-klga-20260324-163550157,wendy,KLGA,info,signal,"PWS already anticipated 44-45°F, skipping duplicate buy",,2026-03-24 16:35:50.161253+00
1936,ruth-pws-kmia-20260324-163550312,wendy,KMIA,info,signal,"PWS anticipation: STRONG (score=0.900), METAR 79.0°F → estimated 82.4°F, bucket 78-79°F → 82-83°F","{""gap"": ""3.12"", ""conf"": ""1.00"", ""ramp"": ""-0.91"", ""score"": 0.9, ""current"": ""78-79°F"", ""predicted"": ""82-83°F"", ""tEstimated"": ""28.01""}",2026-03-24 16:35:50.315278+00
1937,ruth-pws-kmia-20260324-163550312,wendy,KMIA,info,signal,"PWS already anticipated 82-83°F, skipping duplicate buy",,2026-03-24 16:35:50.315668+00
1938,ruth-pws-katl-20260324-163550508,wendy,KATL,info,signal,"PWS anticipation: STRONG (score=1.000), METAR 60.1°F → estimated 65.4°F, bucket 60-61°F → 64-65°F","{""gap"": ""2.29"", ""conf"": ""1.00"", ""ramp"": ""4.54"", ""score"": 1, ""current"": ""60-61°F"", ""predicted"": ""64-65°F"", ""tEstimated"": ""18.57""}",2026-03-24 16:35:50.511589+00
1939,ruth-pws-katl-20260324-163550508,wendy,KATL,info,signal,"PWS already anticipated 64-65°F, skipping duplicate buy",,2026-03-24 16:35:50.511878+00
1940,ruth-pws-cyyz-20260324-163551067,wendy,CYYZ,info,signal,"PWS anticipation: STRONG (score=1.000), METAR 1.0°C → estimated 3.9°C, bucket 1°C → 4°C","{""gap"": ""2.17"", ""conf"": ""1.00"", ""ramp"": ""6.21"", ""score"": 1, ""current"": ""1°C"", ""predicted"": ""4°C"", ""tEstimated"": ""3.95""}",2026-03-24 16:35:51.070789+00
1941,ruth-pws-cyyz-20260324-163551067,wendy,CYYZ,info,signal,"PWS already anticipated 4°C, skipping duplicate buy",,2026-03-24 16:35:51.071339+00
1942,ruth-pws-kdal-20260324-163649854,wendy,KDAL,info,signal,"PWS anticipation: STRONG (score=0.977), METAR 70.0°F → estimated 73.1°F, bucket 70-71°F → 72-73°F","{""gap"": ""1.68"", ""conf"": ""1.00"", ""ramp"": ""1.92"", ""score"": 0.9774999999999998, ""current"": ""70-71°F"", ""predicted"": ""72-73°F"", ""tEstimated"": ""22.85""}",2026-03-24 16:36:49.869207+00
1943,ruth-pws-kord-20260324-163650065,wendy,KORD,info,signal,"PWS anticipation: STRONG (score=0.872), METAR 39.9°F → estimated 42.4°F, bucket 40-41°F → 42-43°F","{""gap"": ""1.43"", ""conf"": ""1.00"", ""ramp"": ""0.75"", ""score"": 0.8720008077002166, ""current"": ""40-41°F"", ""predicted"": ""42-43°F"", ""tEstimated"": ""5.77""}",2026-03-24 16:36:50.069793+00
1944,ruth-pws-kord-20260324-163650065,wendy,KORD,info,guard,"PWS guards blocked: price_out_of_range | estimated 42.4°F, bucket 42-43°F, price 0.01",,2026-03-24 16:36:50.090438+00
1945,ruth-pws-klga-20260324-163650318,wendy,KLGA,info,signal,"PWS anticipation: STRONG (score=1.000), METAR 39.9°F → estimated 45.6°F, bucket 40-41°F → 46-47°F","{""gap"": ""2.10"", ""conf"": ""1.00"", ""ramp"": ""5.67"", ""score"": 1, ""current"": ""40-41°F"", ""predicted"": ""46-47°F"", ""tEstimated"": ""7.57""}",2026-03-24 16:36:50.322188+00
1946,ruth-pws-klga-20260324-163650318,wendy,KLGA,info,signal,"PWS already anticipated 44-45°F, skipping duplicate buy",,2026-03-24 16:36:50.330702+00
1947,ruth-pws-kmia-20260324-163650537,wendy,KMIA,info,signal,"PWS anticipation: STRONG (score=0.900), METAR 79.0°F → estimated 82.5°F, bucket 78-79°F → 82-83°F","{""gap"": ""3.12"", ""conf"": ""1.00"", ""ramp"": ""-0.85"", ""score"": 0.9, ""current"": ""78-79°F"", ""predicted"": ""82-83°F"", ""tEstimated"": ""28.03""}",2026-03-24 16:36:50.540287+00
1948,ruth-pws-kmia-20260324-163650537,wendy,KMIA,info,signal,"PWS already anticipated 82-83°F, skipping duplicate buy",,2026-03-24 16:36:50.540777+00
1949,ruth-pws-katl-20260324-163650712,wendy,KATL,info,signal,"PWS anticipation: STRONG (score=1.000), METAR 60.1°F → estimated 65.8°F, bucket 60-61°F → 66-67°F","{""gap"": ""2.29"", ""conf"": ""1.00"", ""ramp"": ""5.21"", ""score"": 1, ""current"": ""60-61°F"", ""predicted"": ""66-67°F"", ""tEstimated"": ""18.77""}",2026-03-24 16:36:50.714586+00
1950,ruth-pws-katl-20260324-163650712,wendy,KATL,info,signal,"PWS already anticipated 64-65°F, skipping duplicate buy",,2026-03-24 16:36:50.714983+00
1951,ruth-pws-cyyz-20260324-163651236,wendy,CYYZ,info,signal,"PWS anticipation: STRONG (score=1.000), METAR 1.0°C → estimated 4.0°C, bucket 1°C → 4°C","{""gap"": ""2.17"", ""conf"": ""1.00"", ""ramp"": ""6.48"", ""score"": 1, ""current"": ""1°C"", ""predicted"": ""4°C"", ""tEstimated"": ""4.03""}",2026-03-24 16:36:51.239115+00
1952,ruth-pws-cyyz-20260324-163651236,wendy,CYYZ,info,signal,"PWS already anticipated 4°C, skipping duplicate buy",,2026-03-24 16:36:51.239612+00
1953,ruth-pws-kdal-20260324-163749801,wendy,KDAL,info,signal,"PWS anticipation: STRONG (score=1.000), METAR 70.0°F → estimated 73.6°F, bucket 70-71°F → 74-75°F","{""gap"": ""1.90"", ""conf"": ""1.00"", ""ramp"": ""2.32"", ""score"": 1, ""current"": ""70-71°F"", ""predicted"": ""74-75°F"", ""tEstimated"": ""23.13""}",2026-03-24 16:37:49.81303+00
1954,ruth-pws-kord-20260324-163749947,wendy,KORD,info,signal,"PWS anticipation: STRONG (score=0.828), METAR 39.9°F → estimated 42.3°F, bucket 40-41°F → 42-43°F","{""gap"": ""1.43"", ""conf"": ""1.00"", ""ramp"": ""0.53"", ""score"": 0.8275611046155932, ""current"": ""40-41°F"", ""predicted"": ""42-43°F"", ""tEstimated"": ""5.70""}",2026-03-24 16:37:49.951271+00
1955,ruth-pws-kord-20260324-163749947,wendy,KORD,info,guard,"PWS guards blocked: price_out_of_range | estimated 42.3°F, bucket 42-43°F, price 0.01",,2026-03-24 16:37:49.960181+00
1957,ruth-pws-klga-20260324-163750130,wendy,KLGA,info,signal,"PWS anticipation: STRONG (score=1.000), METAR 39.9°F → estimated 45.2°F, bucket 40-41°F → 44-45°F","{""gap"": ""1.99"", ""conf"": ""1.00"", ""ramp"": ""5.09"", ""score"": 1, ""current"": ""40-41°F"", ""predicted"": ""44-45°F"", ""tEstimated"": ""7.32""}",2026-03-24 16:37:50.134429+00
1956,ruth-pws-klga-20260324-163750130,wendy,KLGA,info,signal,"PWS already anticipated 44-45°F, skipping duplicate buy",,2026-03-24 16:37:50.134717+00
1958,ruth-pws-kmia-20260324-163750349,wendy,KMIA,info,signal,"PWS anticipation: STRONG (score=0.900), METAR 79.0°F → estimated 82.6°F, bucket 78-79°F → 82-83°F","{""gap"": ""3.12"", ""conf"": ""1.00"", ""ramp"": ""-0.65"", ""score"": 0.9, ""current"": ""78-79°F"", ""predicted"": ""82-83°F"", ""tEstimated"": ""28.09""}",2026-03-24 16:37:50.35376+00
1959,ruth-pws-kmia-20260324-163750349,wendy,KMIA,info,signal,"PWS already anticipated 82-83°F, skipping duplicate buy",,2026-03-24 16:37:50.353972+00
1960,ruth-pws-katl-20260324-163750524,wendy,KATL,info,signal,"PWS already anticipated 64-65°F, skipping duplicate buy",,2026-03-24 16:37:50.527669+00
1961,ruth-pws-katl-20260324-163750524,wendy,KATL,info,signal,"PWS anticipation: STRONG (score=1.000), METAR 60.1°F → estimated 65.6°F, bucket 60-61°F → 66-67°F","{""gap"": ""2.29"", ""conf"": ""1.00"", ""ramp"": ""4.95"", ""score"": 1, ""current"": ""60-61°F"", ""predicted"": ""66-67°F"", ""tEstimated"": ""18.69""}",2026-03-24 16:37:50.527698+00
1963,ruth-pws-cyyz-20260324-163751048,wendy,CYYZ,info,signal,"PWS anticipation: STRONG (score=1.000), METAR 1.0°C → estimated 3.8°C, bucket 1°C → 4°C","{""gap"": ""2.17"", ""conf"": ""1.00"", ""ramp"": ""5.72"", ""score"": 1, ""current"": ""1°C"", ""predicted"": ""4°C"", ""tEstimated"": ""3.80""}",2026-03-24 16:37:51.051867+00
1962,ruth-pws-cyyz-20260324-163751048,wendy,CYYZ,info,signal,"PWS already anticipated 4°C, skipping duplicate buy",,2026-03-24 16:37:51.051905+00
1964,ruth-pws-kdal-20260324-163849839,wendy,KDAL,info,signal,"PWS anticipation: STRONG (score=1.000), METAR 70.0°F → estimated 73.9°F, bucket 70-71°F → 74-75°F","{""gap"": ""1.90"", ""conf"": ""1.00"", ""ramp"": ""2.85"", ""score"": 1, ""current"": ""70-71°F"", ""predicted"": ""74-75°F"", ""tEstimated"": ""23.28""}",2026-03-24 16:38:49.850683+00
1965,ruth-pws-kord-20260324-163849991,wendy,KORD,info,signal,"PWS anticipation: STRONG (score=0.826), METAR 39.9°F → estimated 42.3°F, bucket 40-41°F → 42-43°F","{""gap"": ""1.43"", ""conf"": ""1.00"", ""ramp"": ""0.52"", ""score"": 0.825542393125982, ""current"": ""40-41°F"", ""predicted"": ""42-43°F"", ""tEstimated"": ""5.70""}",2026-03-24 16:38:49.9948+00
1966,ruth-pws-kord-20260324-163849991,wendy,KORD,info,guard,"PWS guards blocked: price_out_of_range | estimated 42.3°F, bucket 42-43°F, price 0.01",,2026-03-24 16:38:50.006138+00
1967,ruth-pws-klga-20260324-163850140,wendy,KLGA,info,signal,"PWS anticipation: STRONG (score=1.000), METAR 39.9°F → estimated 45.4°F, bucket 40-41°F → 44-45°F","{""gap"": ""1.99"", ""conf"": ""1.00"", ""ramp"": ""5.49"", ""score"": 1, ""current"": ""40-41°F"", ""predicted"": ""44-45°F"", ""tEstimated"": ""7.44""}",2026-03-24 16:38:50.144239+00
1968,ruth-pws-klga-20260324-163850140,wendy,KLGA,info,signal,"PWS already anticipated 44-45°F, skipping duplicate buy",,2026-03-24 16:38:50.144702+00
1969,ruth-pws-kmia-20260324-163850325,wendy,KMIA,info,signal,"PWS already anticipated 82-83°F, skipping duplicate buy",,2026-03-24 16:38:50.32841+00
1970,ruth-pws-kmia-20260324-163850325,wendy,KMIA,info,signal,"PWS anticipation: STRONG (score=0.900), METAR 79.0°F → estimated 82.6°F, bucket 78-79°F → 82-83°F","{""gap"": ""3.12"", ""conf"": ""1.00"", ""ramp"": ""-0.55"", ""score"": 0.9, ""current"": ""78-79°F"", ""predicted"": ""82-83°F"", ""tEstimated"": ""28.12""}",2026-03-24 16:38:50.328804+00
1971,ruth-pws-katl-20260324-163850469,wendy,KATL,info,signal,"PWS anticipation: STRONG (score=1.000), METAR 60.1°F → estimated 65.5°F, bucket 60-61°F → 64-65°F","{""gap"": ""2.29"", ""conf"": ""1.00"", ""ramp"": ""4.64"", ""score"": 1, ""current"": ""60-61°F"", ""predicted"": ""64-65°F"", ""tEstimated"": ""18.59""}",2026-03-24 16:38:50.472586+00
1972,ruth-pws-katl-20260324-163850469,wendy,KATL,info,signal,"PWS already anticipated 64-65°F, skipping duplicate buy",,2026-03-24 16:38:50.473067+00
1973,ruth-pws-cyyz-20260324-163850913,wendy,CYYZ,info,signal,"PWS anticipation: STRONG (score=1.000), METAR 1.0°C → estimated 3.6°C, bucket 1°C → 4°C","{""gap"": ""2.17"", ""conf"": ""1.00"", ""ramp"": ""5.09"", ""score"": 1, ""current"": ""1°C"", ""predicted"": ""4°C"", ""tEstimated"": ""3.61""}",2026-03-24 16:38:50.916628+00
1974,ruth-pws-cyyz-20260324-163850913,wendy,CYYZ,info,signal,"PWS already anticipated 4°C, skipping duplicate buy",,2026-03-24 16:38:50.917287+00
1975,ruth-pws-kdal-20260324-163949960,wendy,KDAL,info,signal,"PWS anticipation: STRONG (score=1.000), METAR 70.0°F → estimated 73.4°F, bucket 70-71°F → 72-73°F","{""gap"": ""1.79"", ""conf"": ""1.00"", ""ramp"": ""2.18"", ""score"": 1, ""current"": ""70-71°F"", ""predicted"": ""72-73°F"", ""tEstimated"": ""23.01""}",2026-03-24 16:39:49.980467+00
1976,ruth-pws-kord-20260324-163950226,wendy,KORD,info,signal,"PWS anticipation: STRONG (score=0.811), METAR 39.9°F → estimated 42.2°F, bucket 40-41°F → 42-43°F","{""gap"": ""1.38"", ""conf"": ""1.00"", ""ramp"": ""0.50"", ""score"": 0.8109639554252714, ""current"": ""40-41°F"", ""predicted"": ""42-43°F"", ""tEstimated"": ""5.65""}",2026-03-24 16:39:50.230353+00
1977,ruth-pws-kord-20260324-163950226,wendy,KORD,info,guard,"PWS guards blocked: price_out_of_range | estimated 42.2°F, bucket 42-43°F, price 0.01",,2026-03-24 16:39:50.246123+00
1978,ruth-pws-klga-20260324-163950460,wendy,KLGA,info,signal,"PWS anticipation: STRONG (score=1.000), METAR 39.9°F → estimated 45.5°F, bucket 40-41°F → 44-45°F","{""gap"": ""2.32"", ""conf"": ""1.00"", ""ramp"": ""4.87"", ""score"": 1, ""current"": ""40-41°F"", ""predicted"": ""44-45°F"", ""tEstimated"": ""7.49""}",2026-03-24 16:39:50.463535+00
1979,ruth-pws-klga-20260324-163950460,wendy,KLGA,info,signal,"PWS already anticipated 44-45°F, skipping duplicate buy",,2026-03-24 16:39:50.470609+00
1980,ruth-pws-kmia-20260324-163950649,wendy,KMIA,info,signal,"PWS anticipation: STRONG (score=0.900), METAR 79.0°F → estimated 82.9°F, bucket 78-79°F → 82-83°F","{""gap"": ""3.12"", ""conf"": ""1.00"", ""ramp"": ""0.00"", ""score"": 0.9, ""current"": ""78-79°F"", ""predicted"": ""82-83°F"", ""tEstimated"": ""28.29""}",2026-03-24 16:39:50.652373+00
1981,ruth-pws-kmia-20260324-163950649,wendy,KMIA,info,signal,"PWS already anticipated 82-83°F, skipping duplicate buy",,2026-03-24 16:39:50.652734+00
1982,ruth-pws-katl-20260324-163950863,wendy,KATL,info,signal,"PWS already anticipated 64-65°F, skipping duplicate buy",,2026-03-24 16:39:50.870361+00
1983,ruth-pws-katl-20260324-163950863,wendy,KATL,info,signal,"PWS anticipation: STRONG (score=1.000), METAR 60.1°F → estimated 64.9°F, bucket 60-61°F → 64-65°F","{""gap"": ""2.29"", ""conf"": ""1.00"", ""ramp"": ""3.53"", ""score"": 1, ""current"": ""60-61°F"", ""predicted"": ""64-65°F"", ""tEstimated"": ""18.26""}",2026-03-24 16:39:50.870895+00
1984,ruth-pws-cyyz-20260324-163951449,wendy,CYYZ,info,signal,"PWS anticipation: STRONG (score=1.000), METAR 1.0°C → estimated 3.3°C, bucket 1°C → 3°C","{""gap"": ""2.17"", ""conf"": ""1.00"", ""ramp"": ""4.10"", ""score"": 1, ""current"": ""1°C"", ""predicted"": ""3°C"", ""tEstimated"": ""3.31""}",2026-03-24 16:39:51.452814+00
1985,ruth-pws-cyyz-20260324-163951449,wendy,CYYZ,info,signal,"PWS already anticipated 4°C, skipping duplicate buy",,2026-03-24 16:39:51.453068+00
1986,ruth-pws-kdal-20260324-164049893,wendy,KDAL,info,signal,"PWS anticipation: STRONG (score=0.977), METAR 70.0°F → estimated 73.5°F, bucket 70-71°F → 74-75°F","{""gap"": ""1.68"", ""conf"": ""1.00"", ""ramp"": ""2.67"", ""score"": 0.9774999999999998, ""current"": ""70-71°F"", ""predicted"": ""74-75°F"", ""tEstimated"": ""23.07""}",2026-03-24 16:40:49.905058+00
1987,ruth-pws-kord-20260324-164050121,wendy,KORD,info,signal,"PWS anticipation: STRONG (score=0.742), METAR 39.9°F → estimated 42.0°F, bucket 40-41°F → 42-43°F","{""gap"": ""1.38"", ""conf"": ""1.00"", ""ramp"": ""0.16"", ""score"": 0.7422841663317175, ""current"": ""40-41°F"", ""predicted"": ""42-43°F"", ""tEstimated"": ""5.55""}",2026-03-24 16:40:50.125473+00
1988,ruth-pws-kord-20260324-164050121,wendy,KORD,info,guard,"PWS guards blocked: price_out_of_range | estimated 42.0°F, bucket 42-43°F, price 0.01",,2026-03-24 16:40:50.135186+00
1989,ruth-pws-klga-20260324-164050304,wendy,KLGA,info,signal,"PWS anticipation: STRONG (score=1.000), METAR 39.9°F → estimated 45.4°F, bucket 40-41°F → 44-45°F","{""gap"": ""2.32"", ""conf"": ""1.00"", ""ramp"": ""4.79"", ""score"": 1, ""current"": ""40-41°F"", ""predicted"": ""44-45°F"", ""tEstimated"": ""7.46""}",2026-03-24 16:40:50.306891+00
1990,ruth-pws-klga-20260324-164050304,wendy,KLGA,info,signal,"PWS already anticipated 44-45°F, skipping duplicate buy",,2026-03-24 16:40:50.307488+00
1991,ruth-pws-kmia-20260324-164050471,wendy,KMIA,info,signal,"PWS anticipation: STRONG (score=0.900), METAR 79.0°F → estimated 82.8°F, bucket 78-79°F → 82-83°F","{""gap"": ""3.07"", ""conf"": ""1.00"", ""ramp"": ""-0.15"", ""score"": 0.9, ""current"": ""78-79°F"", ""predicted"": ""82-83°F"", ""tEstimated"": ""28.20""}",2026-03-24 16:40:50.474068+00
1992,ruth-pws-kmia-20260324-164050471,wendy,KMIA,info,signal,"PWS already anticipated 82-83°F, skipping duplicate buy",,2026-03-24 16:40:50.474459+00
1993,ruth-pws-katl-20260324-164050720,wendy,KATL,info,signal,"PWS anticipation: STRONG (score=1.000), METAR 60.1°F → estimated 64.6°F, bucket 60-61°F → 64-65°F","{""gap"": ""2.23"", ""conf"": ""1.00"", ""ramp"": ""3.21"", ""score"": 1, ""current"": ""60-61°F"", ""predicted"": ""64-65°F"", ""tEstimated"": ""18.13""}",2026-03-24 16:40:50.723805+00
1994,ruth-pws-katl-20260324-164050720,wendy,KATL,info,signal,"PWS already anticipated 64-65°F, skipping duplicate buy",,2026-03-24 16:40:50.724381+00
1995,ruth-pws-cyyz-20260324-164051314,wendy,CYYZ,info,signal,"PWS anticipation: STRONG (score=1.000), METAR 1.0°C → estimated 3.0°C, bucket 1°C → 3°C","{""gap"": ""2.17"", ""conf"": ""1.00"", ""ramp"": ""3.05"", ""score"": 1, ""current"": ""1°C"", ""predicted"": ""3°C"", ""tEstimated"": ""3.00""}",2026-03-24 16:40:51.317744+00
1996,ruth-pws-cyyz-20260324-164051314,wendy,CYYZ,info,signal,"PWS already anticipated 4°C, skipping duplicate buy",,2026-03-24 16:40:51.318171+00
1997,ruth-pws-kdal-20260324-164149838,wendy,KDAL,info,signal,"PWS anticipation: STRONG (score=1.000), METAR 70.0°F → estimated 74.6°F, bucket 70-71°F → 74-75°F","{""gap"": ""2.18"", ""conf"": ""1.00"", ""ramp"": ""3.54"", ""score"": 1, ""current"": ""70-71°F"", ""predicted"": ""74-75°F"", ""tEstimated"": ""23.69""}",2026-03-24 16:41:49.854499+00
1998,ruth-pws-kord-20260324-164149983,wendy,KORD,info,signal,"PWS anticipation: STRONG (score=0.722), METAR 39.9°F → estimated 41.9°F, bucket 40-41°F → 42-43°F","{""gap"": ""1.38"", ""conf"": ""1.00"", ""ramp"": ""0.06"", ""score"": 0.7221014192018552, ""current"": ""40-41°F"", ""predicted"": ""42-43°F"", ""tEstimated"": ""5.52""}",2026-03-24 16:41:49.987022+00
1999,ruth-pws-kord-20260324-164149983,wendy,KORD,info,guard,"PWS guards blocked: price_out_of_range | estimated 41.9°F, bucket 42-43°F, price 0.01",,2026-03-24 16:41:49.996411+00
2001,ruth-pws-klga-20260324-164150139,wendy,KLGA,info,signal,"PWS anticipation: STRONG (score=1.000), METAR 39.9°F → estimated 44.5°F, bucket 40-41°F → 44-45°F","{""gap"": ""2.32"", ""conf"": ""1.00"", ""ramp"": ""3.06"", ""score"": 1, ""current"": ""40-41°F"", ""predicted"": ""44-45°F"", ""tEstimated"": ""6.94""}",2026-03-24 16:41:50.142583+00
2000,ruth-pws-klga-20260324-164150139,wendy,KLGA,info,signal,"PWS already anticipated 44-45°F, skipping duplicate buy",,2026-03-24 16:41:50.142639+00
2002,ruth-pws-kmia-20260324-164150294,wendy,KMIA,info,signal,"PWS anticipation: STRONG (score=0.900), METAR 79.0°F → estimated 82.7°F, bucket 78-79°F → 82-83°F","{""gap"": ""3.07"", ""conf"": ""1.00"", ""ramp"": ""-0.27"", ""score"": 0.9, ""current"": ""78-79°F"", ""predicted"": ""82-83°F"", ""tEstimated"": ""28.16""}",2026-03-24 16:41:50.297373+00
2003,ruth-pws-kmia-20260324-164150294,wendy,KMIA,info,signal,"PWS already anticipated 82-83°F, skipping duplicate buy",,2026-03-24 16:41:50.297772+00
2004,ruth-pws-katl-20260324-164150433,wendy,KATL,info,signal,"PWS anticipation: STRONG (score=1.000), METAR 60.1°F → estimated 64.4°F, bucket 60-61°F → 64-65°F","{""gap"": ""2.23"", ""conf"": ""1.00"", ""ramp"": ""2.70"", ""score"": 1, ""current"": ""60-61°F"", ""predicted"": ""64-65°F"", ""tEstimated"": ""17.97""}",2026-03-24 16:41:50.437046+00
2005,ruth-pws-katl-20260324-164150433,wendy,KATL,info,signal,"PWS already anticipated 64-65°F, skipping duplicate buy",,2026-03-24 16:41:50.437368+00
2007,ruth-pws-cyyz-20260324-164151038,wendy,CYYZ,info,signal,"PWS already anticipated 4°C, skipping duplicate buy",,2026-03-24 16:41:51.041463+00
2006,ruth-pws-cyyz-20260324-164151038,wendy,CYYZ,info,signal,"PWS anticipation: STRONG (score=1.000), METAR 1.0°C → estimated 2.9°C, bucket 1°C → 3°C","{""gap"": ""2.17"", ""conf"": ""1.00"", ""ramp"": ""2.58"", ""score"": 1, ""current"": ""1°C"", ""predicted"": ""3°C"", ""tEstimated"": ""2.86""}",2026-03-24 16:41:51.041599+00
2008,ruth-pws-kdal-20260324-164249902,wendy,KDAL,info,signal,"PWS anticipation: STRONG (score=1.000), METAR 70.0°F → estimated 76.3°F, bucket 70-71°F → 76-77°F","{""gap"": ""2.29"", ""conf"": ""1.00"", ""ramp"": ""6.32"", ""score"": 1, ""current"": ""70-71°F"", ""predicted"": ""76-77°F"", ""tEstimated"": ""24.60""}",2026-03-24 16:42:49.920379+00
2009,ruth-pws-kord-20260324-164250150,wendy,KORD,info,signal,"PWS anticipation: STRONG (score=0.775), METAR 39.9°F → estimated 42.2°F, bucket 40-41°F → 42-43°F","{""gap"": ""1.49"", ""conf"": ""1.00"", ""ramp"": ""0.20"", ""score"": 0.7753840924460189, ""current"": ""40-41°F"", ""predicted"": ""42-43°F"", ""tEstimated"": ""5.65""}",2026-03-24 16:42:50.15354+00
2010,ruth-pws-kord-20260324-164250150,wendy,KORD,info,guard,"PWS guards blocked: price_out_of_range | estimated 42.2°F, bucket 42-43°F, price 0.01",,2026-03-24 16:42:50.170027+00
2011,ruth-pws-klga-20260324-164250329,wendy,KLGA,info,signal,"PWS anticipation: STRONG (score=1.000), METAR 39.9°F → estimated 43.0°F, bucket 40-41°F → 42-43°F","{""gap"": ""1.82"", ""conf"": ""1.00"", ""ramp"": ""1.52"", ""score"": 1, ""current"": ""40-41°F"", ""predicted"": ""42-43°F"", ""tEstimated"": ""6.13""}",2026-03-24 16:42:50.333351+00
2012,ruth-pws-klga-20260324-164250329,wendy,KLGA,info,signal,"PWS already anticipated 44-45°F, skipping duplicate buy",,2026-03-24 16:42:50.339867+00
2013,ruth-pws-kmia-20260324-164250477,wendy,KMIA,info,signal,"PWS already anticipated 82-83°F, skipping duplicate buy",,2026-03-24 16:42:50.481386+00
2014,ruth-pws-kmia-20260324-164250477,wendy,KMIA,info,signal,"PWS anticipation: STRONG (score=0.900), METAR 79.0°F → estimated 82.6°F, bucket 78-79°F → 82-83°F","{""gap"": ""3.07"", ""conf"": ""1.00"", ""ramp"": ""-0.42"", ""score"": 0.9, ""current"": ""78-79°F"", ""predicted"": ""82-83°F"", ""tEstimated"": ""28.12""}",2026-03-24 16:42:50.48175+00
2015,ruth-pws-katl-20260324-164250671,wendy,KATL,info,signal,"PWS anticipation: STRONG (score=1.000), METAR 60.1°F → estimated 63.9°F, bucket 60-61°F → 64-65°F","{""gap"": ""2.23"", ""conf"": ""1.00"", ""ramp"": ""1.84"", ""score"": 1, ""current"": ""60-61°F"", ""predicted"": ""64-65°F"", ""tEstimated"": ""17.71""}",2026-03-24 16:42:50.674217+00
2016,ruth-pws-katl-20260324-164250671,wendy,KATL,info,signal,"PWS already anticipated 64-65°F, skipping duplicate buy",,2026-03-24 16:42:50.674547+00
2018,ruth-pws-cyyz-20260324-164251139,wendy,CYYZ,info,signal,"PWS anticipation: STRONG (score=0.924), METAR 1.0°C → estimated 2.1°C, bucket 1°C → 2°C","{""gap"": ""2.17"", ""conf"": ""1.00"", ""ramp"": ""0.18"", ""score"": 0.9238798922439169, ""current"": ""1°C"", ""predicted"": ""2°C"", ""tEstimated"": ""2.14""}",2026-03-24 16:42:51.142125+00
2017,ruth-pws-cyyz-20260324-164251139,wendy,CYYZ,info,signal,"PWS already anticipated 4°C, skipping duplicate buy",,2026-03-24 16:42:51.142609+00
2019,ruth-pws-kdal-20260324-164349810,wendy,KDAL,info,signal,"PWS anticipation: STRONG (score=1.000), METAR 70.0°F → estimated 76.2°F, bucket 70-71°F → 76-77°F","{""gap"": ""2.29"", ""conf"": ""1.00"", ""ramp"": ""6.24"", ""score"": 1, ""current"": ""70-71°F"", ""predicted"": ""76-77°F"", ""tEstimated"": ""24.57""}",2026-03-24 16:43:49.824299+00
2020,ruth-pws-kord-20260324-164349982,wendy,KORD,info,signal,"PWS anticipation: STRONG (score=0.808), METAR 39.9°F → estimated 42.3°F, bucket 40-41°F → 42-43°F","{""gap"": ""1.49"", ""conf"": ""1.00"", ""ramp"": ""0.36"", ""score"": 0.8077062970461346, ""current"": ""40-41°F"", ""predicted"": ""42-43°F"", ""tEstimated"": ""5.70""}",2026-03-24 16:43:49.98606+00
2021,ruth-pws-kord-20260324-164349982,wendy,KORD,info,guard,"PWS guards blocked: price_out_of_range | estimated 42.3°F, bucket 42-43°F, price 0.01",,2026-03-24 16:43:49.99958+00
2022,ruth-pws-klga-20260324-164350309,wendy,KLGA,info,signal,"PWS anticipation: STRONG (score=0.810), METAR 39.9°F → estimated 42.2°F, bucket 40-41°F → 42-43°F","{""gap"": ""1.82"", ""conf"": ""1.00"", ""ramp"": ""-0.08"", ""score"": 0.8100000000000003, ""current"": ""40-41°F"", ""predicted"": ""42-43°F"", ""tEstimated"": ""5.65""}",2026-03-24 16:43:50.312985+00
2023,ruth-pws-klga-20260324-164350309,wendy,KLGA,info,signal,"PWS already anticipated 44-45°F, skipping duplicate buy",,2026-03-24 16:43:50.313344+00
2024,ruth-pws-kmia-20260324-164350565,wendy,KMIA,info,signal,"PWS anticipation: STRONG (score=0.900), METAR 79.0°F → estimated 82.6°F, bucket 78-79°F → 82-83°F","{""gap"": ""3.07"", ""conf"": ""1.00"", ""ramp"": ""-0.48"", ""score"": 0.9, ""current"": ""78-79°F"", ""predicted"": ""82-83°F"", ""tEstimated"": ""28.10""}",2026-03-24 16:43:50.568367+00
2025,ruth-pws-kmia-20260324-164350565,wendy,KMIA,info,signal,"PWS already anticipated 82-83°F, skipping duplicate buy",,2026-03-24 16:43:50.568804+00
2026,ruth-pws-katl-20260324-164350780,wendy,KATL,info,signal,"PWS anticipation: STRONG (score=1.000), METAR 60.1°F → estimated 63.3°F, bucket 60-61°F → 62-63°F","{""gap"": ""2.23"", ""conf"": ""1.00"", ""ramp"": ""0.79"", ""score"": 1, ""current"": ""60-61°F"", ""predicted"": ""62-63°F"", ""tEstimated"": ""17.40""}",2026-03-24 16:43:50.783722+00
2027,ruth-pws-katl-20260324-164350780,wendy,KATL,info,signal,"PWS already anticipated 64-65°F, skipping duplicate buy",,2026-03-24 16:43:50.784124+00
2028,ruth-pws-cyyz-20260324-164351431,wendy,CYYZ,info,signal,"PWS anticipation: STRONG (score=0.888), METAR 1.0°C → estimated 2.1°C, bucket 1°C → 2°C","{""gap"": ""2.17"", ""conf"": ""1.00"", ""ramp"": ""0.00"", ""score"": 0.8875000000000004, ""current"": ""1°C"", ""predicted"": ""2°C"", ""tEstimated"": ""2.08""}",2026-03-24 16:43:51.433969+00
2029,ruth-pws-cyyz-20260324-164351431,wendy,CYYZ,info,signal,"PWS already anticipated 4°C, skipping duplicate buy",,2026-03-24 16:43:51.434181+00
2030,ruth-pws-kdal-20260324-164449888,wendy,KDAL,info,signal,"PWS anticipation: STRONG (score=1.000), METAR 70.0°F → estimated 75.9°F, bucket 70-71°F → 76-77°F","{""gap"": ""2.29"", ""conf"": ""1.00"", ""ramp"": ""5.61"", ""score"": 1, ""current"": ""70-71°F"", ""predicted"": ""76-77°F"", ""tEstimated"": ""24.38""}",2026-03-24 16:44:49.898673+00
2031,ruth-pws-kord-20260324-164450052,wendy,KORD,info,signal,"PWS anticipation: STRONG (score=0.905), METAR 39.9°F → estimated 42.6°F, bucket 40-41°F → 42-43°F","{""gap"": ""1.60"", ""conf"": ""1.00"", ""ramp"": ""0.73"", ""score"": 0.9054277689139711, ""current"": ""40-41°F"", ""predicted"": ""42-43°F"", ""tEstimated"": ""5.90""}",2026-03-24 16:44:50.056158+00
2032,ruth-pws-kord-20260324-164450052,wendy,KORD,info,guard,"PWS guards blocked: price_out_of_range | estimated 42.6°F, bucket 42-43°F, price 0.01",,2026-03-24 16:44:50.067872+00
2033,ruth-pws-klga-20260324-164450306,wendy,KLGA,info,signal,"PWS anticipation: STRONG (score=0.847), METAR 39.9°F → estimated 42.1°F, bucket 40-41°F → 42-43°F","{""gap"": ""1.99"", ""conf"": ""1.00"", ""ramp"": ""-0.65"", ""score"": 0.8474999999999999, ""current"": ""40-41°F"", ""predicted"": ""42-43°F"", ""tEstimated"": ""5.60""}",2026-03-24 16:44:50.308737+00
2034,ruth-pws-klga-20260324-164450306,wendy,KLGA,info,signal,"PWS already anticipated 44-45°F, skipping duplicate buy",,2026-03-24 16:44:50.309282+00
2035,ruth-pws-kmia-20260324-164450448,wendy,KMIA,info,signal,"PWS anticipation: STRONG (score=0.900), METAR 79.0°F → estimated 82.6°F, bucket 78-79°F → 82-83°F","{""gap"": ""3.07"", ""conf"": ""1.00"", ""ramp"": ""-0.45"", ""score"": 0.9, ""current"": ""78-79°F"", ""predicted"": ""82-83°F"", ""tEstimated"": ""28.11""}",2026-03-24 16:44:50.453108+00
2036,ruth-pws-kmia-20260324-164450448,wendy,KMIA,info,signal,"PWS already anticipated 82-83°F, skipping duplicate buy",,2026-03-24 16:44:50.453858+00
2037,ruth-pws-katl-20260324-164450663,wendy,KATL,info,signal,"PWS anticipation: STRONG (score=1.000), METAR 60.1°F → estimated 63.2°F, bucket 60-61°F → 62-63°F","{""gap"": ""2.23"", ""conf"": ""1.00"", ""ramp"": ""0.61"", ""score"": 1, ""current"": ""60-61°F"", ""predicted"": ""62-63°F"", ""tEstimated"": ""17.34""}",2026-03-24 16:44:50.667366+00
2038,ruth-pws-katl-20260324-164450663,wendy,KATL,info,signal,"PWS already anticipated 64-65°F, skipping duplicate buy",,2026-03-24 16:44:50.667663+00
2039,ruth-pws-cyyz-20260324-164451222,wendy,CYYZ,info,signal,"PWS anticipation: STRONG (score=0.888), METAR 1.0°C → estimated 2.1°C, bucket 1°C → 2°C","{""gap"": ""2.17"", ""conf"": ""1.00"", ""ramp"": ""0.00"", ""score"": 0.8875000000000025, ""current"": ""1°C"", ""predicted"": ""2°C"", ""tEstimated"": ""2.08""}",2026-03-24 16:44:51.225264+00
2040,ruth-pws-cyyz-20260324-164451222,wendy,CYYZ,info,signal,"PWS already anticipated 4°C, skipping duplicate buy",,2026-03-24 16:44:51.225909+00
2041,ruth-pws-kdal-20260324-164549835,wendy,KDAL,info,signal,"PWS anticipation: STRONG (score=1.000), METAR 70.0°F → estimated 75.4°F, bucket 70-71°F → 74-75°F","{""gap"": ""2.29"", ""conf"": ""1.00"", ""ramp"": ""4.73"", ""score"": 1, ""current"": ""70-71°F"", ""predicted"": ""74-75°F"", ""tEstimated"": ""24.12""}",2026-03-24 16:45:49.85236+00
2042,ruth-pws-kord-20260324-164550024,wendy,KORD,info,signal,"PWS anticipation: STRONG (score=0.985), METAR 39.9°F → estimated 43.2°F, bucket 40-41°F → 42-43°F","{""gap"": ""1.71"", ""conf"": ""1.00"", ""ramp"": ""1.56"", ""score"": 0.9849999999999999, ""current"": ""40-41°F"", ""predicted"": ""42-43°F"", ""tEstimated"": ""6.24""}",2026-03-24 16:45:50.028712+00
2043,ruth-pws-kord-20260324-164550024,wendy,KORD,info,guard,"PWS guards blocked: price_out_of_range | estimated 43.2°F, bucket 42-43°F, price 0.01",,2026-03-24 16:45:50.051267+00
2044,ruth-pws-klga-20260324-164550199,wendy,KLGA,info,signal,"PWS anticipation: STRONG (score=0.897), METAR 39.9°F → estimated 42.4°F, bucket 40-41°F → 42-43°F","{""gap"": ""2.21"", ""conf"": ""1.00"", ""ramp"": ""-0.48"", ""score"": 0.8974999999999997, ""current"": ""40-41°F"", ""predicted"": ""42-43°F"", ""tEstimated"": ""5.80""}",2026-03-24 16:45:50.205129+00
2045,ruth-pws-klga-20260324-164550199,wendy,KLGA,info,signal,"PWS already anticipated 44-45°F, skipping duplicate buy",,2026-03-24 16:45:50.217435+00
2046,ruth-pws-kmia-20260324-164550352,wendy,KMIA,info,signal,"PWS anticipation: STRONG (score=0.900), METAR 79.0°F → estimated 82.8°F, bucket 78-79°F → 82-83°F","{""gap"": ""3.12"", ""conf"": ""1.00"", ""ramp"": ""-0.30"", ""score"": 0.9, ""current"": ""78-79°F"", ""predicted"": ""82-83°F"", ""tEstimated"": ""28.19""}",2026-03-24 16:45:50.355458+00
2047,ruth-pws-kmia-20260324-164550352,wendy,KMIA,info,signal,"PWS already anticipated 82-83°F, skipping duplicate buy",,2026-03-24 16:45:50.35609+00
2048,ruth-pws-katl-20260324-164550511,wendy,KATL,info,signal,"PWS anticipation: STRONG (score=0.828), METAR 60.1°F → estimated 61.6°F, bucket 60-61°F → 62-63°F","{""gap"": ""1.90"", ""conf"": ""1.00"", ""ramp"": ""-1.58"", ""score"": 0.8275000000000001, ""current"": ""60-61°F"", ""predicted"": ""62-63°F"", ""tEstimated"": ""16.46""}",2026-03-24 16:45:50.514452+00
2049,ruth-pws-katl-20260324-164550511,wendy,KATL,info,signal,"PWS already anticipated 64-65°F, skipping duplicate buy",,2026-03-24 16:45:50.514937+00
2050,ruth-pws-cyyz-20260324-164551009,wendy,CYYZ,info,signal,"PWS anticipation: STRONG (score=1.000), METAR 1.0°C → estimated 2.8°C, bucket 1°C → 3°C","{""gap"": ""2.72"", ""conf"": ""1.00"", ""ramp"": ""1.51"", ""score"": 1, ""current"": ""1°C"", ""predicted"": ""3°C"", ""tEstimated"": ""2.82""}",2026-03-24 16:45:51.013517+00
2051,ruth-pws-cyyz-20260324-164551009,wendy,CYYZ,info,signal,"PWS already anticipated 4°C, skipping duplicate buy",,2026-03-24 16:45:51.01392+00
2052,ruth-pws-kdal-20260324-164649918,wendy,KDAL,info,signal,"PWS anticipation: STRONG (score=1.000), METAR 70.0°F → estimated 75.0°F, bucket 70-71°F → 74-75°F","{""gap"": ""2.29"", ""conf"": ""1.00"", ""ramp"": ""3.88"", ""score"": 1, ""current"": ""70-71°F"", ""predicted"": ""74-75°F"", ""tEstimated"": ""23.87""}",2026-03-24 16:46:49.935439+00
2053,ruth-pws-kord-20260324-164650109,wendy,KORD,info,signal,"PWS anticipation: STRONG (score=0.985), METAR 39.9°F → estimated 43.6°F, bucket 40-41°F → 44-45°F","{""gap"": ""1.71"", ""conf"": ""1.00"", ""ramp"": ""2.18"", ""score"": 0.9849999999999999, ""current"": ""40-41°F"", ""predicted"": ""44-45°F"", ""tEstimated"": ""6.42""}",2026-03-24 16:46:50.113859+00
2054,ruth-pws-kord-20260324-164650109,wendy,KORD,info,guard,"PWS guards blocked: price_out_of_range | estimated 43.6°F, bucket 44-45°F, price 0.01",,2026-03-24 16:46:50.124667+00
2055,ruth-pws-klga-20260324-164650273,wendy,KLGA,info,signal,"PWS anticipation: STRONG (score=0.955), METAR 39.9°F → estimated 43.0°F, bucket 40-41°F → 42-43°F","{""gap"": ""2.32"", ""conf"": ""1.00"", ""ramp"": ""0.27"", ""score"": 0.9545641475333961, ""current"": ""40-41°F"", ""predicted"": ""42-43°F"", ""tEstimated"": ""6.11""}",2026-03-24 16:46:50.276684+00
2056,ruth-pws-klga-20260324-164650273,wendy,KLGA,info,signal,"PWS already anticipated 44-45°F, skipping duplicate buy",,2026-03-24 16:46:50.277124+00
2057,ruth-pws-kmia-20260324-164650411,wendy,KMIA,info,signal,"PWS anticipation: STRONG (score=0.900), METAR 79.0°F → estimated 82.8°F, bucket 78-79°F → 82-83°F","{""gap"": ""3.12"", ""conf"": ""1.00"", ""ramp"": ""-0.15"", ""score"": 0.9, ""current"": ""78-79°F"", ""predicted"": ""82-83°F"", ""tEstimated"": ""28.24""}",2026-03-24 16:46:50.414897+00
2058,ruth-pws-kmia-20260324-164650411,wendy,KMIA,info,signal,"PWS already anticipated 82-83°F, skipping duplicate buy",,2026-03-24 16:46:50.415314+00
2059,ruth-pws-cyyz-20260324-164651163,wendy,CYYZ,info,signal,"PWS already anticipated 4°C, skipping duplicate buy",,2026-03-24 16:46:51.166763+00
2060,ruth-pws-cyyz-20260324-164651163,wendy,CYYZ,info,signal,"PWS anticipation: STRONG (score=1.000), METAR 1.0°C → estimated 3.2°C, bucket 1°C → 3°C","{""gap"": ""2.72"", ""conf"": ""1.00"", ""ramp"": ""2.73"", ""score"": 1, ""current"": ""1°C"", ""predicted"": ""3°C"", ""tEstimated"": ""3.18""}",2026-03-24 16:46:51.167096+00
2061,ruth-pws-kdal-20260324-164749839,wendy,KDAL,info,signal,"PWS anticipation: STRONG (score=1.000), METAR 70.0°F → estimated 75.2°F, bucket 70-71°F → 74-75°F","{""gap"": ""2.40"", ""conf"": ""1.00"", ""ramp"": ""4.14"", ""score"": 1, ""current"": ""70-71°F"", ""predicted"": ""74-75°F"", ""tEstimated"": ""24.02""}",2026-03-24 16:47:49.853276+00
2062,ruth-pws-kord-20260324-164750022,wendy,KORD,info,signal,"PWS anticipation: STRONG (score=0.985), METAR 39.9°F → estimated 43.8°F, bucket 40-41°F → 44-45°F","{""gap"": ""1.71"", ""conf"": ""1.00"", ""ramp"": ""2.61"", ""score"": 0.9849999999999999, ""current"": ""40-41°F"", ""predicted"": ""44-45°F"", ""tEstimated"": ""6.55""}",2026-03-24 16:47:50.026592+00
2063,ruth-pws-kord-20260324-164750022,wendy,KORD,info,guard,"PWS guards blocked: price_out_of_range | estimated 43.8°F, bucket 44-45°F, price 0.01",,2026-03-24 16:47:50.036622+00
2064,ruth-pws-klga-20260324-164750193,wendy,KLGA,info,signal,"PWS anticipation: STRONG (score=1.000), METAR 39.9°F → estimated 43.1°F, bucket 40-41°F → 42-43°F","{""gap"": ""2.32"", ""conf"": ""1.00"", ""ramp"": ""0.53"", ""score"": 1, ""current"": ""40-41°F"", ""predicted"": ""42-43°F"", ""tEstimated"": ""6.18""}",2026-03-24 16:47:50.198653+00
2065,ruth-pws-klga-20260324-164750193,wendy,KLGA,info,signal,"PWS already anticipated 44-45°F, skipping duplicate buy",,2026-03-24 16:47:50.199163+00
2066,ruth-pws-kmia-20260324-164750353,wendy,KMIA,info,signal,"PWS already anticipated 82-83°F, skipping duplicate buy",,2026-03-24 16:47:50.359133+00
2067,ruth-pws-kmia-20260324-164750353,wendy,KMIA,info,signal,"PWS anticipation: STRONG (score=0.920), METAR 79.0°F → estimated 83.0°F, bucket 78-79°F → 82-83°F","{""gap"": ""3.12"", ""conf"": ""1.00"", ""ramp"": ""0.10"", ""score"": 0.9201968850786736, ""current"": ""78-79°F"", ""predicted"": ""82-83°F"", ""tEstimated"": ""28.32""}",2026-03-24 16:47:50.359401+00
2068,ruth-pws-cyyz-20260324-164751056,wendy,CYYZ,info,signal,"PWS anticipation: STRONG (score=1.000), METAR 1.0°C → estimated 3.6°C, bucket 1°C → 4°C","{""gap"": ""2.72"", ""conf"": ""1.00"", ""ramp"": ""4.24"", ""score"": 1, ""current"": ""1°C"", ""predicted"": ""4°C"", ""tEstimated"": ""3.63""}",2026-03-24 16:47:51.059862+00
2069,ruth-pws-cyyz-20260324-164751056,wendy,CYYZ,info,signal,"PWS already anticipated 4°C, skipping duplicate buy",,2026-03-24 16:47:51.060509+00
2070,ruth-pws-kdal-20260324-164849907,wendy,KDAL,info,signal,"PWS anticipation: STRONG (score=1.000), METAR 70.0°F → estimated 75.2°F, bucket 70-71°F → 74-75°F","{""gap"": ""2.40"", ""conf"": ""1.00"", ""ramp"": ""4.04"", ""score"": 1, ""current"": ""70-71°F"", ""predicted"": ""74-75°F"", ""tEstimated"": ""23.99""}",2026-03-24 16:48:49.921909+00
2071,ruth-pws-kord-20260324-164850170,wendy,KORD,info,signal,"PWS anticipation: STRONG (score=0.985), METAR 39.9°F → estimated 43.9°F, bucket 40-41°F → 44-45°F","{""gap"": ""1.71"", ""conf"": ""1.00"", ""ramp"": ""2.83"", ""score"": 0.9849999999999999, ""current"": ""40-41°F"", ""predicted"": ""44-45°F"", ""tEstimated"": ""6.62""}",2026-03-24 16:48:50.174516+00
2072,ruth-pws-kord-20260324-164850170,wendy,KORD,info,guard,"PWS guards blocked: price_out_of_range | estimated 43.9°F, bucket 44-45°F, price 0.01",,2026-03-24 16:48:50.193511+00
2073,ruth-pws-klga-20260324-164850435,wendy,KLGA,info,signal,"PWS anticipation: STRONG (score=1.000), METAR 39.9°F → estimated 44.3°F, bucket 40-41°F → 44-45°F","{""gap"": ""2.71"", ""conf"": ""1.00"", ""ramp"": ""1.76"", ""score"": 1, ""current"": ""40-41°F"", ""predicted"": ""44-45°F"", ""tEstimated"": ""6.83""}",2026-03-24 16:48:50.439803+00
2074,ruth-pws-klga-20260324-164850435,wendy,KLGA,info,signal,"PWS already anticipated 44-45°F, skipping duplicate buy",,2026-03-24 16:48:50.44778+00
2075,ruth-pws-kmia-20260324-164850641,wendy,KMIA,info,signal,"PWS already anticipated 82-83°F, skipping duplicate buy",,2026-03-24 16:48:50.645521+00
2076,ruth-pws-kmia-20260324-164850641,wendy,KMIA,info,signal,"PWS anticipation: STRONG (score=0.961), METAR 79.0°F → estimated 83.1°F, bucket 78-79°F → 82-83°F","{""gap"": ""3.12"", ""conf"": ""1.00"", ""ramp"": ""0.30"", ""score"": 0.9606260428954064, ""current"": ""78-79°F"", ""predicted"": ""82-83°F"", ""tEstimated"": ""28.38""}",2026-03-24 16:48:50.646425+00
2077,ruth-pws-cyyz-20260324-164851361,wendy,CYYZ,info,signal,"PWS already anticipated 4°C, skipping duplicate buy",,2026-03-24 16:48:51.365374+00
2078,ruth-pws-cyyz-20260324-164851361,wendy,CYYZ,info,signal,"PWS anticipation: STRONG (score=1.000), METAR 1.0°C → estimated 3.8°C, bucket 1°C → 4°C","{""gap"": ""2.72"", ""conf"": ""1.00"", ""ramp"": ""4.85"", ""score"": 1, ""current"": ""1°C"", ""predicted"": ""4°C"", ""tEstimated"": ""3.82""}",2026-03-24 16:48:51.365708+00
2079,ruth-pws-kdal-20260324-164949805,wendy,KDAL,info,signal,"PWS anticipation: STRONG (score=1.000), METAR 70.0°F → estimated 75.0°F, bucket 70-71°F → 74-75°F","{""gap"": ""2.40"", ""conf"": ""1.00"", ""ramp"": ""3.61"", ""score"": 1, ""current"": ""70-71°F"", ""predicted"": ""74-75°F"", ""tEstimated"": ""23.86""}",2026-03-24 16:49:49.818496+00
2080,ruth-pws-kord-20260324-164950004,wendy,KORD,info,signal,"PWS anticipation: STRONG (score=0.960), METAR 39.9°F → estimated 43.4°F, bucket 40-41°F → 42-43°F","{""gap"": ""1.60"", ""conf"": ""1.00"", ""ramp"": ""2.24"", ""score"": 0.9599999999999995, ""current"": ""40-41°F"", ""predicted"": ""42-43°F"", ""tEstimated"": ""6.35""}",2026-03-24 16:49:50.016056+00
2081,ruth-pws-kord-20260324-164950004,wendy,KORD,info,guard,"PWS guards blocked: price_out_of_range | estimated 43.4°F, bucket 42-43°F, price 0.01",,2026-03-24 16:49:50.027069+00
2082,ruth-pws-klga-20260324-164950198,wendy,KLGA,info,signal,"PWS anticipation: STRONG (score=1.000), METAR 39.9°F → estimated 45.1°F, bucket 40-41°F → 44-45°F","{""gap"": ""2.82"", ""conf"": ""1.00"", ""ramp"": ""2.97"", ""score"": 1, ""current"": ""40-41°F"", ""predicted"": ""44-45°F"", ""tEstimated"": ""7.27""}",2026-03-24 16:49:50.203208+00
2083,ruth-pws-klga-20260324-164950198,wendy,KLGA,info,signal,"PWS already anticipated 44-45°F, skipping duplicate buy",,2026-03-24 16:49:50.203693+00
2084,ruth-pws-kmia-20260324-164950391,wendy,KMIA,info,signal,"PWS anticipation: STRONG (score=0.961), METAR 79.0°F → estimated 83.1°F, bucket 78-79°F → 82-83°F","{""gap"": ""3.12"", ""conf"": ""1.00"", ""ramp"": ""0.30"", ""score"": 0.9606245011601348, ""current"": ""78-79°F"", ""predicted"": ""82-83°F"", ""tEstimated"": ""28.38""}",2026-03-24 16:49:50.394649+00
2085,ruth-pws-kmia-20260324-164950391,wendy,KMIA,info,signal,"PWS already anticipated 82-83°F, skipping duplicate buy",,2026-03-24 16:49:50.395019+00
2086,ruth-pws-cyyz-20260324-164951127,wendy,CYYZ,info,signal,"PWS anticipation: STRONG (score=1.000), METAR 1.0°C → estimated 3.6°C, bucket 1°C → 4°C","{""gap"": ""2.61"", ""conf"": ""1.00"", ""ramp"": ""4.24"", ""score"": 1, ""current"": ""1°C"", ""predicted"": ""4°C"", ""tEstimated"": ""3.58""}",2026-03-24 16:49:51.130758+00
2087,ruth-pws-cyyz-20260324-164951127,wendy,CYYZ,info,signal,"PWS already anticipated 4°C, skipping duplicate buy",,2026-03-24 16:49:51.130957+00
2088,ruth-pws-kdal-20260324-165049879,wendy,KDAL,info,signal,"PWS anticipation: STRONG (score=1.000), METAR 70.0°F → estimated 74.5°F, bucket 70-71°F → 74-75°F","{""gap"": ""2.40"", ""conf"": ""1.00"", ""ramp"": ""2.76"", ""score"": 1, ""current"": ""70-71°F"", ""predicted"": ""74-75°F"", ""tEstimated"": ""23.61""}",2026-03-24 16:50:49.888968+00
2089,ruth-pws-kord-20260324-165050122,wendy,KORD,info,signal,"PWS anticipation: STRONG (score=0.960), METAR 39.9°F → estimated 43.1°F, bucket 40-41°F → 42-43°F","{""gap"": ""1.60"", ""conf"": ""1.00"", ""ramp"": ""1.54"", ""score"": 0.9599999999999995, ""current"": ""40-41°F"", ""predicted"": ""42-43°F"", ""tEstimated"": ""6.14""}",2026-03-24 16:50:50.126332+00
2090,ruth-pws-kord-20260324-165050122,wendy,KORD,info,guard,"PWS guards blocked: price_out_of_range | estimated 43.1°F, bucket 42-43°F, price 0.01",,2026-03-24 16:50:50.135375+00
2091,ruth-pws-klga-20260324-165050301,wendy,KLGA,info,signal,"PWS already anticipated 44-45°F, skipping duplicate buy",,2026-03-24 16:50:50.305279+00
2092,ruth-pws-klga-20260324-165050301,wendy,KLGA,info,signal,"PWS anticipation: STRONG (score=1.000), METAR 39.9°F → estimated 46.1°F, bucket 40-41°F → 46-47°F","{""gap"": ""2.88"", ""conf"": ""1.00"", ""ramp"": ""4.79"", ""score"": 1, ""current"": ""40-41°F"", ""predicted"": ""46-47°F"", ""tEstimated"": ""7.85""}",2026-03-24 16:50:50.305788+00
2093,ruth-pws-kmia-20260324-165050453,wendy,KMIA,info,signal,"PWS anticipation: STRONG (score=0.900), METAR 79.0°F → estimated 82.6°F, bucket 78-79°F → 82-83°F","{""gap"": ""2.90"", ""conf"": ""1.00"", ""ramp"": ""-0.15"", ""score"": 0.9, ""current"": ""78-79°F"", ""predicted"": ""82-83°F"", ""tEstimated"": ""28.08""}",2026-03-24 16:50:50.456459+00
2094,ruth-pws-kmia-20260324-165050453,wendy,KMIA,info,signal,"PWS already anticipated 82-83°F, skipping duplicate buy",,2026-03-24 16:50:50.456709+00
2095,ruth-pws-cyyz-20260324-165051133,wendy,CYYZ,info,signal,"PWS anticipation: STRONG (score=1.000), METAR 1.0°C → estimated 3.4°C, bucket 1°C → 3°C","{""gap"": ""2.50"", ""conf"": ""1.00"", ""ramp"": ""3.70"", ""score"": 1, ""current"": ""1°C"", ""predicted"": ""3°C"", ""tEstimated"": ""3.36""}",2026-03-24 16:50:51.138443+00
2096,ruth-pws-cyyz-20260324-165051133,wendy,CYYZ,info,signal,"PWS already anticipated 4°C, skipping duplicate buy",,2026-03-24 16:50:51.138668+00
2097,ruth-pws-kdal-20260324-165149872,wendy,KDAL,info,signal,"PWS anticipation: STRONG (score=1.000), METAR 70.0°F → estimated 73.5°F, bucket 70-71°F → 74-75°F","{""gap"": ""2.40"", ""conf"": ""1.00"", ""ramp"": ""1.01"", ""score"": 1, ""current"": ""70-71°F"", ""predicted"": ""74-75°F"", ""tEstimated"": ""23.08""}",2026-03-24 16:51:49.885794+00
2098,ruth-pws-kord-20260324-165150154,wendy,KORD,info,signal,"PWS anticipation: STRONG (score=0.985), METAR 39.9°F → estimated 42.9°F, bucket 40-41°F → 42-43°F","{""gap"": ""1.71"", ""conf"": ""1.00"", ""ramp"": ""1.01"", ""score"": 0.9849999999999999, ""current"": ""40-41°F"", ""predicted"": ""42-43°F"", ""tEstimated"": ""6.07""}",2026-03-24 16:51:50.15794+00
2099,ruth-pws-kord-20260324-165150154,wendy,KORD,info,guard,"PWS guards blocked: price_out_of_range | estimated 42.9°F, bucket 42-43°F, price 0.00",,2026-03-24 16:51:50.174598+00
2100,ruth-pws-klga-20260324-165150330,wendy,KLGA,info,signal,"PWS anticipation: STRONG (score=1.000), METAR 39.9°F → estimated 48.0°F, bucket 40-41°F → 48-49°F","{""gap"": ""2.88"", ""conf"": ""1.00"", ""ramp"": ""8.20"", ""score"": 1, ""current"": ""40-41°F"", ""predicted"": ""48-49°F"", ""tEstimated"": ""8.88""}",2026-03-24 16:51:50.335051+00
2101,ruth-pws-klga-20260324-165150330,wendy,KLGA,info,signal,"PWS already anticipated 44-45°F, skipping duplicate buy",,2026-03-24 16:51:50.344338+00
2102,ruth-pws-kmia-20260324-165150520,wendy,KMIA,info,signal,"PWS anticipation: STRONG (score=0.900), METAR 79.0°F → estimated 82.2°F, bucket 78-79°F → 82-83°F","{""gap"": ""2.90"", ""conf"": ""1.00"", ""ramp"": ""-0.87"", ""score"": 0.9, ""current"": ""78-79°F"", ""predicted"": ""82-83°F"", ""tEstimated"": ""27.87""}",2026-03-24 16:51:50.523129+00
2103,ruth-pws-kmia-20260324-165150520,wendy,KMIA,info,signal,"PWS already anticipated 82-83°F, skipping duplicate buy",,2026-03-24 16:51:50.523704+00
2104,ruth-pws-katl-20260324-165150670,wendy,KATL,info,signal,"PWS anticipation: STRONG (score=0.865), METAR 60.1°F → estimated 61.8°F, bucket 60-61°F → 62-63°F","{""gap"": ""2.07"", ""conf"": ""1.00"", ""ramp"": ""-1.58"", ""score"": 0.8650000000000004, ""current"": ""60-61°F"", ""predicted"": ""62-63°F"", ""tEstimated"": ""16.57""}",2026-03-24 16:51:50.673344+00
2105,ruth-pws-katl-20260324-165150670,wendy,KATL,info,signal,"PWS already anticipated 64-65°F, skipping duplicate buy",,2026-03-24 16:51:50.673753+00
2106,ruth-pws-cyyz-20260324-165151226,wendy,CYYZ,info,signal,"PWS anticipation: STRONG (score=1.000), METAR 1.0°C → estimated 2.9°C, bucket 1°C → 3°C","{""gap"": ""2.39"", ""conf"": ""1.00"", ""ramp"": ""2.38"", ""score"": 1, ""current"": ""1°C"", ""predicted"": ""3°C"", ""tEstimated"": ""2.91""}",2026-03-24 16:51:51.228966+00
2107,ruth-pws-cyyz-20260324-165151226,wendy,CYYZ,info,signal,"PWS already anticipated 4°C, skipping duplicate buy",,2026-03-24 16:51:51.229198+00
2108,ruth-pws-kdal-20260324-165249872,wendy,KDAL,info,signal,"PWS anticipation: STRONG (score=1.000), METAR 70.0°F → estimated 74.3°F, bucket 70-71°F → 74-75°F","{""gap"": ""2.68"", ""conf"": ""1.00"", ""ramp"": ""1.67"", ""score"": 1, ""current"": ""70-71°F"", ""predicted"": ""74-75°F"", ""tEstimated"": ""23.47""}",2026-03-24 16:52:49.883109+00
2109,ruth-pws-kord-20260324-165250042,wendy,KORD,info,signal,"PWS anticipation: STRONG (score=1.000), METAR 39.9°F → estimated 43.4°F, bucket 40-41°F → 42-43°F","{""gap"": ""1.88"", ""conf"": ""1.00"", ""ramp"": ""1.42"", ""score"": 1, ""current"": ""40-41°F"", ""predicted"": ""42-43°F"", ""tEstimated"": ""6.33""}",2026-03-24 16:52:50.047739+00
2110,ruth-pws-kord-20260324-165250042,wendy,KORD,info,guard,"PWS guards blocked: price_out_of_range | estimated 43.4°F, bucket 42-43°F, price 0.00",,2026-03-24 16:52:50.058742+00
2112,ruth-pws-klga-20260324-165250194,wendy,KLGA,info,signal,"PWS anticipation: STRONG (score=1.000), METAR 39.9°F → estimated 47.1°F, bucket 40-41°F → 46-47°F","{""gap"": ""2.71"", ""conf"": ""1.00"", ""ramp"": ""7.06"", ""score"": 1, ""current"": ""40-41°F"", ""predicted"": ""46-47°F"", ""tEstimated"": ""8.42""}",2026-03-24 16:52:50.19784+00
2111,ruth-pws-klga-20260324-165250194,wendy,KLGA,info,signal,"PWS already anticipated 44-45°F, skipping duplicate buy",,2026-03-24 16:52:50.197898+00
2113,ruth-pws-kmia-20260324-165250385,wendy,KMIA,info,signal,"PWS anticipation: STRONG (score=0.900), METAR 79.0°F → estimated 82.0°F, bucket 78-79°F → 82-83°F","{""gap"": ""2.90"", ""conf"": ""1.00"", ""ramp"": ""-1.09"", ""score"": 0.9, ""current"": ""78-79°F"", ""predicted"": ""82-83°F"", ""tEstimated"": ""27.80""}",2026-03-24 16:52:50.388459+00
2114,ruth-pws-kmia-20260324-165250385,wendy,KMIA,info,signal,"PWS already anticipated 82-83°F, skipping duplicate buy",,2026-03-24 16:52:50.388809+00
2115,ruth-pws-katl-20260324-165250617,wendy,KATL,info,signal,"PWS anticipation: STRONG (score=0.865), METAR 60.1°F → estimated 62.1°F, bucket 60-61°F → 62-63°F","{""gap"": ""2.07"", ""conf"": ""1.00"", ""ramp"": ""-1.09"", ""score"": 0.8650000000000004, ""current"": ""60-61°F"", ""predicted"": ""62-63°F"", ""tEstimated"": ""16.72""}",2026-03-24 16:52:50.620209+00
2116,ruth-pws-katl-20260324-165250617,wendy,KATL,info,signal,"PWS already anticipated 64-65°F, skipping duplicate buy",,2026-03-24 16:52:50.62061+00
2117,ruth-pws-cyyz-20260324-165251290,wendy,CYYZ,info,signal,"PWS anticipation: STRONG (score=1.000), METAR 1.0°C → estimated 2.4°C, bucket 1°C → 2°C","{""gap"": ""2.39"", ""conf"": ""1.00"", ""ramp"": ""0.77"", ""score"": 1, ""current"": ""1°C"", ""predicted"": ""2°C"", ""tEstimated"": ""2.42""}",2026-03-24 16:52:51.293453+00
2118,ruth-pws-cyyz-20260324-165251290,wendy,CYYZ,info,signal,"PWS already anticipated 4°C, skipping duplicate buy",,2026-03-24 16:52:51.293493+00
2119,ruth-pws-kdal-20260324-165349846,wendy,KDAL,info,signal,"PWS anticipation: STRONG (score=1.000), METAR 70.0°F → estimated 73.8°F, bucket 70-71°F → 74-75°F","{""gap"": ""2.40"", ""conf"": ""1.00"", ""ramp"": ""1.56"", ""score"": 1, ""current"": ""70-71°F"", ""predicted"": ""74-75°F"", ""tEstimated"": ""23.25""}",2026-03-24 16:53:49.859293+00
2120,ruth-pws-kord-20260324-165349988,wendy,KORD,info,signal,"PWS anticipation: STRONG (score=1.000), METAR 39.9°F → estimated 43.6°F, bucket 40-41°F → 44-45°F","{""gap"": ""1.99"", ""conf"": ""1.00"", ""ramp"": ""1.54"", ""score"": 1, ""current"": ""40-41°F"", ""predicted"": ""44-45°F"", ""tEstimated"": ""6.45""}",2026-03-24 16:53:49.992801+00
2121,ruth-pws-kord-20260324-165349988,wendy,KORD,info,guard,"PWS guards blocked: price_out_of_range | estimated 43.6°F, bucket 44-45°F, price 0.01",,2026-03-24 16:53:50.005102+00
2122,ruth-pws-klga-20260324-165350161,wendy,KLGA,info,signal,"PWS anticipation: STRONG (score=1.000), METAR 39.9°F → estimated 44.6°F, bucket 40-41°F → 44-45°F","{""gap"": ""1.99"", ""conf"": ""1.00"", ""ramp"": ""4.00"", ""score"": 1, ""current"": ""40-41°F"", ""predicted"": ""44-45°F"", ""tEstimated"": ""6.99""}",2026-03-24 16:53:50.166204+00
2123,ruth-pws-klga-20260324-165350161,wendy,KLGA,info,signal,"PWS already anticipated 44-45°F, skipping duplicate buy",,2026-03-24 16:53:50.166595+00
2124,ruth-pws-kmia-20260324-165350324,wendy,KMIA,info,signal,"PWS anticipation: STRONG (score=0.900), METAR 79.0°F → estimated 81.9°F, bucket 78-79°F → 82-83°F","{""gap"": ""2.90"", ""conf"": ""1.00"", ""ramp"": ""-1.42"", ""score"": 0.9, ""current"": ""78-79°F"", ""predicted"": ""82-83°F"", ""tEstimated"": ""27.70""}",2026-03-24 16:53:50.328241+00
2125,ruth-pws-kmia-20260324-165350324,wendy,KMIA,info,signal,"PWS already anticipated 82-83°F, skipping duplicate buy",,2026-03-24 16:53:50.328542+00
2126,ruth-pws-katl-20260324-165350468,wendy,KATL,info,signal,"PWS anticipation: STRONG (score=0.877), METAR 60.1°F → estimated 62.6°F, bucket 60-61°F → 62-63°F","{""gap"": ""2.12"", ""conf"": ""1.00"", ""ramp"": ""-0.21"", ""score"": 0.8775, ""current"": ""60-61°F"", ""predicted"": ""62-63°F"", ""tEstimated"": ""17.02""}",2026-03-24 16:53:50.47415+00
2127,ruth-pws-katl-20260324-165350468,wendy,KATL,info,signal,"PWS already anticipated 64-65°F, skipping duplicate buy",,2026-03-24 16:53:50.474378+00
2128,ruth-pws-cyyz-20260324-165350947,wendy,CYYZ,info,signal,"PWS anticipation: STRONG (score=1.000), METAR 1.0°C → estimated 2.4°C, bucket 1°C → 2°C","{""gap"": ""2.50"", ""conf"": ""1.00"", ""ramp"": ""0.54"", ""score"": 1, ""current"": ""1°C"", ""predicted"": ""2°C"", ""tEstimated"": ""2.41""}",2026-03-24 16:53:50.950773+00
2129,ruth-pws-cyyz-20260324-165350947,wendy,CYYZ,info,signal,"PWS already anticipated 4°C, skipping duplicate buy",,2026-03-24 16:53:50.951175+00
2130,ruth-pws-kdal-20260324-165449985,wendy,KDAL,info,signal,"PWS anticipation: STRONG (score=1.000), METAR 70.0°F → estimated 73.3°F, bucket 70-71°F → 72-73°F","{""gap"": ""2.29"", ""conf"": ""1.00"", ""ramp"": ""0.79"", ""score"": 1, ""current"": ""70-71°F"", ""predicted"": ""72-73°F"", ""tEstimated"": ""22.94""}",2026-03-24 16:54:49.998342+00
2131,ruth-pws-kord-20260324-165450229,wendy,KORD,info,signal,"PWS anticipation: STRONG (score=1.000), METAR 39.9°F → estimated 43.5°F, bucket 40-41°F → 42-43°F","{""gap"": ""1.88"", ""conf"": ""1.00"", ""ramp"": ""1.56"", ""score"": 1, ""current"": ""40-41°F"", ""predicted"": ""42-43°F"", ""tEstimated"": ""6.37""}",2026-03-24 16:54:50.23346+00
2132,ruth-pws-kord-20260324-165450229,wendy,KORD,info,guard,"PWS guards blocked: price_out_of_range | estimated 43.5°F, bucket 42-43°F, price 0.00",,2026-03-24 16:54:50.244929+00
2133,ruth-pws-klga-20260324-165450480,wendy,KLGA,info,signal,"PWS anticipation: STRONG (score=0.847), METAR 39.9°F → estimated 42.1°F, bucket 40-41°F → 42-43°F","{""gap"": ""1.99"", ""conf"": ""1.00"", ""ramp"": ""-0.67"", ""score"": 0.8474999999999999, ""current"": ""40-41°F"", ""predicted"": ""42-43°F"", ""tEstimated"": ""5.59""}",2026-03-24 16:54:50.485021+00
2134,ruth-pws-klga-20260324-165450480,wendy,KLGA,info,signal,"PWS already anticipated 44-45°F, skipping duplicate buy",,2026-03-24 16:54:50.492182+00
2135,ruth-pws-kmia-20260324-165450956,wendy,KMIA,info,signal,"PWS anticipation: STRONG (score=0.900), METAR 79.0°F → estimated 81.5°F, bucket 78-79°F → 82-83°F","{""gap"": ""2.90"", ""conf"": ""1.00"", ""ramp"": ""-2.02"", ""score"": 0.9, ""current"": ""78-79°F"", ""predicted"": ""82-83°F"", ""tEstimated"": ""27.52""}",2026-03-24 16:54:50.96026+00
2136,ruth-pws-kmia-20260324-165450956,wendy,KMIA,info,signal,"PWS already anticipated 82-83°F, skipping duplicate buy",,2026-03-24 16:54:50.960813+00
2137,ruth-pws-katl-20260324-165451238,wendy,KATL,info,signal,"PWS anticipation: STRONG (score=1.000), METAR 60.1°F → estimated 63.6°F, bucket 60-61°F → 64-65°F","{""gap"": ""2.07"", ""conf"": ""1.00"", ""ramp"": ""1.66"", ""score"": 1, ""current"": ""60-61°F"", ""predicted"": ""64-65°F"", ""tEstimated"": ""17.54""}",2026-03-24 16:54:51.241246+00
2138,ruth-pws-katl-20260324-165451238,wendy,KATL,info,signal,"PWS already anticipated 64-65°F, skipping duplicate buy",,2026-03-24 16:54:51.241557+00
2139,ruth-pws-kdal-20260324-165550201,wendy,KDAL,info,signal,"PWS anticipation: STRONG (score=0.904), METAR 70.0°F → estimated 72.9°F, bucket 70-71°F → 72-73°F","{""gap"": ""2.29"", ""conf"": ""1.00"", ""ramp"": ""0.02"", ""score"": 0.9039114319679694, ""current"": ""70-71°F"", ""predicted"": ""72-73°F"", ""tEstimated"": ""22.71""}",2026-03-24 16:55:50.217778+00
2140,ruth-pws-kord-20260324-165550462,wendy,KORD,info,signal,"PWS anticipation: STRONG (score=1.000), METAR 39.9°F → estimated 43.6°F, bucket 40-41°F → 44-45°F","{""gap"": ""1.88"", ""conf"": ""1.00"", ""ramp"": ""1.82"", ""score"": 1, ""current"": ""40-41°F"", ""predicted"": ""44-45°F"", ""tEstimated"": ""6.45""}",2026-03-24 16:55:50.466442+00
2141,ruth-pws-kord-20260324-165550462,wendy,KORD,info,guard,"PWS guards blocked: price_out_of_range | estimated 43.6°F, bucket 44-45°F, price 0.01",,2026-03-24 16:55:50.477213+00
2142,ruth-pws-klga-20260324-165550652,wendy,KLGA,info,signal,"PWS anticipation: STRONG (score=0.900), METAR 39.9°F → estimated 42.1°F, bucket 40-41°F → 42-43°F","{""gap"": ""2.49"", ""conf"": ""1.00"", ""ramp"": ""-1.74"", ""score"": 0.9, ""current"": ""40-41°F"", ""predicted"": ""42-43°F"", ""tEstimated"": ""5.62""}",2026-03-24 16:55:50.655778+00
2143,ruth-pws-klga-20260324-165550652,wendy,KLGA,info,signal,"PWS already anticipated 44-45°F, skipping duplicate buy",,2026-03-24 16:55:50.656973+00
2144,ruth-pws-kmia-20260324-165550872,wendy,KMIA,info,signal,"PWS anticipation: STRONG (score=0.900), METAR 79.0°F → estimated 81.9°F, bucket 78-79°F → 82-83°F","{""gap"": ""3.01"", ""conf"": ""1.00"", ""ramp"": ""-1.57"", ""score"": 0.9, ""current"": ""78-79°F"", ""predicted"": ""82-83°F"", ""tEstimated"": ""27.74""}",2026-03-24 16:55:50.875721+00
2145,ruth-pws-kmia-20260324-165550872,wendy,KMIA,info,signal,"PWS already anticipated 82-83°F, skipping duplicate buy",,2026-03-24 16:55:50.876062+00
2147,ruth-pws-katl-20260324-165551046,wendy,KATL,info,signal,"PWS anticipation: STRONG (score=1.000), METAR 60.1°F → estimated 63.7°F, bucket 60-61°F → 64-65°F","{""gap"": ""2.12"", ""conf"": ""1.00"", ""ramp"": ""1.74"", ""score"": 1, ""current"": ""60-61°F"", ""predicted"": ""64-65°F"", ""tEstimated"": ""17.61""}",2026-03-24 16:55:51.050463+00
2146,ruth-pws-katl-20260324-165551046,wendy,KATL,info,signal,"PWS already anticipated 64-65°F, skipping duplicate buy",,2026-03-24 16:55:51.0507+00
2148,ruth-pws-kdal-20260324-165649839,wendy,KDAL,info,signal,"PWS anticipation: STRONG (score=0.906), METAR 70.0°F → estimated 73.0°F, bucket 70-71°F → 72-73°F","{""gap"": ""2.40"", ""conf"": ""1.00"", ""ramp"": ""0.03"", ""score"": 0.9059627949938953, ""current"": ""70-71°F"", ""predicted"": ""72-73°F"", ""tEstimated"": ""22.79""}",2026-03-24 16:56:49.850623+00
2149,ruth-pws-kord-20260324-165650014,wendy,KORD,info,signal,"PWS anticipation: STRONG (score=1.000), METAR 39.9°F → estimated 43.5°F, bucket 40-41°F → 44-45°F","{""gap"": ""1.88"", ""conf"": ""1.00"", ""ramp"": ""1.67"", ""score"": 1, ""current"": ""40-41°F"", ""predicted"": ""44-45°F"", ""tEstimated"": ""6.40""}",2026-03-24 16:56:50.018126+00
2150,ruth-pws-kord-20260324-165650014,wendy,KORD,info,guard,"PWS guards blocked: price_out_of_range | estimated 43.5°F, bucket 44-45°F, price 0.01",,2026-03-24 16:56:50.028652+00
2151,ruth-pws-klga-20260324-165650173,wendy,KLGA,info,signal,"PWS already anticipated 44-45°F, skipping duplicate buy",,2026-03-24 16:56:50.177373+00
2152,ruth-pws-klga-20260324-165650173,wendy,KLGA,info,signal,"PWS anticipation: STRONG (score=0.900), METAR 39.9°F → estimated 42.3°F, bucket 40-41°F → 42-43°F","{""gap"": ""2.49"", ""conf"": ""1.00"", ""ramp"": ""-1.36"", ""score"": 0.9, ""current"": ""40-41°F"", ""predicted"": ""42-43°F"", ""tEstimated"": ""5.73""}",2026-03-24 16:56:50.177919+00
2153,ruth-pws-kmia-20260324-165650374,wendy,KMIA,info,signal,"PWS anticipation: STRONG (score=0.900), METAR 79.0°F → estimated 82.2°F, bucket 78-79°F → 82-83°F","{""gap"": ""3.01"", ""conf"": ""1.00"", ""ramp"": ""-1.15"", ""score"": 0.9, ""current"": ""78-79°F"", ""predicted"": ""82-83°F"", ""tEstimated"": ""27.86""}",2026-03-24 16:56:50.378237+00
2154,ruth-pws-kmia-20260324-165650374,wendy,KMIA,info,signal,"PWS already anticipated 82-83°F, skipping duplicate buy",,2026-03-24 16:56:50.378492+00
2155,ruth-pws-katl-20260324-165650593,wendy,KATL,info,signal,"PWS anticipation: STRONG (score=1.000), METAR 60.1°F → estimated 63.6°F, bucket 60-61°F → 64-65°F","{""gap"": ""2.12"", ""conf"": ""1.00"", ""ramp"": ""1.61"", ""score"": 1, ""current"": ""60-61°F"", ""predicted"": ""64-65°F"", ""tEstimated"": ""17.57""}",2026-03-24 16:56:50.597866+00
2156,ruth-pws-katl-20260324-165650593,wendy,KATL,info,signal,"PWS already anticipated 64-65°F, skipping duplicate buy",,2026-03-24 16:56:50.598441+00
2157,ruth-pws-kdal-20260324-165749806,wendy,KDAL,info,signal,"PWS anticipation: STRONG (score=0.960), METAR 70.0°F → estimated 73.4°F, bucket 70-71°F → 72-73°F","{""gap"": ""2.62"", ""conf"": ""1.00"", ""ramp"": ""0.30"", ""score"": 0.9604610499359372, ""current"": ""70-71°F"", ""predicted"": ""72-73°F"", ""tEstimated"": ""23.03""}",2026-03-24 16:57:49.821183+00
2158,ruth-pws-kord-20260324-165750022,wendy,KORD,info,signal,"PWS anticipation: STRONG (score=1.000), METAR 39.9°F → estimated 43.7°F, bucket 40-41°F → 44-45°F","{""gap"": ""1.88"", ""conf"": ""1.00"", ""ramp"": ""1.98"", ""score"": 1, ""current"": ""40-41°F"", ""predicted"": ""44-45°F"", ""tEstimated"": ""6.50""}",2026-03-24 16:57:50.025912+00
2159,ruth-pws-kord-20260324-165750022,wendy,KORD,info,guard,"PWS guards blocked: price_out_of_range | estimated 43.7°F, bucket 44-45°F, price 0.01",,2026-03-24 16:57:50.039457+00
2160,ruth-pws-kmia-20260324-165750377,wendy,KMIA,info,signal,"PWS anticipation: STRONG (score=0.900), METAR 79.0°F → estimated 82.5°F, bucket 78-79°F → 82-83°F","{""gap"": ""3.01"", ""conf"": ""1.00"", ""ramp"": ""-0.44"", ""score"": 0.9, ""current"": ""78-79°F"", ""predicted"": ""82-83°F"", ""tEstimated"": ""28.07""}",2026-03-24 16:57:50.381011+00
2161,ruth-pws-kmia-20260324-165750377,wendy,KMIA,info,signal,"PWS already anticipated 82-83°F, skipping duplicate buy",,2026-03-24 16:57:50.387301+00
2162,ruth-pws-katl-20260324-165750532,wendy,KATL,info,signal,"PWS anticipation: STRONG (score=1.000), METAR 60.1°F → estimated 63.6°F, bucket 60-61°F → 64-65°F","{""gap"": ""2.12"", ""conf"": ""1.00"", ""ramp"": ""1.48"", ""score"": 1, ""current"": ""60-61°F"", ""predicted"": ""64-65°F"", ""tEstimated"": ""17.53""}",2026-03-24 16:57:50.535267+00
2163,ruth-pws-katl-20260324-165750532,wendy,KATL,info,signal,"PWS already anticipated 64-65°F, skipping duplicate buy",,2026-03-24 16:57:50.535465+00
2164,ruth-pws-kdal-20260324-165849835,wendy,KDAL,info,signal,"PWS anticipation: STRONG (score=0.900), METAR 70.0°F → estimated 72.8°F, bucket 70-71°F → 72-73°F","{""gap"": ""2.29"", ""conf"": ""1.00"", ""ramp"": ""-0.15"", ""score"": 0.9, ""current"": ""70-71°F"", ""predicted"": ""72-73°F"", ""tEstimated"": ""22.66""}",2026-03-24 16:58:49.846651+00
2165,ruth-pws-kord-20260324-165850025,wendy,KORD,info,signal,"PWS anticipation: STRONG (score=1.000), METAR 39.9°F → estimated 43.5°F, bucket 40-41°F → 44-45°F","{""gap"": ""1.88"", ""conf"": ""1.00"", ""ramp"": ""1.70"", ""score"": 1, ""current"": ""40-41°F"", ""predicted"": ""44-45°F"", ""tEstimated"": ""6.41""}",2026-03-24 16:58:50.029216+00
2166,ruth-pws-kord-20260324-165850025,wendy,KORD,info,guard,"PWS guards blocked: price_out_of_range | estimated 43.5°F, bucket 44-45°F, price 0.01",,2026-03-24 16:58:50.039595+00
2167,ruth-pws-kmia-20260324-165850387,wendy,KMIA,info,signal,"PWS anticipation: STRONG (score=0.900), METAR 79.0°F → estimated 82.6°F, bucket 78-79°F → 82-83°F","{""gap"": ""3.01"", ""conf"": ""1.00"", ""ramp"": ""-0.24"", ""score"": 0.9, ""current"": ""78-79°F"", ""predicted"": ""82-83°F"", ""tEstimated"": ""28.14""}",2026-03-24 16:58:50.391372+00
2168,ruth-pws-kmia-20260324-165850387,wendy,KMIA,info,signal,"PWS already anticipated 82-83°F, skipping duplicate buy",,2026-03-24 16:58:50.392373+00
2169,ruth-pws-katl-20260324-165850545,wendy,KATL,info,signal,"PWS anticipation: STRONG (score=1.000), METAR 60.1°F → estimated 63.4°F, bucket 60-61°F → 62-63°F","{""gap"": ""2.12"", ""conf"": ""1.00"", ""ramp"": ""1.24"", ""score"": 1, ""current"": ""60-61°F"", ""predicted"": ""62-63°F"", ""tEstimated"": ""17.46""}",2026-03-24 16:58:50.548889+00
2170,ruth-pws-katl-20260324-165850545,wendy,KATL,info,signal,"PWS already anticipated 64-65°F, skipping duplicate buy",,2026-03-24 16:58:50.549084+00
2171,ruth-pws-kdal-20260324-165949770,wendy,KDAL,info,signal,"PWS anticipation: STRONG (score=0.890), METAR 70.0°F → estimated 72.3°F, bucket 70-71°F → 72-73°F","{""gap"": ""2.18"", ""conf"": ""1.00"", ""ramp"": ""-0.85"", ""score"": 0.8900000000000007, ""current"": ""70-71°F"", ""predicted"": ""72-73°F"", ""tEstimated"": ""22.37""}",2026-03-24 16:59:49.781339+00
2172,ruth-pws-kord-20260324-165949928,wendy,KORD,info,signal,"PWS anticipation: STRONG (score=1.000), METAR 39.9°F → estimated 44.1°F, bucket 40-41°F → 44-45°F","{""gap"": ""2.10"", ""conf"": ""1.00"", ""ramp"": ""2.18"", ""score"": 1, ""current"": ""40-41°F"", ""predicted"": ""44-45°F"", ""tEstimated"": ""6.73""}",2026-03-24 16:59:49.932569+00
2173,ruth-pws-kord-20260324-165949928,wendy,KORD,info,guard,"PWS guards blocked: price_out_of_range | estimated 44.1°F, bucket 44-45°F, price 0.01",,2026-03-24 16:59:49.943084+00
2174,ruth-pws-kmia-20260324-165950228,wendy,KMIA,info,signal,"PWS anticipation: STRONG (score=0.961), METAR 79.0°F → estimated 82.9°F, bucket 78-79°F → 82-83°F","{""gap"": ""3.01"", ""conf"": ""1.00"", ""ramp"": ""0.30"", ""score"": 0.9605570229893945, ""current"": ""78-79°F"", ""predicted"": ""82-83°F"", ""tEstimated"": ""28.30""}",2026-03-24 16:59:50.231379+00
2175,ruth-pws-kmia-20260324-165950228,wendy,KMIA,info,signal,"PWS already anticipated 82-83°F, skipping duplicate buy",,2026-03-24 16:59:50.232856+00
2176,ruth-pws-katl-20260324-165950378,wendy,KATL,info,signal,"PWS anticipation: STRONG (score=1.000), METAR 60.1°F → estimated 63.2°F, bucket 60-61°F → 62-63°F","{""gap"": ""2.12"", ""conf"": ""1.00"", ""ramp"": ""0.88"", ""score"": 1, ""current"": ""60-61°F"", ""predicted"": ""62-63°F"", ""tEstimated"": ""17.35""}",2026-03-24 16:59:50.381252+00
2177,ruth-pws-katl-20260324-165950378,wendy,KATL,info,signal,"PWS already anticipated 64-65°F, skipping duplicate buy",,2026-03-24 16:59:50.381691+00
2178,ruth-metar-kord-20260324-170002711,wendy,KORD,info,signal,"METAR: 6.1°C, max=6.1°C, bucket=42-43°F","{""prevBucket"": ""40-41°F""}",2026-03-24 17:00:02.862878+00
2179,ruth-metar-kord-20260324-170002711,wendy,KORD,info,signal,Threshold crossed: 40-41°F → 42-43°F,,2026-03-24 17:00:02.86766+00
2180,ruth-metar-kord-20260324-170002711,wendy,KORD,info,guard,"Guards blocked: price_out_of_range | METAR 43.0°F, bucket 42-43°F, price 0.00","{""price"": 0.0005, ""bucket"": ""42-43°F""}",2026-03-24 17:00:02.884957+00
2181,ruth-metar-eglc-20260324-170002883,wendy,EGLC,info,signal,"METAR: 12°C, max=12°C, bucket=12°C","{""prevBucket"": ""12°C""}",2026-03-24 17:00:02.898518+00
2182,ruth-metar-katl-20260324-170002898,wendy,KATL,success,signal,PWS anticipation confirmed by METAR: 64-65°F,,2026-03-24 17:00:02.911092+00
2183,ruth-metar-katl-20260324-170002898,wendy,KATL,info,guard,"Guards blocked: price_out_of_range | METAR 64.0°F, bucket 64-65°F, price 0.09","{""price"": 0.09, ""bucket"": ""64-65°F""}",2026-03-24 17:00:03.003873+00
2186,ruth-metar-klga-20260324-170002997,wendy,KLGA,info,trade,SELL attempt: 44-45°F (39.611427 shares),"{""tokenId"": ""11264762238868470392969284368589596929044651568997101186373153312841457562692""}",2026-03-24 17:00:03.028941+00
2184,ruth-metar-klga-20260324-170002997,wendy,KLGA,info,signal,"METAR: 5.6°C, max=5.6°C, bucket=42-43°F","{""prevBucket"": ""40-41°F""}",2026-03-24 17:00:03.030495+00
2185,ruth-metar-klga-20260324-170002997,wendy,KLGA,warn,signal,PWS anticipation NOT confirmed — SELL 44-45°F (METAR bucket: 42-43°F),,2026-03-24 17:00:03.032183+00
2187,ruth-metar-katl-20260324-170002898,wendy,KATL,info,signal,Threshold crossed: 60-61°F → 64-65°F,,2026-03-24 17:00:03.03687+00
2188,ruth-metar-katl-20260324-170002898,wendy,KATL,info,signal,"METAR: 17.8°C, max=17.8°C, bucket=64-65°F","{""prevBucket"": ""60-61°F""}",2026-03-24 17:00:03.037987+00
2189,ruth-metar-klga-20260324-170002997,wendy,KLGA,info,signal,Threshold crossed: 40-41°F → 42-43°F,,2026-03-24 17:00:03.067215+00
2190,ruth-metar-klga-20260324-170002997,wendy,KLGA,info,guard,"Guards blocked: price_out_of_range | METAR 42.1°F, bucket 42-43°F, price 0.01","{""price"": 0.0125, ""bucket"": ""42-43°F""}",2026-03-24 17:00:03.0758+00
2191,ruth-metar-kdal-20260324-170003074,wendy,KDAL,warn,signal,No market found for bucket 72-73°F,,2026-03-24 17:00:03.084463+00
2192,ruth-metar-kdal-20260324-170003074,wendy,KDAL,info,signal,"METAR: 22.8°C, max=22.8°C, bucket=72-73°F","{""prevBucket"": ""70-71°F""}",2026-03-24 17:00:03.08547+00
2193,ruth-metar-kdal-20260324-170003074,wendy,KDAL,info,signal,Threshold crossed: 70-71°F → 72-73°F,,2026-03-24 17:00:03.085726+00
2194,ruth-metar-kmia-20260324-170003084,wendy,KMIA,warn,signal,PWS anticipation NOT confirmed — SELL 82-83°F (METAR bucket: 80-81°F),,2026-03-24 17:00:03.096506+00
2195,ruth-metar-kmia-20260324-170003084,wendy,KMIA,info,trade,SELL attempt: 82-83°F (10.416665 shares),"{""tokenId"": ""33745491037968262341909373072512343393110936988530679266195274968014628800984""}",2026-03-24 17:00:03.09689+00
2196,ruth-metar-kmia-20260324-170003084,wendy,KMIA,info,signal,"METAR: 27.2°C, max=27.2°C, bucket=80-81°F","{""prevBucket"": ""78-79°F""}",2026-03-24 17:00:03.098063+00
2197,ruth-metar-kmia-20260324-170003084,wendy,KMIA,info,guard,"Guards blocked: price_out_of_range | METAR 81.0°F, bucket 80-81°F, price 0.08","{""price"": 0.08, ""bucket"": ""80-81°F""}",2026-03-24 17:00:03.113415+00
2198,ruth-metar-ksea-20260324-170003113,wendy,KSEA,info,signal,"METAR: 6.7°C, max=6.7°C, bucket=44-45°F","{""prevBucket"": ""44-45°F""}",2026-03-24 17:00:03.121951+00
2199,ruth-metar-kmia-20260324-170003084,wendy,KMIA,info,signal,Threshold crossed: 78-79°F → 80-81°F,,2026-03-24 17:00:03.135102+00
2200,ruth-metar-klga-20260324-170002997,wendy,KLGA,success,trade,SELL filled: 39.61 shares,"{""bucket"": ""44-45°F"", ""orderId"": ""0xae672f9934fa4b0a848323fc095c4e2e5f0ea26b908dd0b01e44968f50ee2abc""}",2026-03-24 17:00:09.351264+00
2201,ruth-metar-kmia-20260324-170003084,wendy,KMIA,success,trade,SELL filled: 10.41 shares,"{""bucket"": ""82-83°F"", ""orderId"": ""0xadea35621c9393e19ea18f92d411f1832c5a59f735c09e6ac5d30f90521f1216""}",2026-03-24 17:00:09.431572+00
2202,ruth-pws-kord-20260324-170051158,wendy,KORD,info,signal,"PWS anticipation: STRONG (score=0.715), METAR 43.0°F → estimated 44.8°F, bucket 42-43°F → 44-45°F","{""gap"": ""0.51"", ""conf"": ""1.00"", ""ramp"": ""2.00"", ""score"": 0.7150000000000001, ""current"": ""42-43°F"", ""predicted"": ""44-45°F"", ""tEstimated"": ""7.11""}",2026-03-24 17:00:51.172541+00
2203,ruth-pws-kord-20260324-170051158,wendy,KORD,info,guard,"PWS guards blocked: price_out_of_range | estimated 44.8°F, bucket 44-45°F, price 0.01",,2026-03-24 17:00:51.186028+00
2204,ruth-pws-kmia-20260324-170051796,wendy,KMIA,info,signal,"PWS anticipation: STRONG (score=1.000), METAR 81.0°F → estimated 84.7°F, bucket 80-81°F → 84-85°F","{""gap"": ""2.19"", ""conf"": ""1.00"", ""ramp"": ""1.88"", ""score"": 1, ""current"": ""80-81°F"", ""predicted"": ""84-85°F"", ""tEstimated"": ""29.30""}",2026-03-24 17:00:51.801244+00
2205,ruth-pws-kmia-20260324-170051796,wendy,KMIA,info,trade,BUY attempt: 84-85°F @ 0.42,"{""amount"": 5, ""tokenId"": ""66545811578175034298024578028182693411300462900236794296608358894390522803051""}",2026-03-24 17:00:51.885883+00
2206,ruth-pws-katl-20260324-170057717,wendy,KATL,debug,signal,"PWS anticipation: WEAK (score=0.016), METAR 64.0°F → estimated 63.2°F, bucket 64-65°F → 62-63°F","{""gap"": ""-0.52"", ""conf"": ""0.33"", ""ramp"": ""-1.09"", ""score"": 0.015833333333333352, ""current"": ""64-65°F"", ""predicted"": ""62-63°F"", ""tEstimated"": ""17.35""}",2026-03-24 17:00:57.722225+00
2207,ruth-pws-kmia-20260324-170051796,wendy,KMIA,success,trade,BUY filled: 12.209301 shares,"{""bucket"": ""84-85°F"", ""shares"": 12.209301, ""orderId"": ""0xdfb82ebe6b7cf603bdf175987a3c4e601d9a23e10e6e002e365336e52b5c7072""}",2026-03-24 17:00:58.208527+00
2208,ruth-pws-kmia-20260324-170051796,wendy,KMIA,info,signal,PWS position registered for METAR validation: 84-85°F (12.209301 shares),,2026-03-24 17:00:58.215612+00
2209,ruth-pws-cyyz-20260324-170100116,wendy,CYYZ,info,signal,"PWS anticipation: STRONG (score=0.900), METAR 1.0°C → estimated 1.5°C, bucket 1°C → 2°C","{""gap"": ""2.22"", ""conf"": ""1.00"", ""ramp"": ""-1.90"", ""score"": 0.8999999999999997, ""current"": ""1°C"", ""predicted"": ""2°C"", ""tEstimated"": ""1.54""}",2026-03-24 17:01:00.120361+00
2210,ruth-pws-cyyz-20260324-170100116,wendy,CYYZ,info,signal,"PWS already anticipated 4°C, skipping duplicate buy",,2026-03-24 17:01:00.120901+00
2211,ruth-pws-kdal-20260324-170154395,wendy,KDAL,info,signal,"PWS anticipation: STRONG (score=0.582), METAR 73.0°F → estimated 73.7°F, bucket 72-73°F → 74-75°F","{""gap"": ""0.81"", ""conf"": ""1.00"", ""ramp"": ""-0.66"", ""score"": 0.5824999999999998, ""current"": ""72-73°F"", ""predicted"": ""74-75°F"", ""tEstimated"": ""23.17""}",2026-03-24 17:01:54.406855+00
2212,ruth-pws-kord-20260324-170155534,wendy,KORD,info,signal,"PWS anticipation: STRONG (score=0.715), METAR 43.0°F → estimated 44.8°F, bucket 42-43°F → 44-45°F","{""gap"": ""0.51"", ""conf"": ""1.00"", ""ramp"": ""2.06"", ""score"": 0.7150000000000001, ""current"": ""42-43°F"", ""predicted"": ""44-45°F"", ""tEstimated"": ""7.13""}",2026-03-24 17:01:55.537957+00
2213,ruth-pws-kord-20260324-170155534,wendy,KORD,info,guard,"PWS guards blocked: price_out_of_range | estimated 44.8°F, bucket 44-45°F, price 0.01",,2026-03-24 17:01:55.548856+00
2214,ruth-pws-klga-20260324-170156281,wendy,KLGA,info,signal,"PWS anticipation: STRONG (score=0.851), METAR 42.1°F → estimated 44.1°F, bucket 42-43°F → 44-45°F","{""gap"": ""1.29"", ""conf"": ""1.00"", ""ramp"": ""0.81"", ""score"": 0.851332216807266, ""current"": ""42-43°F"", ""predicted"": ""44-45°F"", ""tEstimated"": ""6.74""}",2026-03-24 17:01:56.284797+00
2215,ruth-pws-klga-20260324-170156281,wendy,KLGA,info,trade,BUY attempt: 44-45°F @ 0.11,"{""amount"": 5, ""tokenId"": ""11264762238868470392969284368589596929044651568997101186373153312841457562692""}",2026-03-24 17:01:56.36189+00
2216,ruth-pws-kmia-20260324-170201707,wendy,KMIA,info,signal,"PWS already anticipated 84-85°F, skipping duplicate buy",,2026-03-24 17:02:01.71701+00
2217,ruth-pws-kmia-20260324-170201707,wendy,KMIA,info,signal,"PWS anticipation: STRONG (score=1.000), METAR 81.0°F → estimated 85.0°F, bucket 80-81°F → 84-85°F","{""gap"": ""2.19"", ""conf"": ""1.00"", ""ramp"": ""2.45"", ""score"": 1, ""current"": ""80-81°F"", ""predicted"": ""84-85°F"", ""tEstimated"": ""29.47""}",2026-03-24 17:02:01.717562+00
2218,ruth-pws-katl-20260324-170202009,wendy,KATL,debug,signal,"PWS anticipation: WEAK (score=0.041), METAR 64.0°F → estimated 62.8°F, bucket 64-65°F → 62-63°F","{""gap"": ""-0.41"", ""conf"": ""0.33"", ""ramp"": ""-1.94"", ""score"": 0.04083333333333326, ""current"": ""64-65°F"", ""predicted"": ""62-63°F"", ""tEstimated"": ""17.12""}",2026-03-24 17:02:02.01624+00
2219,ruth-pws-klga-20260324-170156281,wendy,KLGA,success,trade,BUY filled: 49.100908 shares,"{""bucket"": ""44-45°F"", ""shares"": 49.100908, ""orderId"": ""0x6acbc4097a6818d2a6093467f3b281013c953fdc4c65b3cd19145da1b81db624""}",2026-03-24 17:02:02.555527+00
2220,ruth-pws-klga-20260324-170156281,wendy,KLGA,info,signal,PWS position registered for METAR validation: 44-45°F (49.100908 shares),,2026-03-24 17:02:02.555732+00
2221,ruth-pws-cyyz-20260324-170203185,wendy,CYYZ,info,signal,"PWS anticipation: STRONG (score=0.900), METAR 1.0°C → estimated 1.6°C, bucket 1°C → 2°C","{""gap"": ""2.28"", ""conf"": ""1.00"", ""ramp"": ""-1.71"", ""score"": 0.9, ""current"": ""1°C"", ""predicted"": ""2°C"", ""tEstimated"": ""1.63""}",2026-03-24 17:02:03.189228+00
2222,ruth-pws-cyyz-20260324-170203185,wendy,CYYZ,info,signal,"PWS already anticipated 4°C, skipping duplicate buy",,2026-03-24 17:02:03.189635+00
2223,ruth-metar-lfpg-20260324-170219945,wendy,LFPG,info,signal,"METAR: 17°C, max=18°C, bucket=18°C","{""prevBucket"": ""18°C""}",2026-03-24 17:02:19.958749+00
2224,ruth-pws-kdal-20260324-170249830,wendy,KDAL,info,signal,"PWS anticipation: STRONG (score=0.839), METAR 73.0°F → estimated 75.0°F, bucket 72-73°F → 74-75°F","{""gap"": ""1.20"", ""conf"": ""1.00"", ""ramp"": ""0.85"", ""score"": 0.8391146944700587, ""current"": ""72-73°F"", ""predicted"": ""74-75°F"", ""tEstimated"": ""23.89""}",2026-03-24 17:02:49.840779+00
2225,ruth-pws-kord-20260324-170250009,wendy,KORD,info,signal,"PWS anticipation: STRONG (score=0.715), METAR 43.0°F → estimated 44.9°F, bucket 42-43°F → 44-45°F","{""gap"": ""0.51"", ""conf"": ""1.00"", ""ramp"": ""2.18"", ""score"": 0.7150000000000001, ""current"": ""42-43°F"", ""predicted"": ""44-45°F"", ""tEstimated"": ""7.16""}",2026-03-24 17:02:50.012308+00
2226,ruth-pws-kord-20260324-170250009,wendy,KORD,info,guard,"PWS guards blocked: price_out_of_range | estimated 44.9°F, bucket 44-45°F, price 0.01",,2026-03-24 17:02:50.022439+00
2227,ruth-pws-klga-20260324-170250159,wendy,KLGA,info,signal,"PWS anticipation: STRONG (score=1.000), METAR 42.1°F → estimated 45.6°F, bucket 42-43°F → 46-47°F","{""gap"": ""1.79"", ""conf"": ""1.00"", ""ramp"": ""2.29"", ""score"": 1, ""current"": ""42-43°F"", ""predicted"": ""46-47°F"", ""tEstimated"": ""7.54""}",2026-03-24 17:02:50.162831+00
2228,ruth-pws-klga-20260324-170250159,wendy,KLGA,info,signal,"PWS already anticipated 44-45°F, skipping duplicate buy",,2026-03-24 17:02:50.163143+00
2229,ruth-pws-kmia-20260324-170250360,wendy,KMIA,info,signal,"PWS anticipation: STRONG (score=1.000), METAR 81.0°F → estimated 85.1°F, bucket 80-81°F → 84-85°F","{""gap"": ""2.19"", ""conf"": ""1.00"", ""ramp"": ""2.53"", ""score"": 1, ""current"": ""80-81°F"", ""predicted"": ""84-85°F"", ""tEstimated"": ""29.49""}",2026-03-24 17:02:50.362734+00
2230,ruth-pws-kmia-20260324-170250360,wendy,KMIA,info,signal,"PWS already anticipated 84-85°F, skipping duplicate buy",,2026-03-24 17:02:50.363171+00
2231,ruth-pws-katl-20260324-170250499,wendy,KATL,debug,signal,"PWS anticipation: WEAK (score=0.053), METAR 64.0°F → estimated 62.8°F, bucket 64-65°F → 62-63°F","{""gap"": ""-0.36"", ""conf"": ""0.33"", ""ramp"": ""-1.98"", ""score"": 0.053333333333332816, ""current"": ""64-65°F"", ""predicted"": ""62-63°F"", ""tEstimated"": ""17.12""}",2026-03-24 17:02:50.502765+00
2232,ruth-pws-cyyz-20260324-170251035,wendy,CYYZ,info,signal,"PWS anticipation: STRONG (score=0.900), METAR 1.0°C → estimated 1.9°C, bucket 1°C → 2°C","{""gap"": ""2.39"", ""conf"": ""1.00"", ""ramp"": ""-1.08"", ""score"": 0.9, ""current"": ""1°C"", ""predicted"": ""2°C"", ""tEstimated"": ""1.87""}",2026-03-24 17:02:51.038901+00
2233,ruth-pws-cyyz-20260324-170251035,wendy,CYYZ,info,signal,"PWS already anticipated 4°C, skipping duplicate buy",,2026-03-24 17:02:51.039074+00
2234,ruth-pws-kdal-20260324-170349806,wendy,KDAL,info,signal,"PWS anticipation: STRONG (score=0.870), METAR 73.0°F → estimated 76.1°F, bucket 72-73°F → 76-77°F","{""gap"": ""1.20"", ""conf"": ""1.00"", ""ramp"": ""2.81"", ""score"": 0.8699999999999999, ""current"": ""72-73°F"", ""predicted"": ""76-77°F"", ""tEstimated"": ""24.48""}",2026-03-24 17:03:49.82134+00
2235,ruth-pws-kord-20260324-170349970,wendy,KORD,info,signal,"PWS anticipation: STRONG (score=0.715), METAR 43.0°F → estimated 45.0°F, bucket 42-43°F → 44-45°F","{""gap"": ""0.51"", ""conf"": ""1.00"", ""ramp"": ""2.36"", ""score"": 0.7150000000000001, ""current"": ""42-43°F"", ""predicted"": ""44-45°F"", ""tEstimated"": ""7.22""}",2026-03-24 17:03:49.973343+00
2236,ruth-pws-kord-20260324-170349970,wendy,KORD,info,guard,"PWS guards blocked: price_out_of_range | estimated 45.0°F, bucket 44-45°F, price 0.01",,2026-03-24 17:03:49.9888+00
2237,ruth-pws-klga-20260324-170350163,wendy,KLGA,info,signal,"PWS anticipation: STRONG (score=1.000), METAR 42.1°F → estimated 46.8°F, bucket 42-43°F → 46-47°F","{""gap"": ""1.79"", ""conf"": ""1.00"", ""ramp"": ""4.51"", ""score"": 1, ""current"": ""42-43°F"", ""predicted"": ""46-47°F"", ""tEstimated"": ""8.21""}",2026-03-24 17:03:50.168306+00
2238,ruth-pws-klga-20260324-170350163,wendy,KLGA,info,signal,"PWS already anticipated 44-45°F, skipping duplicate buy",,2026-03-24 17:03:50.178537+00
2239,ruth-pws-kmia-20260324-170350399,wendy,KMIA,info,signal,"PWS already anticipated 84-85°F, skipping duplicate buy",,2026-03-24 17:03:50.405162+00
2240,ruth-pws-kmia-20260324-170350399,wendy,KMIA,info,signal,"PWS anticipation: STRONG (score=1.000), METAR 81.0°F → estimated 85.2°F, bucket 80-81°F → 84-85°F","{""gap"": ""2.19"", ""conf"": ""1.00"", ""ramp"": ""2.78"", ""score"": 1, ""current"": ""80-81°F"", ""predicted"": ""84-85°F"", ""tEstimated"": ""29.57""}",2026-03-24 17:03:50.405526+00
2241,ruth-pws-katl-20260324-170350561,wendy,KATL,debug,signal,"PWS anticipation: WEAK (score=0.078), METAR 64.0°F → estimated 62.8°F, bucket 64-65°F → 62-63°F","{""gap"": ""-0.24"", ""conf"": ""0.33"", ""ramp"": ""-2.19"", ""score"": 0.07833333333333353, ""current"": ""64-65°F"", ""predicted"": ""62-63°F"", ""tEstimated"": ""17.09""}",2026-03-24 17:03:50.564495+00
2242,ruth-pws-cyyz-20260324-170350985,wendy,CYYZ,info,signal,"PWS anticipation: STRONG (score=0.949), METAR 1.0°C → estimated 2.3°C, bucket 1°C → 2°C","{""gap"": ""2.50"", ""conf"": ""1.00"", ""ramp"": ""0.25"", ""score"": 0.9494257831035996, ""current"": ""1°C"", ""predicted"": ""2°C"", ""tEstimated"": ""2.32""}",2026-03-24 17:03:50.98859+00
2243,ruth-pws-cyyz-20260324-170350985,wendy,CYYZ,info,signal,"PWS already anticipated 4°C, skipping duplicate buy",,2026-03-24 17:03:50.988807+00
2244,ruth-pws-kdal-20260324-170449826,wendy,KDAL,info,signal,"PWS anticipation: STRONG (score=0.820), METAR 73.0°F → estimated 76.0°F, bucket 72-73°F → 76-77°F","{""gap"": ""0.98"", ""conf"": ""1.00"", ""ramp"": ""3.14"", ""score"": 0.8200000000000001, ""current"": ""72-73°F"", ""predicted"": ""76-77°F"", ""tEstimated"": ""24.43""}",2026-03-24 17:04:49.835893+00
2245,ruth-pws-kord-20260324-170449992,wendy,KORD,info,signal,"PWS anticipation: STRONG (score=0.715), METAR 43.0°F → estimated 45.2°F, bucket 42-43°F → 44-45°F","{""gap"": ""0.51"", ""conf"": ""1.00"", ""ramp"": ""2.73"", ""score"": 0.7150000000000001, ""current"": ""42-43°F"", ""predicted"": ""44-45°F"", ""tEstimated"": ""7.33""}",2026-03-24 17:04:49.997658+00
2246,ruth-pws-kord-20260324-170449992,wendy,KORD,info,guard,"PWS guards blocked: price_out_of_range | estimated 45.2°F, bucket 44-45°F, price 0.01",,2026-03-24 17:04:50.013876+00
2247,ruth-pws-klga-20260324-170450167,wendy,KLGA,info,signal,"PWS already anticipated 44-45°F, skipping duplicate buy",,2026-03-24 17:04:50.170172+00
2248,ruth-pws-klga-20260324-170450167,wendy,KLGA,info,signal,"PWS anticipation: STRONG (score=0.940), METAR 42.1°F → estimated 46.1°F, bucket 42-43°F → 46-47°F","{""gap"": ""1.51"", ""conf"": ""1.00"", ""ramp"": ""3.98"", ""score"": 0.9399999999999997, ""current"": ""42-43°F"", ""predicted"": ""46-47°F"", ""tEstimated"": ""7.85""}",2026-03-24 17:04:50.17074+00
2249,ruth-pws-kmia-20260324-170450314,wendy,KMIA,info,signal,"PWS anticipation: STRONG (score=1.000), METAR 81.0°F → estimated 85.1°F, bucket 80-81°F → 84-85°F","{""gap"": ""2.19"", ""conf"": ""1.00"", ""ramp"": ""2.58"", ""score"": 1, ""current"": ""80-81°F"", ""predicted"": ""84-85°F"", ""tEstimated"": ""29.51""}",2026-03-24 17:04:50.317588+00
2250,ruth-pws-kmia-20260324-170450314,wendy,KMIA,info,signal,"PWS already anticipated 84-85°F, skipping duplicate buy",,2026-03-24 17:04:50.318179+00
2251,ruth-pws-katl-20260324-170450470,wendy,KATL,debug,signal,"PWS anticipation: WEAK (score=0.066), METAR 64.0°F → estimated 62.9°F, bucket 64-65°F → 62-63°F","{""gap"": ""-0.30"", ""conf"": ""0.33"", ""ramp"": ""-1.90"", ""score"": 0.06583333333333317, ""current"": ""64-65°F"", ""predicted"": ""62-63°F"", ""tEstimated"": ""17.16""}",2026-03-24 17:04:50.47313+00
2252,ruth-pws-cyyz-20260324-170450947,wendy,CYYZ,info,signal,"PWS anticipation: STRONG (score=1.000), METAR 1.0°C → estimated 2.6°C, bucket 1°C → 3°C","{""gap"": ""2.61"", ""conf"": ""1.00"", ""ramp"": ""1.01"", ""score"": 1, ""current"": ""1°C"", ""predicted"": ""3°C"", ""tEstimated"": ""2.61""}",2026-03-24 17:04:50.949868+00
2253,ruth-pws-cyyz-20260324-170450947,wendy,CYYZ,info,signal,"PWS already anticipated 4°C, skipping duplicate buy",,2026-03-24 17:04:50.950304+00
2254,ruth-pws-kdal-20260324-170549788,wendy,KDAL,info,signal,"PWS anticipation: STRONG (score=0.820), METAR 73.0°F → estimated 75.9°F, bucket 72-73°F → 76-77°F","{""gap"": ""0.98"", ""conf"": ""1.00"", ""ramp"": ""2.97"", ""score"": 0.8200000000000001, ""current"": ""72-73°F"", ""predicted"": ""76-77°F"", ""tEstimated"": ""24.37""}",2026-03-24 17:05:49.801281+00
2255,ruth-pws-kord-20260324-170549934,wendy,KORD,info,signal,"PWS anticipation: STRONG (score=0.690), METAR 43.0°F → estimated 44.8°F, bucket 42-43°F → 44-45°F","{""gap"": ""0.40"", ""conf"": ""1.00"", ""ramp"": ""2.31"", ""score"": 0.6900000000000005, ""current"": ""42-43°F"", ""predicted"": ""44-45°F"", ""tEstimated"": ""7.11""}",2026-03-24 17:05:49.938353+00
2256,ruth-pws-kord-20260324-170549934,wendy,KORD,info,guard,"PWS guards blocked: price_out_of_range | estimated 44.8°F, bucket 44-45°F, price 0.01",,2026-03-24 17:05:49.948789+00
2257,ruth-pws-klga-20260324-170550086,wendy,KLGA,info,signal,"PWS anticipation: STRONG (score=0.746), METAR 42.1°F → estimated 43.5°F, bucket 42-43°F → 44-45°F","{""gap"": ""0.79"", ""conf"": ""1.00"", ""ramp"": ""0.84"", ""score"": 0.7464371711389522, ""current"": ""42-43°F"", ""predicted"": ""44-45°F"", ""tEstimated"": ""6.41""}",2026-03-24 17:05:50.088962+00
2258,ruth-pws-klga-20260324-170550086,wendy,KLGA,info,signal,"PWS already anticipated 44-45°F, skipping duplicate buy",,2026-03-24 17:05:50.089657+00
2259,ruth-pws-kmia-20260324-170550242,wendy,KMIA,info,signal,"PWS anticipation: STRONG (score=1.000), METAR 81.0°F → estimated 85.4°F, bucket 80-81°F → 84-85°F","{""gap"": ""2.36"", ""conf"": ""1.00"", ""ramp"": ""2.73"", ""score"": 1, ""current"": ""80-81°F"", ""predicted"": ""84-85°F"", ""tEstimated"": ""29.67""}",2026-03-24 17:05:50.246144+00
2260,ruth-pws-kmia-20260324-170550242,wendy,KMIA,info,signal,"PWS already anticipated 84-85°F, skipping duplicate buy",,2026-03-24 17:05:50.24633+00
2261,ruth-pws-katl-20260324-170550375,wendy,KATL,debug,signal,"PWS anticipation: WEAK (score=0.116), METAR 64.0°F → estimated 63.3°F, bucket 64-65°F → 62-63°F","{""gap"": ""-0.08"", ""conf"": ""0.33"", ""ramp"": ""-1.28"", ""score"": 0.115833333333333, ""current"": ""64-65°F"", ""predicted"": ""62-63°F"", ""tEstimated"": ""17.40""}",2026-03-24 17:05:50.377905+00
2262,ruth-pws-cyyz-20260324-170550840,wendy,CYYZ,info,signal,"PWS anticipation: STRONG (score=1.000), METAR 1.0°C → estimated 2.9°C, bucket 1°C → 3°C","{""gap"": ""2.61"", ""conf"": ""1.00"", ""ramp"": ""1.94"", ""score"": 1, ""current"": ""1°C"", ""predicted"": ""3°C"", ""tEstimated"": ""2.89""}",2026-03-24 17:05:50.843861+00
2263,ruth-pws-cyyz-20260324-170550840,wendy,CYYZ,info,signal,"PWS already anticipated 4°C, skipping duplicate buy",,2026-03-24 17:05:50.844134+00
2264,ruth-pws-kdal-20260324-170649809,wendy,KDAL,info,signal,"PWS anticipation: STRONG (score=0.920), METAR 73.0°F → estimated 76.9°F, bucket 72-73°F → 76-77°F","{""gap"": ""1.42"", ""conf"": ""1.00"", ""ramp"": ""3.78"", ""score"": 0.9199999999999988, ""current"": ""72-73°F"", ""predicted"": ""76-77°F"", ""tEstimated"": ""24.93""}",2026-03-24 17:06:49.824273+00
2265,ruth-pws-kord-20260324-170649980,wendy,KORD,info,signal,"PWS anticipation: STRONG (score=0.690), METAR 43.0°F → estimated 44.5°F, bucket 42-43°F → 44-45°F","{""gap"": ""0.40"", ""conf"": ""1.00"", ""ramp"": ""1.77"", ""score"": 0.6900000000000005, ""current"": ""42-43°F"", ""predicted"": ""44-45°F"", ""tEstimated"": ""6.95""}",2026-03-24 17:06:49.984896+00
2266,ruth-pws-kord-20260324-170649980,wendy,KORD,info,guard,"PWS guards blocked: price_out_of_range | estimated 44.5°F, bucket 44-45°F, price 0.01",,2026-03-24 17:06:50.007416+00
2267,ruth-pws-kmia-20260324-170650319,wendy,KMIA,info,signal,"PWS anticipation: STRONG (score=1.000), METAR 81.0°F → estimated 85.5°F, bucket 80-81°F → 86-87°F","{""gap"": ""2.36"", ""conf"": ""1.00"", ""ramp"": ""2.95"", ""score"": 1, ""current"": ""80-81°F"", ""predicted"": ""86-87°F"", ""tEstimated"": ""29.73""}",2026-03-24 17:06:50.322858+00
2268,ruth-pws-kmia-20260324-170650319,wendy,KMIA,info,signal,"PWS already anticipated 84-85°F, skipping duplicate buy",,2026-03-24 17:06:50.330939+00
2269,ruth-pws-cyyz-20260324-170650899,wendy,CYYZ,info,signal,"PWS anticipation: STRONG (score=1.000), METAR 1.0°C → estimated 3.3°C, bucket 1°C → 3°C","{""gap"": ""2.72"", ""conf"": ""1.00"", ""ramp"": ""3.07"", ""score"": 1, ""current"": ""1°C"", ""predicted"": ""3°C"", ""tEstimated"": ""3.28""}",2026-03-24 17:06:50.902865+00
2270,ruth-pws-cyyz-20260324-170650899,wendy,CYYZ,info,signal,"PWS already anticipated 4°C, skipping duplicate buy",,2026-03-24 17:06:50.90346+00
2271,ruth-metar-cyyz-20260324-170728951,wendy,CYYZ,info,trade,SELL attempt: 4°C (17.413792 shares),"{""tokenId"": ""65489536437335779855697623373662351745511058359038730306503355620949601689454""}",2026-03-24 17:07:28.989097+00
2272,ruth-metar-cyyz-20260324-170728951,wendy,CYYZ,warn,signal,PWS anticipation NOT confirmed — SELL 4°C (METAR bucket: 3°C),,2026-03-24 17:07:28.98914+00
2273,ruth-metar-cyyz-20260324-170728951,wendy,CYYZ,info,signal,"METAR: 3°C, max=3°C, bucket=3°C","{""prevBucket"": ""1°C""}",2026-03-24 17:07:28.995178+00
2274,ruth-metar-cyyz-20260324-170728951,wendy,CYYZ,info,signal,Threshold crossed: 1°C → 3°C,,2026-03-24 17:07:28.996176+00
2275,ruth-metar-cyyz-20260324-170728951,wendy,CYYZ,info,guard,"Guards blocked: price_out_of_range | METAR 3.0°C, bucket 3°C, price 0.07","{""price"": 0.068, ""bucket"": ""3°C""}",2026-03-24 17:07:29.002532+00
2276,ruth-metar-cyyz-20260324-170728951,wendy,CYYZ,success,trade,SELL filled: 17.41 shares,"{""bucket"": ""4°C"", ""orderId"": ""0xabcad6874a239124e70a72e0b06a48c4a7adbde51c8835c422f8c726b4061055""}",2026-03-24 17:07:35.626523+00
2277,ruth-pws-kdal-20260324-170749797,wendy,KDAL,info,signal,"PWS anticipation: STRONG (score=0.958), METAR 73.0°F → estimated 77.7°F, bucket 72-73°F → 78-79°F","{""gap"": ""1.59"", ""conf"": ""1.00"", ""ramp"": ""4.97"", ""score"": 0.9575000000000007, ""current"": ""72-73°F"", ""predicted"": ""78-79°F"", ""tEstimated"": ""25.40""}",2026-03-24 17:07:49.812653+00
2278,ruth-pws-kdal-20260324-170749797,wendy,KDAL,info,guard,"PWS guards blocked: price_out_of_range | estimated 77.7°F, bucket 78-79°F, price 0.00",,2026-03-24 17:07:49.816853+00
2279,ruth-pws-kord-20260324-170750024,wendy,KORD,info,signal,"PWS anticipation: STRONG (score=0.597), METAR 43.0°F → estimated 43.8°F, bucket 42-43°F → 44-45°F","{""gap"": ""0.40"", ""conf"": ""1.00"", ""ramp"": ""0.53"", ""score"": 0.5967759120041105, ""current"": ""42-43°F"", ""predicted"": ""44-45°F"", ""tEstimated"": ""6.58""}",2026-03-24 17:07:50.029722+00
2280,ruth-pws-kord-20260324-170750024,wendy,KORD,info,guard,"PWS guards blocked: price_out_of_range | estimated 43.8°F, bucket 44-45°F, price 0.01",,2026-03-24 17:07:50.033854+00
2281,ruth-pws-kmia-20260324-170750310,wendy,KMIA,info,signal,"PWS anticipation: STRONG (score=1.000), METAR 81.0°F → estimated 85.5°F, bucket 80-81°F → 86-87°F","{""gap"": ""2.36"", ""conf"": ""1.00"", ""ramp"": ""2.92"", ""score"": 1, ""current"": ""80-81°F"", ""predicted"": ""86-87°F"", ""tEstimated"": ""29.73""}",2026-03-24 17:07:50.312743+00
2282,ruth-pws-kmia-20260324-170750310,wendy,KMIA,info,signal,"PWS already anticipated 84-85°F, skipping duplicate buy",,2026-03-24 17:07:50.313207+00
2283,ruth-pws-cyyz-20260324-170750898,wendy,CYYZ,info,signal,"PWS anticipation: STRONG (score=0.667), METAR 3.0°C → estimated 4.5°C, bucket 3°C → 5°C","{""gap"": ""0.89"", ""conf"": ""0.67"", ""ramp"": ""4.12"", ""score"": 0.6666666666666667, ""current"": ""3°C"", ""predicted"": ""5°C"", ""tEstimated"": ""4.53""}",2026-03-24 17:07:50.902064+00
2284,ruth-pws-cyyz-20260324-170750898,wendy,CYYZ,info,guard,"PWS guards blocked: border_zone | estimated 4.5°C, bucket 5°C, price 0.47",,2026-03-24 17:07:50.90395+00
2285,ruth-pws-kdal-20260324-170849775,wendy,KDAL,info,signal,"PWS anticipation: STRONG (score=1.000), METAR 73.0°F → estimated 79.1°F, bucket 72-73°F → 78-79°F","{""gap"": ""1.81"", ""conf"": ""1.00"", ""ramp"": ""7.01"", ""score"": 1, ""current"": ""72-73°F"", ""predicted"": ""78-79°F"", ""tEstimated"": ""26.17""}",2026-03-24 17:08:49.789345+00
2286,ruth-pws-kdal-20260324-170849775,wendy,KDAL,info,guard,"PWS guards blocked: price_out_of_range | estimated 79.1°F, bucket 78-79°F, price 0.00",,2026-03-24 17:08:49.79301+00
2287,ruth-pws-kord-20260324-170849929,wendy,KORD,info,signal,"PWS anticipation: STRONG (score=0.638), METAR 43.0°F → estimated 44.0°F, bucket 42-43°F → 44-45°F","{""gap"": ""0.51"", ""conf"": ""1.00"", ""ramp"": ""0.61"", ""score"": 0.6376002065592037, ""current"": ""42-43°F"", ""predicted"": ""44-45°F"", ""tEstimated"": ""6.69""}",2026-03-24 17:08:49.934062+00
2288,ruth-pws-kord-20260324-170849929,wendy,KORD,info,guard,"PWS guards blocked: price_out_of_range | estimated 44.0°F, bucket 44-45°F, price 0.01",,2026-03-24 17:08:49.936296+00
2289,ruth-pws-klga-20260324-170850094,wendy,KLGA,info,signal,"PWS already anticipated 44-45°F, skipping duplicate buy",,2026-03-24 17:08:50.097303+00
2290,ruth-pws-klga-20260324-170850094,wendy,KLGA,debug,signal,"PWS anticipation: STRONG (score=0.578), METAR 42.1°F → estimated 41.4°F, bucket 42-43°F → 40-41°F","{""gap"": ""0.79"", ""conf"": ""1.00"", ""ramp"": ""-3.07"", ""score"": 0.5775000000000001, ""current"": ""42-43°F"", ""predicted"": ""40-41°F"", ""tEstimated"": ""5.23""}",2026-03-24 17:08:50.097404+00
2291,ruth-pws-kmia-20260324-170850233,wendy,KMIA,info,signal,"PWS anticipation: STRONG (score=1.000), METAR 81.0°F → estimated 85.4°F, bucket 80-81°F → 84-85°F","{""gap"": ""2.36"", ""conf"": ""1.00"", ""ramp"": ""2.66"", ""score"": 1, ""current"": ""80-81°F"", ""predicted"": ""84-85°F"", ""tEstimated"": ""29.65""}",2026-03-24 17:08:50.238939+00
2292,ruth-pws-kmia-20260324-170850233,wendy,KMIA,info,signal,"PWS already anticipated 84-85°F, skipping duplicate buy",,2026-03-24 17:08:50.239334+00
2293,ruth-pws-cyyz-20260324-170850839,wendy,CYYZ,info,signal,"PWS anticipation: STRONG (score=0.667), METAR 3.0°C → estimated 4.8°C, bucket 3°C → 5°C","{""gap"": ""0.89"", ""conf"": ""0.67"", ""ramp"": ""4.85"", ""score"": 0.6666666666666667, ""current"": ""3°C"", ""predicted"": ""5°C"", ""tEstimated"": ""4.75""}",2026-03-24 17:08:50.844324+00
2294,ruth-pws-cyyz-20260324-170850839,wendy,CYYZ,info,trade,BUY attempt: 5°C @ 0.465,"{""amount"": 5, ""tokenId"": ""105972235687674764043080231702092295160802616720727649532000606126522150228702""}",2026-03-24 17:08:50.906779+00
2295,ruth-pws-cyyz-20260324-170850839,wendy,CYYZ,success,trade,BUY filled: 8.606556 shares,"{""bucket"": ""5°C"", ""shares"": 8.606556, ""orderId"": ""0x6417b302c30c129d0f5d692c67ba5f14f1211c233d3a332ecd0cd493bf8166e1""}",2026-03-24 17:08:57.232636+00
2296,ruth-pws-cyyz-20260324-170850839,wendy,CYYZ,info,signal,PWS position registered for METAR validation: 5°C (8.606556 shares),,2026-03-24 17:08:57.233205+00
2297,ruth-pws-kdal-20260324-170949774,wendy,KDAL,info,signal,"PWS anticipation: STRONG (score=1.000), METAR 73.0°F → estimated 79.2°F, bucket 72-73°F → 78-79°F","{""gap"": ""1.81"", ""conf"": ""1.00"", ""ramp"": ""7.16"", ""score"": 1, ""current"": ""72-73°F"", ""predicted"": ""78-79°F"", ""tEstimated"": ""26.21""}",2026-03-24 17:09:49.787764+00
2298,ruth-pws-kdal-20260324-170949774,wendy,KDAL,info,guard,"PWS guards blocked: price_out_of_range | estimated 79.2°F, bucket 78-79°F, price 0.00",,2026-03-24 17:09:49.800063+00
2299,ruth-pws-kord-20260324-170949938,wendy,KORD,info,signal,"PWS anticipation: MODERATE (score=0.540), METAR 43.0°F → estimated 43.9°F, bucket 42-43°F → 44-45°F","{""gap"": ""0.62"", ""conf"": ""1.00"", ""ramp"": ""0.00"", ""score"": 0.5403519777158887, ""current"": ""42-43°F"", ""predicted"": ""44-45°F"", ""tEstimated"": ""6.60""}",2026-03-24 17:09:49.94235+00
2300,ruth-pws-klga-20260324-170950086,wendy,KLGA,debug,signal,"PWS anticipation: STRONG (score=0.552), METAR 42.1°F → estimated 40.5°F, bucket 42-43°F → 40-41°F","{""gap"": ""0.68"", ""conf"": ""1.00"", ""ramp"": ""-4.57"", ""score"": 0.5524999999999997, ""current"": ""42-43°F"", ""predicted"": ""40-41°F"", ""tEstimated"": ""4.70""}",2026-03-24 17:09:50.088768+00
2301,ruth-pws-klga-20260324-170950086,wendy,KLGA,info,signal,"PWS already anticipated 44-45°F, skipping duplicate buy",,2026-03-24 17:09:50.095877+00
2302,ruth-pws-kmia-20260324-170950225,wendy,KMIA,info,signal,"PWS anticipation: STRONG (score=1.000), METAR 81.0°F → estimated 85.1°F, bucket 80-81°F → 84-85°F","{""gap"": ""2.36"", ""conf"": ""1.00"", ""ramp"": ""2.14"", ""score"": 1, ""current"": ""80-81°F"", ""predicted"": ""84-85°F"", ""tEstimated"": ""29.49""}",2026-03-24 17:09:50.228988+00
2303,ruth-pws-kmia-20260324-170950225,wendy,KMIA,info,signal,"PWS already anticipated 84-85°F, skipping duplicate buy",,2026-03-24 17:09:50.229227+00
2304,ruth-pws-katl-20260324-170950405,wendy,KATL,info,signal,"PWS anticipation: WEAK (score=0.316), METAR 64.0°F → estimated 65.7°F, bucket 64-65°F → 66-67°F","{""gap"": ""-0.08"", ""conf"": ""0.33"", ""ramp"": ""3.11"", ""score"": 0.315833333333333, ""current"": ""64-65°F"", ""predicted"": ""66-67°F"", ""tEstimated"": ""18.71""}",2026-03-24 17:09:50.409558+00
2305,ruth-pws-cyyz-20260324-170950815,wendy,CYYZ,info,signal,"PWS already anticipated 5°C, skipping duplicate buy",,2026-03-24 17:09:50.819089+00
2306,ruth-pws-cyyz-20260324-170950815,wendy,CYYZ,info,signal,"PWS anticipation: STRONG (score=0.642), METAR 3.0°C → estimated 4.7°C, bucket 3°C → 5°C","{""gap"": ""0.78"", ""conf"": ""0.67"", ""ramp"": ""4.74"", ""score"": 0.6416666666666664, ""current"": ""3°C"", ""predicted"": ""5°C"", ""tEstimated"": ""4.68""}",2026-03-24 17:09:50.819227+00
2307,ruth-pws-kdal-20260324-171049816,wendy,KDAL,info,signal,"PWS anticipation: STRONG (score=1.000), METAR 73.0°F → estimated 79.0°F, bucket 72-73°F → 78-79°F","{""gap"": ""1.81"", ""conf"": ""1.00"", ""ramp"": ""6.90"", ""score"": 1, ""current"": ""72-73°F"", ""predicted"": ""78-79°F"", ""tEstimated"": ""26.14""}",2026-03-24 17:10:49.829771+00
2308,ruth-pws-kdal-20260324-171049816,wendy,KDAL,info,guard,"PWS guards blocked: price_out_of_range | estimated 79.0°F, bucket 78-79°F, price 0.00",,2026-03-24 17:10:49.833983+00
2309,ruth-pws-kord-20260324-171049975,wendy,KORD,info,signal,"PWS anticipation: STRONG (score=0.613), METAR 43.0°F → estimated 44.1°F, bucket 42-43°F → 44-45°F","{""gap"": ""0.62"", ""conf"": ""1.00"", ""ramp"": ""0.37"", ""score"": 0.6134683269989498, ""current"": ""42-43°F"", ""predicted"": ""44-45°F"", ""tEstimated"": ""6.71""}",2026-03-24 17:10:49.978287+00
2310,ruth-pws-kord-20260324-171049975,wendy,KORD,info,guard,"PWS guards blocked: price_out_of_range | estimated 44.1°F, bucket 44-45°F, price 0.01",,2026-03-24 17:10:49.981022+00
2311,ruth-pws-klga-20260324-171050124,wendy,KLGA,debug,signal,"PWS anticipation: STRONG (score=0.552), METAR 42.1°F → estimated 39.8°F, bucket 42-43°F → 40-41°F","{""gap"": ""0.68"", ""conf"": ""1.00"", ""ramp"": ""-5.80"", ""score"": 0.5524999999999997, ""current"": ""42-43°F"", ""predicted"": ""40-41°F"", ""tEstimated"": ""4.33""}",2026-03-24 17:10:50.127857+00
2312,ruth-pws-klga-20260324-171050124,wendy,KLGA,info,signal,"PWS already anticipated 44-45°F, skipping duplicate buy",,2026-03-24 17:10:50.128251+00
2313,ruth-pws-kmia-20260324-171050272,wendy,KMIA,info,signal,"PWS anticipation: STRONG (score=1.000), METAR 81.0°F → estimated 84.8°F, bucket 80-81°F → 84-85°F","{""gap"": ""2.41"", ""conf"": ""1.00"", ""ramp"": ""1.53"", ""score"": 1, ""current"": ""80-81°F"", ""predicted"": ""84-85°F"", ""tEstimated"": ""29.35""}",2026-03-24 17:10:50.276143+00
2314,ruth-pws-kmia-20260324-171050272,wendy,KMIA,info,signal,"PWS already anticipated 84-85°F, skipping duplicate buy",,2026-03-24 17:10:50.276435+00
2315,ruth-pws-katl-20260324-171050463,wendy,KATL,info,signal,"PWS anticipation: STRONG (score=0.612), METAR 64.0°F → estimated 67.1°F, bucket 64-65°F → 66-67°F","{""gap"": ""0.64"", ""conf"": ""0.67"", ""ramp"": ""4.73"", ""score"": 0.6116666666666661, ""current"": ""64-65°F"", ""predicted"": ""66-67°F"", ""tEstimated"": ""19.52""}",2026-03-24 17:10:50.467418+00
2316,ruth-pws-katl-20260324-171050463,wendy,KATL,info,trade,BUY attempt: 66-67°F @ 0.415,"{""amount"": 5, ""tokenId"": ""36932432079600826968927214223778798554412393677861074672902948860551104778583""}",2026-03-24 17:10:50.534993+00
2317,ruth-pws-cyyz-20260324-171055922,wendy,CYYZ,info,signal,"PWS anticipation: STRONG (score=0.579), METAR 3.0°C → estimated 4.1°C, bucket 3°C → 4°C","{""gap"": ""0.50"", ""conf"": ""0.67"", ""ramp"": ""3.15"", ""score"": 0.5791666666666663, ""current"": ""3°C"", ""predicted"": ""4°C"", ""tEstimated"": ""4.11""}",2026-03-24 17:10:55.925344+00
2318,ruth-pws-cyyz-20260324-171055922,wendy,CYYZ,info,signal,"PWS already anticipated 5°C, skipping duplicate buy",,2026-03-24 17:10:55.925685+00
2319,ruth-pws-katl-20260324-171050463,wendy,KATL,success,trade,BUY filled: 11.90476 shares,"{""bucket"": ""66-67°F"", ""shares"": 11.90476, ""orderId"": ""0x0b98128c3b55470ca9b02b10c5f7aa64c73f39dda45fbe043931a66b01a351d5""}",2026-03-24 17:10:56.820738+00
2320,ruth-pws-katl-20260324-171050463,wendy,KATL,info,signal,PWS position registered for METAR validation: 66-67°F (11.90476 shares),,2026-03-24 17:10:56.820929+00
2321,ruth-pws-kdal-20260324-171149812,wendy,KDAL,info,signal,"PWS anticipation: STRONG (score=1.000), METAR 73.0°F → estimated 78.7°F, bucket 72-73°F → 78-79°F","{""gap"": ""1.81"", ""conf"": ""1.00"", ""ramp"": ""6.32"", ""score"": 1, ""current"": ""72-73°F"", ""predicted"": ""78-79°F"", ""tEstimated"": ""25.96""}",2026-03-24 17:11:49.835486+00
2322,ruth-pws-kdal-20260324-171149812,wendy,KDAL,info,guard,"PWS guards blocked: price_out_of_range | estimated 78.7°F, bucket 78-79°F, price 0.00",,2026-03-24 17:11:49.838635+00
2323,ruth-pws-kord-20260324-171149985,wendy,KORD,info,signal,"PWS anticipation: STRONG (score=0.687), METAR 43.0°F → estimated 44.3°F, bucket 42-43°F → 44-45°F","{""gap"": ""0.62"", ""conf"": ""1.00"", ""ramp"": ""0.73"", ""score"": 0.6866807044772539, ""current"": ""42-43°F"", ""predicted"": ""44-45°F"", ""tEstimated"": ""6.82""}",2026-03-24 17:11:49.989598+00
2324,ruth-pws-kord-20260324-171149985,wendy,KORD,info,guard,"PWS guards blocked: price_out_of_range | estimated 44.3°F, bucket 44-45°F, price 0.01",,2026-03-24 17:11:49.991431+00
2325,ruth-pws-klga-20260324-171150145,wendy,KLGA,debug,signal,"PWS anticipation: MODERATE (score=0.444), METAR 42.1°F → estimated 39.3°F, bucket 42-43°F → 38-39°F","{""gap"": ""0.79"", ""conf"": ""0.67"", ""ramp"": ""-6.44"", ""score"": 0.4441666666666668, ""current"": ""42-43°F"", ""predicted"": ""38-39°F"", ""tEstimated"": ""4.04""}",2026-03-24 17:11:50.14767+00
2326,ruth-pws-kmia-20260324-171150307,wendy,KMIA,info,signal,"PWS anticipation: STRONG (score=1.000), METAR 81.0°F → estimated 84.8°F, bucket 80-81°F → 84-85°F","{""gap"": ""2.41"", ""conf"": ""1.00"", ""ramp"": ""1.56"", ""score"": 1, ""current"": ""80-81°F"", ""predicted"": ""84-85°F"", ""tEstimated"": ""29.36""}",2026-03-24 17:11:50.311506+00
2327,ruth-pws-kmia-20260324-171150307,wendy,KMIA,info,signal,"PWS already anticipated 84-85°F, skipping duplicate buy",,2026-03-24 17:11:50.311715+00
2328,ruth-pws-katl-20260324-171150455,wendy,KATL,info,signal,"PWS anticipation: STRONG (score=0.612), METAR 64.0°F → estimated 67.6°F, bucket 64-65°F → 68-69°F","{""gap"": ""0.64"", ""conf"": ""0.67"", ""ramp"": ""5.63"", ""score"": 0.6116666666666661, ""current"": ""64-65°F"", ""predicted"": ""68-69°F"", ""tEstimated"": ""19.79""}",2026-03-24 17:11:50.459219+00
2329,ruth-pws-katl-20260324-171150455,wendy,KATL,info,signal,"PWS already anticipated 66-67°F, skipping duplicate buy",,2026-03-24 17:11:50.459466+00
2330,ruth-pws-cyyz-20260324-171150930,wendy,CYYZ,info,signal,"PWS anticipation: STRONG (score=0.579), METAR 3.0°C → estimated 3.7°C, bucket 3°C → 4°C","{""gap"": ""0.50"", ""conf"": ""0.67"", ""ramp"": ""1.74"", ""score"": 0.5791666666666663, ""current"": ""3°C"", ""predicted"": ""4°C"", ""tEstimated"": ""3.69""}",2026-03-24 17:11:50.93388+00
2331,ruth-pws-cyyz-20260324-171150930,wendy,CYYZ,info,signal,"PWS already anticipated 5°C, skipping duplicate buy",,2026-03-24 17:11:50.93416+00
2332,ruth-pws-kdal-20260324-171249784,wendy,KDAL,info,signal,"PWS anticipation: STRONG (score=1.000), METAR 73.0°F → estimated 78.3°F, bucket 72-73°F → 78-79°F","{""gap"": ""1.81"", ""conf"": ""1.00"", ""ramp"": ""5.49"", ""score"": 1, ""current"": ""72-73°F"", ""predicted"": ""78-79°F"", ""tEstimated"": ""25.71""}",2026-03-24 17:12:49.799578+00
2333,ruth-pws-kdal-20260324-171249784,wendy,KDAL,info,guard,"PWS guards blocked: price_out_of_range | estimated 78.3°F, bucket 78-79°F, price 0.00",,2026-03-24 17:12:49.813481+00
2334,ruth-pws-kord-20260324-171249944,wendy,KORD,info,signal,"PWS anticipation: STRONG (score=0.740), METAR 43.0°F → estimated 44.4°F, bucket 42-43°F → 44-45°F","{""gap"": ""0.62"", ""conf"": ""1.00"", ""ramp"": ""1.03"", ""score"": 0.7400000000000002, ""current"": ""42-43°F"", ""predicted"": ""44-45°F"", ""tEstimated"": ""6.91""}",2026-03-24 17:12:49.948627+00
2335,ruth-pws-kord-20260324-171249944,wendy,KORD,info,guard,"PWS guards blocked: price_out_of_range | estimated 44.4°F, bucket 44-45°F, price 0.01",,2026-03-24 17:12:49.963951+00
2336,ruth-pws-klga-20260324-171250112,wendy,KLGA,debug,signal,"PWS anticipation: MODERATE (score=0.519), METAR 42.1°F → estimated 40.0°F, bucket 42-43°F → 40-41°F","{""gap"": ""1.12"", ""conf"": ""0.67"", ""ramp"": ""-5.55"", ""score"": 0.519166666666667, ""current"": ""42-43°F"", ""predicted"": ""40-41°F"", ""tEstimated"": ""4.46""}",2026-03-24 17:12:50.115559+00
2337,ruth-pws-kmia-20260324-171250270,wendy,KMIA,info,signal,"PWS anticipation: STRONG (score=1.000), METAR 81.0°F → estimated 84.8°F, bucket 80-81°F → 84-85°F","{""gap"": ""2.41"", ""conf"": ""1.00"", ""ramp"": ""1.45"", ""score"": 1, ""current"": ""80-81°F"", ""predicted"": ""84-85°F"", ""tEstimated"": ""29.32""}",2026-03-24 17:12:50.273339+00
2338,ruth-pws-kmia-20260324-171250270,wendy,KMIA,info,signal,"PWS already anticipated 84-85°F, skipping duplicate buy",,2026-03-24 17:12:50.281283+00
2339,ruth-pws-katl-20260324-171250417,wendy,KATL,info,signal,"PWS anticipation: STRONG (score=0.612), METAR 64.0°F → estimated 67.9°F, bucket 64-65°F → 68-69°F","{""gap"": ""0.64"", ""conf"": ""0.67"", ""ramp"": ""6.21"", ""score"": 0.6116666666666661, ""current"": ""64-65°F"", ""predicted"": ""68-69°F"", ""tEstimated"": ""19.96""}",2026-03-24 17:12:50.420351+00
2340,ruth-pws-katl-20260324-171250417,wendy,KATL,info,signal,"PWS already anticipated 66-67°F, skipping duplicate buy",,2026-03-24 17:12:50.420668+00
2341,ruth-pws-kdal-20260324-171349797,wendy,KDAL,info,signal,"PWS anticipation: STRONG (score=1.000), METAR 73.0°F → estimated 78.2°F, bucket 72-73°F → 78-79°F","{""gap"": ""1.81"", ""conf"": ""1.00"", ""ramp"": ""5.39"", ""score"": 1, ""current"": ""72-73°F"", ""predicted"": ""78-79°F"", ""tEstimated"": ""25.69""}",2026-03-24 17:13:49.810857+00
2342,ruth-pws-kdal-20260324-171349797,wendy,KDAL,info,guard,"PWS guards blocked: price_out_of_range | estimated 78.2°F, bucket 78-79°F, price 0.00",,2026-03-24 17:13:49.812965+00
2343,ruth-pws-kord-20260324-171349945,wendy,KORD,info,signal,"PWS anticipation: STRONG (score=0.709), METAR 43.0°F → estimated 44.2°F, bucket 42-43°F → 44-45°F","{""gap"": ""0.51"", ""conf"": ""1.00"", ""ramp"": ""0.97"", ""score"": 0.7089421262919787, ""current"": ""42-43°F"", ""predicted"": ""44-45°F"", ""tEstimated"": ""6.80""}",2026-03-24 17:13:49.948727+00
2344,ruth-pws-kord-20260324-171349945,wendy,KORD,info,guard,"PWS guards blocked: price_out_of_range | estimated 44.2°F, bucket 44-45°F, price 0.01",,2026-03-24 17:13:49.951552+00
2345,ruth-pws-kmia-20260324-171350227,wendy,KMIA,info,signal,"PWS anticipation: STRONG (score=1.000), METAR 81.0°F → estimated 84.7°F, bucket 80-81°F → 84-85°F","{""gap"": ""2.41"", ""conf"": ""1.00"", ""ramp"": ""1.24"", ""score"": 1, ""current"": ""80-81°F"", ""predicted"": ""84-85°F"", ""tEstimated"": ""29.26""}",2026-03-24 17:13:50.230594+00
2346,ruth-pws-kmia-20260324-171350227,wendy,KMIA,info,signal,"PWS already anticipated 84-85°F, skipping duplicate buy",,2026-03-24 17:13:50.230957+00
2347,ruth-pws-katl-20260324-171350380,wendy,KATL,info,signal,"PWS anticipation: STRONG (score=0.612), METAR 64.0°F → estimated 68.1°F, bucket 64-65°F → 68-69°F","{""gap"": ""0.64"", ""conf"": ""0.67"", ""ramp"": ""6.46"", ""score"": 0.6116666666666661, ""current"": ""64-65°F"", ""predicted"": ""68-69°F"", ""tEstimated"": ""20.04""}",2026-03-24 17:13:50.384253+00
2348,ruth-pws-katl-20260324-171350380,wendy,KATL,info,signal,"PWS already anticipated 66-67°F, skipping duplicate buy",,2026-03-24 17:13:50.384483+00
2349,ruth-pws-kdal-20260324-171449808,wendy,KDAL,info,guard,"PWS guards blocked: price_out_of_range | estimated 78.0°F, bucket 78-79°F, price 0.00",,2026-03-24 17:14:49.822252+00
2350,ruth-pws-kdal-20260324-171449808,wendy,KDAL,info,signal,"PWS anticipation: STRONG (score=1.000), METAR 73.0°F → estimated 78.0°F, bucket 72-73°F → 78-79°F","{""gap"": ""1.81"", ""conf"": ""1.00"", ""ramp"": ""4.97"", ""score"": 1, ""current"": ""72-73°F"", ""predicted"": ""78-79°F"", ""tEstimated"": ""25.56""}",2026-03-24 17:14:49.822483+00
2351,ruth-pws-kord-20260324-171449957,wendy,KORD,info,signal,"PWS anticipation: STRONG (score=0.697), METAR 43.0°F → estimated 44.2°F, bucket 42-43°F → 44-45°F","{""gap"": ""0.51"", ""conf"": ""1.00"", ""ramp"": ""0.91"", ""score"": 0.69682115320687, ""current"": ""42-43°F"", ""predicted"": ""44-45°F"", ""tEstimated"": ""6.78""}",2026-03-24 17:14:49.961228+00
2352,ruth-pws-kord-20260324-171449957,wendy,KORD,info,guard,"PWS guards blocked: price_out_of_range | estimated 44.2°F, bucket 44-45°F, price 0.01",,2026-03-24 17:14:49.963769+00
2353,ruth-pws-klga-20260324-171450111,wendy,KLGA,info,signal,"PWS anticipation: STRONG (score=0.885), METAR 42.1°F → estimated 44.3°F, bucket 42-43°F → 44-45°F","{""gap"": ""1.40"", ""conf"": ""1.00"", ""ramp"": ""0.85"", ""score"": 0.8847500793976613, ""current"": ""42-43°F"", ""predicted"": ""44-45°F"", ""tEstimated"": ""6.83""}",2026-03-24 17:14:50.114936+00
2354,ruth-pws-klga-20260324-171450111,wendy,KLGA,info,signal,"PWS already anticipated 44-45°F, skipping duplicate buy",,2026-03-24 17:14:50.115698+00
2355,ruth-pws-kmia-20260324-171450267,wendy,KMIA,info,signal,"PWS anticipation: STRONG (score=1.000), METAR 81.0°F → estimated 84.5°F, bucket 80-81°F → 84-85°F","{""gap"": ""2.41"", ""conf"": ""1.00"", ""ramp"": ""0.91"", ""score"": 1, ""current"": ""80-81°F"", ""predicted"": ""84-85°F"", ""tEstimated"": ""29.16""}",2026-03-24 17:14:50.274153+00
2356,ruth-pws-kmia-20260324-171450267,wendy,KMIA,info,signal,"PWS already anticipated 84-85°F, skipping duplicate buy",,2026-03-24 17:14:50.274529+00
2357,ruth-pws-katl-20260324-171450404,wendy,KATL,info,signal,"PWS anticipation: STRONG (score=0.612), METAR 64.0°F → estimated 68.1°F, bucket 64-65°F → 68-69°F","{""gap"": ""0.64"", ""conf"": ""0.67"", ""ramp"": ""6.52"", ""score"": 0.6116666666666661, ""current"": ""64-65°F"", ""predicted"": ""68-69°F"", ""tEstimated"": ""20.06""}",2026-03-24 17:14:50.407614+00
2358,ruth-pws-katl-20260324-171450404,wendy,KATL,info,signal,"PWS already anticipated 66-67°F, skipping duplicate buy",,2026-03-24 17:14:50.408268+00
2359,ruth-pws-cyyz-20260324-171450893,wendy,CYYZ,debug,signal,"PWS anticipation: WEAK (score=0.292), METAR 3.0°C → estimated 2.1°C, bucket 3°C → 2°C","{""gap"": ""0.11"", ""conf"": ""0.67"", ""ramp"": ""-3.21"", ""score"": 0.29166666666666685, ""current"": ""3°C"", ""predicted"": ""2°C"", ""tEstimated"": ""2.07""}",2026-03-24 17:14:50.896009+00
2360,ruth-pws-kdal-20260324-171549817,wendy,KDAL,info,signal,"PWS anticipation: STRONG (score=0.833), METAR 73.0°F → estimated 75.1°F, bucket 72-73°F → 74-75°F","{""gap"": ""1.42"", ""conf"": ""1.00"", ""ramp"": ""0.57"", ""score"": 0.8330992756859711, ""current"": ""72-73°F"", ""predicted"": ""74-75°F"", ""tEstimated"": ""23.97""}",2026-03-24 17:15:49.833332+00
2361,ruth-pws-kord-20260324-171550006,wendy,KORD,info,signal,"PWS anticipation: MODERATE (score=0.547), METAR 43.0°F → estimated 43.7°F, bucket 42-43°F → 44-45°F","{""gap"": ""0.40"", ""conf"": ""1.00"", ""ramp"": ""0.28"", ""score"": 0.546530727642131, ""current"": ""42-43°F"", ""predicted"": ""44-45°F"", ""tEstimated"": ""6.50""}",2026-03-24 17:15:50.009378+00
2362,ruth-pws-klga-20260324-171550165,wendy,KLGA,info,signal,"PWS anticipation: STRONG (score=1.000), METAR 42.1°F → estimated 47.7°F, bucket 42-43°F → 48-49°F","{""gap"": ""1.90"", ""conf"": ""1.00"", ""ramp"": ""6.06"", ""score"": 1, ""current"": ""42-43°F"", ""predicted"": ""48-49°F"", ""tEstimated"": ""8.75""}",2026-03-24 17:15:50.170219+00
2363,ruth-pws-klga-20260324-171550165,wendy,KLGA,info,signal,"PWS already anticipated 44-45°F, skipping duplicate buy",,2026-03-24 17:15:50.177414+00
2364,ruth-pws-kmia-20260324-171550354,wendy,KMIA,info,signal,"PWS anticipation: STRONG (score=0.997), METAR 81.0°F → estimated 84.3°F, bucket 80-81°F → 84-85°F","{""gap"": ""2.41"", ""conf"": ""1.00"", ""ramp"": ""0.48"", ""score"": 0.9969701517533748, ""current"": ""80-81°F"", ""predicted"": ""84-85°F"", ""tEstimated"": ""29.03""}",2026-03-24 17:15:50.358282+00
2365,ruth-pws-kmia-20260324-171550354,wendy,KMIA,info,signal,"PWS already anticipated 84-85°F, skipping duplicate buy",,2026-03-24 17:15:50.358648+00
2366,ruth-pws-katl-20260324-171550503,wendy,KATL,info,signal,"PWS anticipation: STRONG (score=0.770), METAR 64.0°F → estimated 68.6°F, bucket 64-65°F → 68-69°F","{""gap"": ""0.76"", ""conf"": ""1.00"", ""ramp"": ""6.67"", ""score"": 0.7700000000000002, ""current"": ""64-65°F"", ""predicted"": ""68-69°F"", ""tEstimated"": ""20.33""}",2026-03-24 17:15:50.506145+00
2367,ruth-pws-katl-20260324-171550503,wendy,KATL,info,signal,"PWS already anticipated 66-67°F, skipping duplicate buy",,2026-03-24 17:15:50.506474+00
2368,ruth-pws-cyyz-20260324-171550999,wendy,CYYZ,debug,signal,"PWS anticipation: WEAK (score=0.329), METAR 3.0°C → estimated 1.6°C, bucket 3°C → 2°C","{""gap"": ""0.28"", ""conf"": ""0.67"", ""ramp"": ""-4.96"", ""score"": 0.32916666666666644, ""current"": ""3°C"", ""predicted"": ""2°C"", ""tEstimated"": ""1.61""}",2026-03-24 17:15:51.002526+00
2369,ruth-metar-ksea-20260324-171626245,wendy,KSEA,info,signal,"METAR: 6.7°C, max=6.7°C, bucket=44-45°F","{""prevBucket"": ""44-45°F""}",2026-03-24 17:16:26.261279+00
2370,ruth-pws-klga-20260324-171650175,wendy,KLGA,info,signal,"PWS already anticipated 44-45°F, skipping duplicate buy",,2026-03-24 17:16:50.18961+00
2371,ruth-pws-klga-20260324-171650175,wendy,KLGA,info,signal,"PWS anticipation: STRONG (score=1.000), METAR 42.1°F → estimated 49.0°F, bucket 42-43°F → 48-49°F","{""gap"": ""2.18"", ""conf"": ""1.00"", ""ramp"": ""7.70"", ""score"": 1, ""current"": ""42-43°F"", ""predicted"": ""48-49°F"", ""tEstimated"": ""9.43""}",2026-03-24 17:16:50.191309+00
2372,ruth-pws-kmia-20260324-171650335,wendy,KMIA,info,signal,"PWS anticipation: STRONG (score=0.985), METAR 81.0°F → estimated 84.2°F, bucket 80-81°F → 84-85°F","{""gap"": ""2.41"", ""conf"": ""1.00"", ""ramp"": ""0.42"", ""score"": 0.9848390981189185, ""current"": ""80-81°F"", ""predicted"": ""84-85°F"", ""tEstimated"": ""29.02""}",2026-03-24 17:16:50.339207+00
2373,ruth-pws-kmia-20260324-171650335,wendy,KMIA,info,signal,"PWS already anticipated 84-85°F, skipping duplicate buy",,2026-03-24 17:16:50.339583+00
2374,ruth-pws-katl-20260324-171650470,wendy,KATL,info,signal,"PWS anticipation: STRONG (score=0.770), METAR 64.0°F → estimated 68.3°F, bucket 64-65°F → 68-69°F","{""gap"": ""0.76"", ""conf"": ""1.00"", ""ramp"": ""6.16"", ""score"": 0.7700000000000002, ""current"": ""64-65°F"", ""predicted"": ""68-69°F"", ""tEstimated"": ""20.18""}",2026-03-24 17:16:50.473367+00
2375,ruth-pws-katl-20260324-171650470,wendy,KATL,info,signal,"PWS already anticipated 66-67°F, skipping duplicate buy",,2026-03-24 17:16:50.473575+00
2376,ruth-pws-cyyz-20260324-171650939,wendy,CYYZ,debug,signal,"PWS anticipation: WEAK (score=0.329), METAR 3.0°C → estimated 1.6°C, bucket 3°C → 2°C","{""gap"": ""0.28"", ""conf"": ""0.67"", ""ramp"": ""-5.08"", ""score"": 0.32916666666666644, ""current"": ""3°C"", ""predicted"": ""2°C"", ""tEstimated"": ""1.57""}",2026-03-24 17:16:50.942476+00
2377,ruth-pws-klga-20260324-171750212,wendy,KLGA,info,signal,"PWS anticipation: STRONG (score=1.000), METAR 42.1°F → estimated 51.2°F, bucket 42-43°F → 50-51°F","{""gap"": ""2.29"", ""conf"": ""1.00"", ""ramp"": ""11.63"", ""score"": 1, ""current"": ""42-43°F"", ""predicted"": ""50-51°F"", ""tEstimated"": ""10.69""}",2026-03-24 17:17:50.224271+00
2378,ruth-pws-klga-20260324-171750212,wendy,KLGA,info,signal,"PWS already anticipated 44-45°F, skipping duplicate buy",,2026-03-24 17:17:50.224875+00
2379,ruth-pws-kmia-20260324-171750356,wendy,KMIA,info,signal,"PWS anticipation: STRONG (score=0.965), METAR 81.0°F → estimated 84.2°F, bucket 80-81°F → 84-85°F","{""gap"": ""2.41"", ""conf"": ""1.00"", ""ramp"": ""0.32"", ""score"": 0.9646336737262766, ""current"": ""80-81°F"", ""predicted"": ""84-85°F"", ""tEstimated"": ""28.98""}",2026-03-24 17:17:50.359249+00
2380,ruth-pws-kmia-20260324-171750356,wendy,KMIA,info,signal,"PWS already anticipated 84-85°F, skipping duplicate buy",,2026-03-24 17:17:50.359622+00
2381,ruth-pws-katl-20260324-171750502,wendy,KATL,info,signal,"PWS anticipation: STRONG (score=0.770), METAR 64.0°F → estimated 67.7°F, bucket 64-65°F → 68-69°F","{""gap"": ""0.76"", ""conf"": ""1.00"", ""ramp"": ""5.05"", ""score"": 0.7700000000000002, ""current"": ""64-65°F"", ""predicted"": ""68-69°F"", ""tEstimated"": ""19.84""}",2026-03-24 17:17:50.505661+00
2382,ruth-pws-katl-20260324-171750502,wendy,KATL,info,signal,"PWS already anticipated 66-67°F, skipping duplicate buy",,2026-03-24 17:17:50.506073+00
2383,ruth-pws-cyyz-20260324-171750950,wendy,CYYZ,debug,signal,"PWS anticipation: WEAK (score=0.329), METAR 3.0°C → estimated 1.8°C, bucket 3°C → 2°C","{""gap"": ""0.28"", ""conf"": ""0.67"", ""ramp"": ""-4.22"", ""score"": 0.32916666666666644, ""current"": ""3°C"", ""predicted"": ""2°C"", ""tEstimated"": ""1.83""}",2026-03-24 17:17:50.953975+00
2384,ruth-pws-ksea-20260324-171849704,wendy,KSEA,info,signal,"PWS anticipation: STRONG (score=0.692), METAR 44.1°F → estimated 45.6°F, bucket 44-45°F → 46-47°F","{""gap"": ""0.41"", ""conf"": ""1.00"", ""ramp"": ""1.84"", ""score"": 0.6924999999999997, ""current"": ""44-45°F"", ""predicted"": ""46-47°F"", ""tEstimated"": ""7.54""}",2026-03-24 17:18:49.721857+00
2385,ruth-pws-ksea-20260324-171849704,wendy,KSEA,info,guard,"PWS guards blocked: price_out_of_range | estimated 45.6°F, bucket 46-47°F, price 0.00",,2026-03-24 17:18:49.723535+00
2386,ruth-pws-klga-20260324-171850195,wendy,KLGA,info,signal,"PWS already anticipated 44-45°F, skipping duplicate buy",,2026-03-24 17:18:50.199352+00
2387,ruth-pws-klga-20260324-171850195,wendy,KLGA,info,signal,"PWS anticipation: STRONG (score=1.000), METAR 42.1°F → estimated 52.2°F, bucket 42-43°F → 52-53°F","{""gap"": ""2.40"", ""conf"": ""1.00"", ""ramp"": ""13.19"", ""score"": 1, ""current"": ""42-43°F"", ""predicted"": ""52-53°F"", ""tEstimated"": ""11.24""}",2026-03-24 17:18:50.199802+00
2388,ruth-pws-kmia-20260324-171850360,wendy,KMIA,info,signal,"PWS anticipation: STRONG (score=0.936), METAR 81.0°F → estimated 84.1°F, bucket 80-81°F → 84-85°F","{""gap"": ""2.41"", ""conf"": ""1.00"", ""ramp"": ""0.18"", ""score"": 0.9363569464357363, ""current"": ""80-81°F"", ""predicted"": ""84-85°F"", ""tEstimated"": ""28.94""}",2026-03-24 17:18:50.363804+00
2389,ruth-pws-kmia-20260324-171850360,wendy,KMIA,info,signal,"PWS already anticipated 84-85°F, skipping duplicate buy",,2026-03-24 17:18:50.364854+00
2390,ruth-pws-katl-20260324-171850523,wendy,KATL,info,signal,"PWS anticipation: STRONG (score=0.770), METAR 64.0°F → estimated 66.8°F, bucket 64-65°F → 66-67°F","{""gap"": ""0.76"", ""conf"": ""1.00"", ""ramp"": ""3.33"", ""score"": 0.7700000000000002, ""current"": ""64-65°F"", ""predicted"": ""66-67°F"", ""tEstimated"": ""19.33""}",2026-03-24 17:18:50.526396+00
2391,ruth-pws-katl-20260324-171850523,wendy,KATL,info,signal,"PWS already anticipated 66-67°F, skipping duplicate buy",,2026-03-24 17:18:50.52666+00
2392,ruth-pws-cyyz-20260324-171851074,wendy,CYYZ,debug,signal,"PWS anticipation: WEAK (score=0.329), METAR 3.0°C → estimated 2.2°C, bucket 3°C → 2°C","{""gap"": ""0.28"", ""conf"": ""0.67"", ""ramp"": ""-2.90"", ""score"": 0.32916666666666644, ""current"": ""3°C"", ""predicted"": ""2°C"", ""tEstimated"": ""2.22""}",2026-03-24 17:18:51.077596+00
2393,ruth-pws-ksea-20260324-171949701,wendy,KSEA,info,signal,"PWS anticipation: STRONG (score=0.692), METAR 44.1°F → estimated 45.5°F, bucket 44-45°F → 46-47°F","{""gap"": ""0.41"", ""conf"": ""1.00"", ""ramp"": ""1.72"", ""score"": 0.6924999999999997, ""current"": ""44-45°F"", ""predicted"": ""46-47°F"", ""tEstimated"": ""7.50""}",2026-03-24 17:19:49.720493+00
2394,ruth-pws-ksea-20260324-171949701,wendy,KSEA,info,guard,"PWS guards blocked: price_out_of_range | estimated 45.5°F, bucket 46-47°F, price 0.00",,2026-03-24 17:19:49.722201+00
2395,ruth-pws-kord-20260324-171950057,wendy,KORD,info,signal,"PWS anticipation: STRONG (score=0.553), METAR 43.0°F → estimated 43.6°F, bucket 42-43°F → 44-45°F","{""gap"": ""0.68"", ""conf"": ""1.00"", ""ramp"": ""-0.67"", ""score"": 0.5525000000000004, ""current"": ""42-43°F"", ""predicted"": ""44-45°F"", ""tEstimated"": ""6.44""}",2026-03-24 17:19:50.063125+00
2396,ruth-pws-kord-20260324-171950057,wendy,KORD,info,guard,"PWS guards blocked: price_out_of_range | estimated 43.6°F, bucket 44-45°F, price 0.02",,2026-03-24 17:19:50.065859+00
2397,ruth-pws-klga-20260324-171950223,wendy,KLGA,info,signal,"PWS anticipation: STRONG (score=1.000), METAR 42.1°F → estimated 52.5°F, bucket 42-43°F → 52-53°F","{""gap"": ""2.51"", ""conf"": ""1.00"", ""ramp"": ""13.49"", ""score"": 1, ""current"": ""42-43°F"", ""predicted"": ""52-53°F"", ""tEstimated"": ""11.41""}",2026-03-24 17:19:50.227659+00
2398,ruth-pws-klga-20260324-171950223,wendy,KLGA,info,signal,"PWS already anticipated 44-45°F, skipping duplicate buy",,2026-03-24 17:19:50.228022+00
2399,ruth-pws-kmia-20260324-171950444,wendy,KMIA,info,signal,"PWS anticipation: STRONG (score=0.900), METAR 81.0°F → estimated 84.0°F, bucket 80-81°F → 84-85°F","{""gap"": ""2.41"", ""conf"": ""1.00"", ""ramp"": ""0.00"", ""score"": 0.9, ""current"": ""80-81°F"", ""predicted"": ""84-85°F"", ""tEstimated"": ""28.89""}",2026-03-24 17:19:50.447333+00
2400,ruth-pws-kmia-20260324-171950444,wendy,KMIA,info,signal,"PWS already anticipated 84-85°F, skipping duplicate buy",,2026-03-24 17:19:50.447917+00
2401,ruth-pws-katl-20260324-171950601,wendy,KATL,info,signal,"PWS anticipation: STRONG (score=0.770), METAR 64.0°F → estimated 65.5°F, bucket 64-65°F → 66-67°F","{""gap"": ""0.76"", ""conf"": ""1.00"", ""ramp"": ""1.01"", ""score"": 0.7700000000000002, ""current"": ""64-65°F"", ""predicted"": ""66-67°F"", ""tEstimated"": ""18.63""}",2026-03-24 17:19:50.604547+00
2402,ruth-pws-katl-20260324-171950601,wendy,KATL,info,signal,"PWS already anticipated 66-67°F, skipping duplicate buy",,2026-03-24 17:19:50.605001+00
2403,ruth-pws-lfpg-20260324-171950933,wendy,LFPG,debug,signal,"PWS anticipation: WEAK (score=-0.475), METAR 18.0°C → estimated 17.5°C, bucket 18°C → 17°C","{""gap"": ""-2.11"", ""conf"": ""0.00"", ""ramp"": ""-1.71"", ""score"": -0.4749999999999999, ""current"": ""18°C"", ""predicted"": ""17°C"", ""tEstimated"": ""17.49""}",2026-03-24 17:19:50.936006+00
2404,ruth-pws-kdal-20260324-172049842,wendy,KDAL,info,signal,"PWS anticipation: STRONG (score=0.832), METAR 73.0°F → estimated 74.7°F, bucket 72-73°F → 74-75°F","{""gap"": ""1.92"", ""conf"": ""1.00"", ""ramp"": ""-1.43"", ""score"": 0.8324999999999997, ""current"": ""72-73°F"", ""predicted"": ""74-75°F"", ""tEstimated"": ""23.72""}",2026-03-24 17:20:49.855042+00
2405,ruth-pws-kord-20260324-172050002,wendy,KORD,info,signal,"PWS anticipation: STRONG (score=0.593), METAR 43.0°F → estimated 44.1°F, bucket 42-43°F → 44-45°F","{""gap"": ""0.68"", ""conf"": ""1.00"", ""ramp"": ""0.20"", ""score"": 0.592890835173089, ""current"": ""42-43°F"", ""predicted"": ""44-45°F"", ""tEstimated"": ""6.70""}",2026-03-24 17:20:50.006607+00
2406,ruth-pws-kord-20260324-172050002,wendy,KORD,info,guard,"PWS guards blocked: price_out_of_range | estimated 44.1°F, bucket 44-45°F, price 0.02",,2026-03-24 17:20:50.016976+00
2407,ruth-pws-klga-20260324-172050160,wendy,KLGA,info,signal,"PWS anticipation: STRONG (score=1.000), METAR 42.1°F → estimated 50.1°F, bucket 42-43°F → 50-51°F","{""gap"": ""1.90"", ""conf"": ""1.00"", ""ramp"": ""10.46"", ""score"": 1, ""current"": ""42-43°F"", ""predicted"": ""50-51°F"", ""tEstimated"": ""10.07""}",2026-03-24 17:20:50.164422+00
2408,ruth-pws-klga-20260324-172050160,wendy,KLGA,info,signal,"PWS already anticipated 44-45°F, skipping duplicate buy",,2026-03-24 17:20:50.164951+00
2410,ruth-pws-kmia-20260324-172050327,wendy,KMIA,info,signal,"PWS anticipation: STRONG (score=0.900), METAR 81.0°F → estimated 84.0°F, bucket 80-81°F → 84-85°F","{""gap"": ""2.41"", ""conf"": ""1.00"", ""ramp"": ""0.00"", ""score"": 0.9000000000000744, ""current"": ""80-81°F"", ""predicted"": ""84-85°F"", ""tEstimated"": ""28.89""}",2026-03-24 17:20:50.330612+00
2409,ruth-pws-kmia-20260324-172050327,wendy,KMIA,info,signal,"PWS already anticipated 84-85°F, skipping duplicate buy",,2026-03-24 17:20:50.330712+00
2411,ruth-pws-katl-20260324-172050469,wendy,KATL,info,signal,"PWS anticipation: STRONG (score=0.764), METAR 64.0°F → estimated 65.5°F, bucket 64-65°F → 66-67°F","{""gap"": ""0.76"", ""conf"": ""1.00"", ""ramp"": ""0.97"", ""score"": 0.7639085008573099, ""current"": ""64-65°F"", ""predicted"": ""66-67°F"", ""tEstimated"": ""18.62""}",2026-03-24 17:20:50.472653+00
2412,ruth-pws-katl-20260324-172050469,wendy,KATL,info,signal,"PWS already anticipated 66-67°F, skipping duplicate buy",,2026-03-24 17:20:50.472968+00
2413,ruth-pws-lfpg-20260324-172050792,wendy,LFPG,debug,signal,"PWS anticipation: WEAK (score=-0.475), METAR 18.0°C → estimated 17.5°C, bucket 18°C → 17°C","{""gap"": ""-2.11"", ""conf"": ""0.00"", ""ramp"": ""-1.73"", ""score"": -0.4749999999999999, ""current"": ""18°C"", ""predicted"": ""17°C"", ""tEstimated"": ""17.48""}",2026-03-24 17:20:50.795469+00
2414,ruth-metar-ksea-20260324-172124145,wendy,KSEA,info,signal,"METAR: 6.7°C, max=6.7°C, bucket=44-45°F","{""prevBucket"": ""44-45°F""}",2026-03-24 17:21:24.158212+00
2415,ruth-pws-kdal-20260324-172149840,wendy,KDAL,info,signal,"PWS anticipation: STRONG (score=0.950), METAR 73.0°F → estimated 75.8°F, bucket 72-73°F → 76-77°F","{""gap"": ""1.98"", ""conf"": ""1.00"", ""ramp"": ""0.52"", ""score"": 0.9499615347420113, ""current"": ""72-73°F"", ""predicted"": ""76-77°F"", ""tEstimated"": ""24.34""}",2026-03-24 17:21:49.854127+00
2416,ruth-pws-kord-20260324-172150025,wendy,KORD,info,signal,"PWS anticipation: STRONG (score=0.778), METAR 43.0°F → estimated 44.9°F, bucket 42-43°F → 44-45°F","{""gap"": ""0.79"", ""conf"": ""1.00"", ""ramp"": ""1.39"", ""score"": 0.7775000000000001, ""current"": ""42-43°F"", ""predicted"": ""44-45°F"", ""tEstimated"": ""7.15""}",2026-03-24 17:21:50.030932+00
2417,ruth-pws-kord-20260324-172150025,wendy,KORD,info,guard,"PWS guards blocked: price_out_of_range | estimated 44.9°F, bucket 44-45°F, price 0.01",,2026-03-24 17:21:50.043603+00
2418,ruth-pws-klga-20260324-172150190,wendy,KLGA,info,signal,"PWS anticipation: STRONG (score=1.000), METAR 42.1°F → estimated 47.9°F, bucket 42-43°F → 48-49°F","{""gap"": ""1.79"", ""conf"": ""1.00"", ""ramp"": ""6.63"", ""score"": 1, ""current"": ""42-43°F"", ""predicted"": ""48-49°F"", ""tEstimated"": ""8.84""}",2026-03-24 17:21:50.19392+00
2419,ruth-pws-klga-20260324-172150190,wendy,KLGA,info,signal,"PWS already anticipated 44-45°F, skipping duplicate buy",,2026-03-24 17:21:50.202724+00
2420,ruth-pws-kmia-20260324-172150358,wendy,KMIA,info,signal,"PWS anticipation: STRONG (score=0.900), METAR 81.0°F → estimated 84.0°F, bucket 80-81°F → 84-85°F","{""gap"": ""2.41"", ""conf"": ""1.00"", ""ramp"": ""0.00"", ""score"": 0.9000000000000496, ""current"": ""80-81°F"", ""predicted"": ""84-85°F"", ""tEstimated"": ""28.89""}",2026-03-24 17:21:50.36114+00
2421,ruth-pws-kmia-20260324-172150358,wendy,KMIA,info,signal,"PWS already anticipated 84-85°F, skipping duplicate buy",,2026-03-24 17:21:50.361426+00
2422,ruth-pws-lfpg-20260324-172150885,wendy,LFPG,debug,signal,"PWS anticipation: WEAK (score=-0.475), METAR 18.0°C → estimated 17.5°C, bucket 18°C → 17°C","{""gap"": ""-2.11"", ""conf"": ""0.00"", ""ramp"": ""-1.70"", ""score"": -0.4749999999999999, ""current"": ""18°C"", ""predicted"": ""17°C"", ""tEstimated"": ""17.49""}",2026-03-24 17:21:50.887844+00
2423,ruth-pws-cyyz-20260324-172151261,wendy,CYYZ,info,signal,"PWS anticipation: STRONG (score=0.604), METAR 3.0°C → estimated 3.8°C, bucket 3°C → 4°C","{""gap"": ""0.61"", ""conf"": ""0.67"", ""ramp"": ""1.86"", ""score"": 0.6041666666666667, ""current"": ""3°C"", ""predicted"": ""4°C"", ""tEstimated"": ""3.76""}",2026-03-24 17:21:51.26532+00
2424,ruth-pws-cyyz-20260324-172151261,wendy,CYYZ,info,signal,"PWS already anticipated 5°C, skipping duplicate buy",,2026-03-24 17:21:51.265544+00
2425,ruth-pws-kdal-20260324-172249827,wendy,KDAL,info,signal,"PWS anticipation: STRONG (score=1.000), METAR 73.0°F → estimated 76.8°F, bucket 72-73°F → 76-77°F","{""gap"": ""1.98"", ""conf"": ""1.00"", ""ramp"": ""2.36"", ""score"": 1, ""current"": ""72-73°F"", ""predicted"": ""76-77°F"", ""tEstimated"": ""24.89""}",2026-03-24 17:22:49.839617+00
2426,ruth-pws-kord-20260324-172249977,wendy,KORD,info,signal,"PWS anticipation: STRONG (score=0.778), METAR 43.0°F → estimated 45.4°F, bucket 42-43°F → 44-45°F","{""gap"": ""0.79"", ""conf"": ""1.00"", ""ramp"": ""2.46"", ""score"": 0.7775000000000001, ""current"": ""42-43°F"", ""predicted"": ""44-45°F"", ""tEstimated"": ""7.47""}",2026-03-24 17:22:49.980998+00
2427,ruth-pws-kord-20260324-172249977,wendy,KORD,info,guard,"PWS guards blocked: price_out_of_range | estimated 45.4°F, bucket 44-45°F, price 0.01",,2026-03-24 17:22:49.989383+00
2428,ruth-pws-klga-20260324-172250155,wendy,KLGA,info,signal,"PWS anticipation: STRONG (score=1.000), METAR 42.1°F → estimated 46.5°F, bucket 42-43°F → 46-47°F","{""gap"": ""1.90"", ""conf"": ""1.00"", ""ramp"": ""3.76"", ""score"": 1, ""current"": ""42-43°F"", ""predicted"": ""46-47°F"", ""tEstimated"": ""8.06""}",2026-03-24 17:22:50.15778+00
2429,ruth-pws-klga-20260324-172250155,wendy,KLGA,info,signal,"PWS already anticipated 44-45°F, skipping duplicate buy",,2026-03-24 17:22:50.158358+00
2430,ruth-pws-kmia-20260324-172250323,wendy,KMIA,info,signal,"PWS anticipation: STRONG (score=0.900), METAR 81.0°F → estimated 84.0°F, bucket 80-81°F → 84-85°F","{""gap"": ""2.41"", ""conf"": ""1.00"", ""ramp"": ""0.00"", ""score"": 0.9000000000000496, ""current"": ""80-81°F"", ""predicted"": ""84-85°F"", ""tEstimated"": ""28.89""}",2026-03-24 17:22:50.325583+00
2431,ruth-pws-kmia-20260324-172250323,wendy,KMIA,info,signal,"PWS already anticipated 84-85°F, skipping duplicate buy",,2026-03-24 17:22:50.32589+00
2432,ruth-pws-cyyz-20260324-172251011,wendy,CYYZ,info,signal,"PWS anticipation: STRONG (score=0.679), METAR 3.0°C → estimated 4.6°C, bucket 3°C → 5°C","{""gap"": ""0.94"", ""conf"": ""0.67"", ""ramp"": ""4.36"", ""score"": 0.6791666666666668, ""current"": ""3°C"", ""predicted"": ""5°C"", ""tEstimated"": ""4.62""}",2026-03-24 17:22:51.01471+00
2433,ruth-pws-cyyz-20260324-172251011,wendy,CYYZ,info,signal,"PWS already anticipated 5°C, skipping duplicate buy",,2026-03-24 17:22:51.014925+00
2434,ruth-pws-kdal-20260324-172349803,wendy,KDAL,info,signal,"PWS anticipation: STRONG (score=1.000), METAR 73.0°F → estimated 77.7°F, bucket 72-73°F → 78-79°F","{""gap"": ""1.98"", ""conf"": ""1.00"", ""ramp"": ""4.08"", ""score"": 1, ""current"": ""72-73°F"", ""predicted"": ""78-79°F"", ""tEstimated"": ""25.41""}",2026-03-24 17:23:49.815368+00
2435,ruth-pws-kdal-20260324-172349803,wendy,KDAL,info,guard,"PWS guards blocked: price_out_of_range | estimated 77.7°F, bucket 78-79°F, price 0.00",,2026-03-24 17:23:49.819168+00
2436,ruth-pws-kord-20260324-172349959,wendy,KORD,info,signal,"PWS anticipation: STRONG (score=0.778), METAR 43.0°F → estimated 45.7°F, bucket 42-43°F → 46-47°F","{""gap"": ""0.79"", ""conf"": ""1.00"", ""ramp"": ""2.97"", ""score"": 0.7775000000000001, ""current"": ""42-43°F"", ""predicted"": ""46-47°F"", ""tEstimated"": ""7.62""}",2026-03-24 17:23:49.962578+00
2437,ruth-pws-kord-20260324-172349959,wendy,KORD,info,guard,"PWS guards blocked: price_out_of_range | estimated 45.7°F, bucket 46-47°F, price 0.04",,2026-03-24 17:23:49.965385+00
2438,ruth-pws-klga-20260324-172350112,wendy,KLGA,info,signal,"PWS anticipation: STRONG (score=0.937), METAR 42.1°F → estimated 44.8°F, bucket 42-43°F → 44-45°F","{""gap"": ""1.90"", ""conf"": ""1.00"", ""ramp"": ""0.55"", ""score"": 0.9368132241070918, ""current"": ""42-43°F"", ""predicted"": ""44-45°F"", ""tEstimated"": ""7.09""}",2026-03-24 17:23:50.115795+00
2439,ruth-pws-klga-20260324-172350112,wendy,KLGA,info,signal,"PWS already anticipated 44-45°F, skipping duplicate buy",,2026-03-24 17:23:50.116162+00
2440,ruth-pws-kmia-20260324-172350259,wendy,KMIA,info,signal,"PWS anticipation: STRONG (score=0.900), METAR 81.0°F → estimated 84.0°F, bucket 80-81°F → 84-85°F","{""gap"": ""2.41"", ""conf"": ""1.00"", ""ramp"": ""0.00"", ""score"": 0.9, ""current"": ""80-81°F"", ""predicted"": ""84-85°F"", ""tEstimated"": ""28.89""}",2026-03-24 17:23:50.262635+00
2441,ruth-pws-kmia-20260324-172350259,wendy,KMIA,info,signal,"PWS already anticipated 84-85°F, skipping duplicate buy",,2026-03-24 17:23:50.262843+00
2442,ruth-pws-cyyz-20260324-172350837,wendy,CYYZ,info,signal,"PWS anticipation: STRONG (score=0.667), METAR 3.0°C → estimated 4.7°C, bucket 3°C → 5°C","{""gap"": ""0.89"", ""conf"": ""0.67"", ""ramp"": ""4.60"", ""score"": 0.6666666666666667, ""current"": ""3°C"", ""predicted"": ""5°C"", ""tEstimated"": ""4.68""}",2026-03-24 17:23:50.841102+00
2443,ruth-pws-cyyz-20260324-172350837,wendy,CYYZ,info,signal,"PWS already anticipated 5°C, skipping duplicate buy",,2026-03-24 17:23:50.841377+00
2444,ruth-metar-eglc-20260324-172411399,wendy,EGLC,info,signal,"METAR: 12°C, max=12°C, bucket=12°C","{""prevBucket"": ""12°C""}",2026-03-24 17:24:11.415304+00
2445,ruth-pws-kdal-20260324-172449804,wendy,KDAL,info,signal,"PWS anticipation: STRONG (score=1.000), METAR 73.0°F → estimated 77.6°F, bucket 72-73°F → 78-79°F","{""gap"": ""1.98"", ""conf"": ""1.00"", ""ramp"": ""3.91"", ""score"": 1, ""current"": ""72-73°F"", ""predicted"": ""78-79°F"", ""tEstimated"": ""25.36""}",2026-03-24 17:24:49.817524+00
2446,ruth-pws-kdal-20260324-172449804,wendy,KDAL,info,guard,"PWS guards blocked: price_out_of_range | estimated 77.6°F, bucket 78-79°F, price 0.00",,2026-03-24 17:24:49.871065+00
2447,ruth-pws-kord-20260324-172450015,wendy,KORD,info,signal,"PWS anticipation: STRONG (score=0.778), METAR 43.0°F → estimated 45.9°F, bucket 42-43°F → 46-47°F","{""gap"": ""0.79"", ""conf"": ""1.00"", ""ramp"": ""3.27"", ""score"": 0.7775000000000001, ""current"": ""42-43°F"", ""predicted"": ""46-47°F"", ""tEstimated"": ""7.71""}",2026-03-24 17:24:50.019153+00
2448,ruth-pws-kord-20260324-172450015,wendy,KORD,info,guard,"PWS guards blocked: price_out_of_range | estimated 45.9°F, bucket 46-47°F, price 0.04",,2026-03-24 17:24:50.033776+00
2449,ruth-pws-klga-20260324-172450232,wendy,KLGA,info,signal,"PWS anticipation: STRONG (score=0.853), METAR 42.1°F → estimated 43.6°F, bucket 42-43°F → 44-45°F","{""gap"": ""2.01"", ""conf"": ""1.00"", ""ramp"": ""-1.94"", ""score"": 0.8525000000000005, ""current"": ""42-43°F"", ""predicted"": ""44-45°F"", ""tEstimated"": ""6.43""}",2026-03-24 17:24:50.237713+00
2450,ruth-pws-klga-20260324-172450232,wendy,KLGA,info,signal,"PWS already anticipated 44-45°F, skipping duplicate buy",,2026-03-24 17:24:50.246145+00
2451,ruth-pws-kmia-20260324-172450427,wendy,KMIA,info,signal,"PWS anticipation: STRONG (score=0.900), METAR 81.0°F → estimated 84.0°F, bucket 80-81°F → 84-85°F","{""gap"": ""2.41"", ""conf"": ""1.00"", ""ramp"": ""0.00"", ""score"": 0.9, ""current"": ""80-81°F"", ""predicted"": ""84-85°F"", ""tEstimated"": ""28.89""}",2026-03-24 17:24:50.430241+00
2452,ruth-pws-kmia-20260324-172450427,wendy,KMIA,info,signal,"PWS already anticipated 84-85°F, skipping duplicate buy",,2026-03-24 17:24:50.430857+00
2453,ruth-pws-cyyz-20260324-172451078,wendy,CYYZ,info,signal,"PWS anticipation: STRONG (score=0.642), METAR 3.0°C → estimated 4.7°C, bucket 3°C → 5°C","{""gap"": ""0.78"", ""conf"": ""0.67"", ""ramp"": ""4.85"", ""score"": 0.6416666666666664, ""current"": ""3°C"", ""predicted"": ""5°C"", ""tEstimated"": ""4.71""}",2026-03-24 17:24:51.081648+00
2454,ruth-pws-cyyz-20260324-172451078,wendy,CYYZ,info,signal,"PWS already anticipated 5°C, skipping duplicate buy",,2026-03-24 17:24:51.081985+00
2455,ruth-pws-kdal-20260324-172549873,wendy,KDAL,info,guard,"PWS guards blocked: price_out_of_range | estimated 78.6°F, bucket 78-79°F, price 0.00",,2026-03-24 17:25:49.887268+00
2456,ruth-pws-kdal-20260324-172549873,wendy,KDAL,info,signal,"PWS anticipation: STRONG (score=1.000), METAR 73.0°F → estimated 78.6°F, bucket 72-73°F → 78-79°F","{""gap"": ""1.98"", ""conf"": ""1.00"", ""ramp"": ""5.60"", ""score"": 1, ""current"": ""72-73°F"", ""predicted"": ""78-79°F"", ""tEstimated"": ""25.86""}",2026-03-24 17:25:49.887336+00
2457,ruth-pws-kord-20260324-172550078,wendy,KORD,info,signal,"PWS anticipation: STRONG (score=0.803), METAR 43.0°F → estimated 46.1°F, bucket 42-43°F → 46-47°F","{""gap"": ""0.90"", ""conf"": ""1.00"", ""ramp"": ""3.29"", ""score"": 0.8025000000000002, ""current"": ""42-43°F"", ""predicted"": ""46-47°F"", ""tEstimated"": ""7.81""}",2026-03-24 17:25:50.084009+00
2458,ruth-pws-kord-20260324-172550078,wendy,KORD,info,guard,"PWS guards blocked: price_out_of_range | estimated 46.1°F, bucket 46-47°F, price 0.04",,2026-03-24 17:25:50.088196+00
2459,ruth-pws-klga-20260324-172550315,wendy,KLGA,info,signal,"PWS anticipation: STRONG (score=0.900), METAR 42.1°F → estimated 43.9°F, bucket 42-43°F → 44-45°F","{""gap"": ""2.29"", ""conf"": ""1.00"", ""ramp"": ""-1.96"", ""score"": 0.9, ""current"": ""42-43°F"", ""predicted"": ""44-45°F"", ""tEstimated"": ""6.61""}",2026-03-24 17:25:50.319011+00
2460,ruth-pws-klga-20260324-172550315,wendy,KLGA,info,signal,"PWS already anticipated 44-45°F, skipping duplicate buy",,2026-03-24 17:25:50.31931+00
2461,ruth-pws-kmia-20260324-172550544,wendy,KMIA,info,signal,"PWS already anticipated 84-85°F, skipping duplicate buy",,2026-03-24 17:25:50.547851+00
2462,ruth-pws-kmia-20260324-172550544,wendy,KMIA,info,signal,"PWS anticipation: STRONG (score=0.900), METAR 81.0°F → estimated 84.0°F, bucket 80-81°F → 84-85°F","{""gap"": ""2.41"", ""conf"": ""1.00"", ""ramp"": ""0.00"", ""score"": 0.9000000000000744, ""current"": ""80-81°F"", ""predicted"": ""84-85°F"", ""tEstimated"": ""28.89""}",2026-03-24 17:25:50.548411+00
2463,ruth-pws-katl-20260324-172550707,wendy,KATL,info,signal,"PWS anticipation: STRONG (score=0.766), METAR 64.0°F → estimated 65.7°F, bucket 64-65°F → 66-67°F","{""gap"": ""0.98"", ""conf"": ""1.00"", ""ramp"": ""0.73"", ""score"": 0.7655001903897872, ""current"": ""64-65°F"", ""predicted"": ""66-67°F"", ""tEstimated"": ""18.70""}",2026-03-24 17:25:50.710859+00
2464,ruth-pws-katl-20260324-172550707,wendy,KATL,info,signal,"PWS already anticipated 66-67°F, skipping duplicate buy",,2026-03-24 17:25:50.711464+00
2465,ruth-pws-cyyz-20260324-172551330,wendy,CYYZ,info,signal,"PWS anticipation: STRONG (score=0.579), METAR 3.0°C → estimated 4.3°C, bucket 3°C → 4°C","{""gap"": ""0.50"", ""conf"": ""0.67"", ""ramp"": ""3.71"", ""score"": 0.5791666666666663, ""current"": ""3°C"", ""predicted"": ""4°C"", ""tEstimated"": ""4.28""}",2026-03-24 17:25:51.33426+00
2466,ruth-pws-cyyz-20260324-172551330,wendy,CYYZ,info,signal,"PWS already anticipated 5°C, skipping duplicate buy",,2026-03-24 17:25:51.334693+00
2467,ruth-pws-kdal-20260324-172650290,wendy,KDAL,info,signal,"PWS anticipation: STRONG (score=1.000), METAR 73.0°F → estimated 77.8°F, bucket 72-73°F → 78-79°F","{""gap"": ""1.98"", ""conf"": ""1.00"", ""ramp"": ""4.22"", ""score"": 1, ""current"": ""72-73°F"", ""predicted"": ""78-79°F"", ""tEstimated"": ""25.45""}",2026-03-24 17:26:50.304767+00
2468,ruth-pws-kdal-20260324-172650290,wendy,KDAL,info,guard,"PWS guards blocked: price_out_of_range | estimated 77.8°F, bucket 78-79°F, price 0.00",,2026-03-24 17:26:50.308644+00
2469,ruth-pws-kord-20260324-172650765,wendy,KORD,info,signal,"PWS anticipation: STRONG (score=0.803), METAR 43.0°F → estimated 45.9°F, bucket 42-43°F → 46-47°F","{""gap"": ""0.90"", ""conf"": ""1.00"", ""ramp"": ""2.95"", ""score"": 0.8025000000000002, ""current"": ""42-43°F"", ""predicted"": ""46-47°F"", ""tEstimated"": ""7.70""}",2026-03-24 17:26:50.769281+00
2470,ruth-pws-kord-20260324-172650765,wendy,KORD,info,guard,"PWS guards blocked: price_out_of_range | estimated 45.9°F, bucket 46-47°F, price 0.04",,2026-03-24 17:26:50.772068+00
2471,ruth-pws-klga-20260324-172651132,wendy,KLGA,info,signal,"PWS anticipation: STRONG (score=0.900), METAR 42.1°F → estimated 45.0°F, bucket 42-43°F → 44-45°F","{""gap"": ""2.51"", ""conf"": ""1.00"", ""ramp"": ""-0.42"", ""score"": 0.9, ""current"": ""42-43°F"", ""predicted"": ""44-45°F"", ""tEstimated"": ""7.23""}",2026-03-24 17:26:51.135964+00
2472,ruth-pws-klga-20260324-172651132,wendy,KLGA,info,signal,"PWS already anticipated 44-45°F, skipping duplicate buy",,2026-03-24 17:26:51.136122+00
2473,ruth-pws-kmia-20260324-172651551,wendy,KMIA,info,signal,"PWS anticipation: STRONG (score=0.900), METAR 81.0°F → estimated 84.0°F, bucket 80-81°F → 84-85°F","{""gap"": ""2.41"", ""conf"": ""1.00"", ""ramp"": ""-0.00"", ""score"": 0.9, ""current"": ""80-81°F"", ""predicted"": ""84-85°F"", ""tEstimated"": ""28.89""}",2026-03-24 17:26:51.554789+00
2474,ruth-pws-kmia-20260324-172651551,wendy,KMIA,info,signal,"PWS already anticipated 84-85°F, skipping duplicate buy",,2026-03-24 17:26:51.555799+00
2475,ruth-pws-katl-20260324-172651781,wendy,KATL,info,signal,"PWS already anticipated 66-67°F, skipping duplicate buy",,2026-03-24 17:26:51.784757+00
2476,ruth-pws-katl-20260324-172651781,wendy,KATL,info,signal,"PWS anticipation: STRONG (score=0.820), METAR 64.0°F → estimated 66.0°F, bucket 64-65°F → 66-67°F","{""gap"": ""0.98"", ""conf"": ""1.00"", ""ramp"": ""1.29"", ""score"": 0.8200000000000001, ""current"": ""64-65°F"", ""predicted"": ""66-67°F"", ""tEstimated"": ""18.87""}",2026-03-24 17:26:51.785619+00
2477,ruth-pws-cyyz-20260324-172653522,wendy,CYYZ,info,signal,"PWS already anticipated 5°C, skipping duplicate buy",,2026-03-24 17:26:53.525761+00
2478,ruth-pws-cyyz-20260324-172653522,wendy,CYYZ,info,signal,"PWS anticipation: STRONG (score=0.554), METAR 3.0°C → estimated 3.7°C, bucket 3°C → 4°C","{""gap"": ""0.39"", ""conf"": ""0.67"", ""ramp"": ""2.04"", ""score"": 0.5541666666666669, ""current"": ""3°C"", ""predicted"": ""4°C"", ""tEstimated"": ""3.74""}",2026-03-24 17:26:53.526176+00
2479,ruth-pws-kdal-20260324-172749776,wendy,KDAL,info,signal,"PWS anticipation: STRONG (score=1.000), METAR 73.0°F → estimated 77.0°F, bucket 72-73°F → 76-77°F","{""gap"": ""1.81"", ""conf"": ""1.00"", ""ramp"": ""3.15"", ""score"": 1, ""current"": ""72-73°F"", ""predicted"": ""76-77°F"", ""tEstimated"": ""25.01""}",2026-03-24 17:27:49.789444+00
2480,ruth-pws-kord-20260324-172749953,wendy,KORD,info,signal,"PWS anticipation: STRONG (score=0.827), METAR 43.0°F → estimated 46.1°F, bucket 42-43°F → 46-47°F","{""gap"": ""1.01"", ""conf"": ""1.00"", ""ramp"": ""3.00"", ""score"": 0.8274999999999997, ""current"": ""42-43°F"", ""predicted"": ""46-47°F"", ""tEstimated"": ""7.81""}",2026-03-24 17:27:49.956689+00
2481,ruth-pws-kord-20260324-172749953,wendy,KORD,info,guard,"PWS guards blocked: price_out_of_range | estimated 46.1°F, bucket 46-47°F, price 0.04",,2026-03-24 17:27:49.970534+00
2482,ruth-pws-klga-20260324-172750132,wendy,KLGA,info,signal,"PWS anticipation: STRONG (score=1.000), METAR 42.1°F → estimated 45.9°F, bucket 42-43°F → 46-47°F","{""gap"": ""2.62"", ""conf"": ""1.00"", ""ramp"": ""0.97"", ""score"": 1, ""current"": ""42-43°F"", ""predicted"": ""46-47°F"", ""tEstimated"": ""7.73""}",2026-03-24 17:27:50.135517+00
2483,ruth-pws-klga-20260324-172750132,wendy,KLGA,info,signal,"PWS already anticipated 44-45°F, skipping duplicate buy",,2026-03-24 17:27:50.143275+00
2484,ruth-pws-kmia-20260324-172750282,wendy,KMIA,info,signal,"PWS anticipation: STRONG (score=0.900), METAR 81.0°F → estimated 84.0°F, bucket 80-81°F → 84-85°F","{""gap"": ""2.41"", ""conf"": ""1.00"", ""ramp"": ""0.00"", ""score"": 0.9000000000000338, ""current"": ""80-81°F"", ""predicted"": ""84-85°F"", ""tEstimated"": ""28.89""}",2026-03-24 17:27:50.285518+00
2485,ruth-pws-kmia-20260324-172750282,wendy,KMIA,info,signal,"PWS already anticipated 84-85°F, skipping duplicate buy",,2026-03-24 17:27:50.286037+00
2486,ruth-pws-katl-20260324-172750419,wendy,KATL,info,signal,"PWS anticipation: STRONG (score=0.820), METAR 64.0°F → estimated 66.1°F, bucket 64-65°F → 66-67°F","{""gap"": ""0.98"", ""conf"": ""1.00"", ""ramp"": ""1.45"", ""score"": 0.8200000000000001, ""current"": ""64-65°F"", ""predicted"": ""66-67°F"", ""tEstimated"": ""18.92""}",2026-03-24 17:27:50.422516+00
2487,ruth-pws-katl-20260324-172750419,wendy,KATL,info,signal,"PWS already anticipated 66-67°F, skipping duplicate buy",,2026-03-24 17:27:50.423171+00
2488,ruth-pws-cyyz-20260324-172750923,wendy,CYYZ,info,signal,"PWS anticipation: STRONG (score=0.579), METAR 3.0°C → estimated 3.6°C, bucket 3°C → 4°C","{""gap"": ""0.50"", ""conf"": ""0.67"", ""ramp"": ""1.35"", ""score"": 0.5791666666666663, ""current"": ""3°C"", ""predicted"": ""4°C"", ""tEstimated"": ""3.57""}",2026-03-24 17:27:50.926099+00
2489,ruth-pws-cyyz-20260324-172750923,wendy,CYYZ,info,signal,"PWS already anticipated 5°C, skipping duplicate buy",,2026-03-24 17:27:50.926406+00
2490,ruth-pws-kdal-20260324-172849839,wendy,KDAL,info,signal,"PWS anticipation: STRONG (score=0.805), METAR 73.0°F → estimated 75.1°F, bucket 72-73°F → 74-75°F","{""gap"": ""1.42"", ""conf"": ""1.00"", ""ramp"": ""0.42"", ""score"": 0.8048975478739758, ""current"": ""72-73°F"", ""predicted"": ""74-75°F"", ""tEstimated"": ""23.92""}",2026-03-24 17:28:49.851121+00
2491,ruth-pws-kord-20260324-172850052,wendy,KORD,info,signal,"PWS anticipation: STRONG (score=0.827), METAR 43.0°F → estimated 45.7°F, bucket 42-43°F → 46-47°F","{""gap"": ""1.01"", ""conf"": ""1.00"", ""ramp"": ""2.26"", ""score"": 0.8274999999999997, ""current"": ""42-43°F"", ""predicted"": ""46-47°F"", ""tEstimated"": ""7.59""}",2026-03-24 17:28:50.056742+00
2492,ruth-pws-kord-20260324-172850052,wendy,KORD,info,guard,"PWS guards blocked: price_out_of_range | estimated 45.7°F, bucket 46-47°F, price 0.04",,2026-03-24 17:28:50.067656+00
2493,ruth-pws-klga-20260324-172850254,wendy,KLGA,info,signal,"PWS anticipation: STRONG (score=1.000), METAR 42.1°F → estimated 47.7°F, bucket 42-43°F → 48-49°F","{""gap"": ""2.68"", ""conf"": ""1.00"", ""ramp"": ""4.16"", ""score"": 1, ""current"": ""42-43°F"", ""predicted"": ""48-49°F"", ""tEstimated"": ""8.72""}",2026-03-24 17:28:50.257605+00
2494,ruth-pws-klga-20260324-172850254,wendy,KLGA,info,signal,"PWS already anticipated 44-45°F, skipping duplicate buy",,2026-03-24 17:28:50.258099+00
2495,ruth-pws-kmia-20260324-172850398,wendy,KMIA,info,signal,"PWS anticipation: STRONG (score=0.900), METAR 81.0°F → estimated 84.0°F, bucket 80-81°F → 84-85°F","{""gap"": ""2.41"", ""conf"": ""1.00"", ""ramp"": ""0.00"", ""score"": 0.9000000000000495, ""current"": ""80-81°F"", ""predicted"": ""84-85°F"", ""tEstimated"": ""28.89""}",2026-03-24 17:28:50.402501+00
2496,ruth-pws-kmia-20260324-172850398,wendy,KMIA,info,signal,"PWS already anticipated 84-85°F, skipping duplicate buy",,2026-03-24 17:28:50.402738+00
2497,ruth-pws-katl-20260324-172850538,wendy,KATL,info,signal,"PWS anticipation: STRONG (score=0.820), METAR 64.0°F → estimated 66.3°F, bucket 64-65°F → 66-67°F","{""gap"": ""0.98"", ""conf"": ""1.00"", ""ramp"": ""1.94"", ""score"": 0.8200000000000001, ""current"": ""64-65°F"", ""predicted"": ""66-67°F"", ""tEstimated"": ""19.07""}",2026-03-24 17:28:50.54209+00
2498,ruth-pws-katl-20260324-172850538,wendy,KATL,info,signal,"PWS already anticipated 66-67°F, skipping duplicate buy",,2026-03-24 17:28:50.54256+00
2499,ruth-pws-kdal-20260324-172950074,wendy,KDAL,info,signal,"PWS anticipation: STRONG (score=0.758), METAR 73.0°F → estimated 73.5°F, bucket 72-73°F → 74-75°F","{""gap"": ""1.59"", ""conf"": ""1.00"", ""ramp"": ""-2.81"", ""score"": 0.7575000000000007, ""current"": ""72-73°F"", ""predicted"": ""74-75°F"", ""tEstimated"": ""23.07""}",2026-03-24 17:29:50.084789+00
2500,ruth-pws-kord-20260324-172950294,wendy,KORD,info,signal,"PWS anticipation: STRONG (score=0.827), METAR 43.0°F → estimated 45.6°F, bucket 42-43°F → 46-47°F","{""gap"": ""1.01"", ""conf"": ""1.00"", ""ramp"": ""2.22"", ""score"": 0.8274999999999997, ""current"": ""42-43°F"", ""predicted"": ""46-47°F"", ""tEstimated"": ""7.58""}",2026-03-24 17:29:50.298317+00
2501,ruth-pws-kord-20260324-172950294,wendy,KORD,info,guard,"PWS guards blocked: price_out_of_range | estimated 45.6°F, bucket 46-47°F, price 0.04",,2026-03-24 17:29:50.308484+00
2502,ruth-pws-klga-20260324-172950510,wendy,KLGA,info,signal,"PWS anticipation: STRONG (score=1.000), METAR 42.1°F → estimated 49.2°F, bucket 42-43°F → 48-49°F","{""gap"": ""2.68"", ""conf"": ""1.00"", ""ramp"": ""6.89"", ""score"": 1, ""current"": ""42-43°F"", ""predicted"": ""48-49°F"", ""tEstimated"": ""9.54""}",2026-03-24 17:29:50.512966+00
2503,ruth-pws-klga-20260324-172950510,wendy,KLGA,info,signal,"PWS already anticipated 44-45°F, skipping duplicate buy",,2026-03-24 17:29:50.513518+00
2504,ruth-pws-kmia-20260324-172950675,wendy,KMIA,info,signal,"PWS anticipation: STRONG (score=0.900), METAR 81.0°F → estimated 84.0°F, bucket 80-81°F → 84-85°F","{""gap"": ""2.41"", ""conf"": ""1.00"", ""ramp"": ""0.00"", ""score"": 0.9000000000000248, ""current"": ""80-81°F"", ""predicted"": ""84-85°F"", ""tEstimated"": ""28.89""}",2026-03-24 17:29:50.679436+00
2505,ruth-pws-kmia-20260324-172950675,wendy,KMIA,info,signal,"PWS already anticipated 84-85°F, skipping duplicate buy",,2026-03-24 17:29:50.680048+00
2506,ruth-pws-katl-20260324-172950824,wendy,KATL,info,signal,"PWS anticipation: STRONG (score=0.820), METAR 64.0°F → estimated 66.4°F, bucket 64-65°F → 66-67°F","{""gap"": ""0.98"", ""conf"": ""1.00"", ""ramp"": ""2.02"", ""score"": 0.8200000000000001, ""current"": ""64-65°F"", ""predicted"": ""66-67°F"", ""tEstimated"": ""19.09""}",2026-03-24 17:29:50.827528+00
2507,ruth-pws-katl-20260324-172950824,wendy,KATL,info,signal,"PWS already anticipated 66-67°F, skipping duplicate buy",,2026-03-24 17:29:50.828017+00
2508,ruth-pws-ksea-20260324-173049685,wendy,KSEA,debug,signal,"PWS anticipation: MODERATE (score=0.418), METAR 44.1°F → estimated 43.4°F, bucket 44-45°F → 42-43°F","{""gap"": ""0.08"", ""conf"": ""1.00"", ""ramp"": ""-1.43"", ""score"": 0.41750000000000037, ""current"": ""44-45°F"", ""predicted"": ""42-43°F"", ""tEstimated"": ""6.32""}",2026-03-24 17:30:49.711632+00
2509,ruth-pws-kdal-20260324-173049852,wendy,KDAL,info,signal,"PWS anticipation: STRONG (score=0.832), METAR 73.0°F → estimated 74.2°F, bucket 72-73°F → 74-75°F","{""gap"": ""1.92"", ""conf"": ""1.00"", ""ramp"": ""-2.36"", ""score"": 0.8324999999999997, ""current"": ""72-73°F"", ""predicted"": ""74-75°F"", ""tEstimated"": ""23.44""}",2026-03-24 17:30:49.856753+00
2510,ruth-pws-kord-20260324-173050142,wendy,KORD,info,signal,"PWS anticipation: STRONG (score=0.803), METAR 43.0°F → estimated 45.1°F, bucket 42-43°F → 44-45°F","{""gap"": ""0.90"", ""conf"": ""1.00"", ""ramp"": ""1.58"", ""score"": 0.8025000000000002, ""current"": ""42-43°F"", ""predicted"": ""44-45°F"", ""tEstimated"": ""7.29""}",2026-03-24 17:30:50.146638+00
2511,ruth-pws-kord-20260324-173050142,wendy,KORD,info,guard,"PWS guards blocked: price_out_of_range | estimated 45.1°F, bucket 44-45°F, price 0.01",,2026-03-24 17:30:50.167766+00
2512,ruth-pws-klga-20260324-173050310,wendy,KLGA,info,signal,"PWS anticipation: STRONG (score=1.000), METAR 42.1°F → estimated 49.1°F, bucket 42-43°F → 48-49°F","{""gap"": ""2.62"", ""conf"": ""1.00"", ""ramp"": ""6.87"", ""score"": 1, ""current"": ""42-43°F"", ""predicted"": ""48-49°F"", ""tEstimated"": ""9.50""}",2026-03-24 17:30:50.314856+00
2513,ruth-pws-klga-20260324-173050310,wendy,KLGA,info,signal,"PWS already anticipated 44-45°F, skipping duplicate buy",,2026-03-24 17:30:50.321293+00
2514,ruth-pws-kmia-20260324-173050544,wendy,KMIA,info,signal,"PWS anticipation: STRONG (score=0.900), METAR 81.0°F → estimated 84.0°F, bucket 80-81°F → 84-85°F","{""gap"": ""2.41"", ""conf"": ""1.00"", ""ramp"": ""-0.00"", ""score"": 0.9, ""current"": ""80-81°F"", ""predicted"": ""84-85°F"", ""tEstimated"": ""28.89""}",2026-03-24 17:30:50.546699+00
2515,ruth-pws-kmia-20260324-173050544,wendy,KMIA,info,signal,"PWS already anticipated 84-85°F, skipping duplicate buy",,2026-03-24 17:30:50.547086+00
2516,ruth-pws-katl-20260324-173050710,wendy,KATL,info,signal,"PWS anticipation: STRONG (score=0.782), METAR 64.0°F → estimated 65.8°F, bucket 64-65°F → 66-67°F","{""gap"": ""0.81"", ""conf"": ""1.00"", ""ramp"": ""1.39"", ""score"": 0.7824999999999998, ""current"": ""64-65°F"", ""predicted"": ""66-67°F"", ""tEstimated"": ""18.79""}",2026-03-24 17:30:50.713446+00
2517,ruth-pws-katl-20260324-173050710,wendy,KATL,info,signal,"PWS already anticipated 66-67°F, skipping duplicate buy",,2026-03-24 17:30:50.713929+00
2518,ruth-pws-ksea-20260324-173149656,wendy,KSEA,debug,signal,"PWS anticipation: MODERATE (score=0.418), METAR 44.1°F → estimated 43.1°F, bucket 44-45°F → 42-43°F","{""gap"": ""0.08"", ""conf"": ""1.00"", ""ramp"": ""-1.98"", ""score"": 0.41750000000000037, ""current"": ""44-45°F"", ""predicted"": ""42-43°F"", ""tEstimated"": ""6.16""}",2026-03-24 17:31:49.666878+00
2519,ruth-pws-kdal-20260324-173149854,wendy,KDAL,info,signal,"PWS anticipation: STRONG (score=0.845), METAR 73.0°F → estimated 74.7°F, bucket 72-73°F → 74-75°F","{""gap"": ""1.98"", ""conf"": ""1.00"", ""ramp"": ""-1.51"", ""score"": 0.8449999999999993, ""current"": ""72-73°F"", ""predicted"": ""74-75°F"", ""tEstimated"": ""23.73""}",2026-03-24 17:31:49.858529+00
2520,ruth-pws-kord-20260324-173150048,wendy,KORD,info,signal,"PWS anticipation: STRONG (score=0.827), METAR 43.0°F → estimated 45.3°F, bucket 42-43°F → 44-45°F","{""gap"": ""1.01"", ""conf"": ""1.00"", ""ramp"": ""1.58"", ""score"": 0.8274999999999997, ""current"": ""42-43°F"", ""predicted"": ""44-45°F"", ""tEstimated"": ""7.38""}",2026-03-24 17:31:50.051489+00
2521,ruth-pws-kord-20260324-173150048,wendy,KORD,info,guard,"PWS guards blocked: price_out_of_range | estimated 45.3°F, bucket 44-45°F, price 0.01",,2026-03-24 17:31:50.062642+00
2522,ruth-pws-klga-20260324-173150192,wendy,KLGA,info,signal,"PWS already anticipated 44-45°F, skipping duplicate buy",,2026-03-24 17:31:50.196483+00
2523,ruth-pws-klga-20260324-173150192,wendy,KLGA,info,signal,"PWS anticipation: STRONG (score=1.000), METAR 42.1°F → estimated 47.6°F, bucket 42-43°F → 48-49°F","{""gap"": ""2.29"", ""conf"": ""1.00"", ""ramp"": ""4.79"", ""score"": 1, ""current"": ""42-43°F"", ""predicted"": ""48-49°F"", ""tEstimated"": ""8.64""}",2026-03-24 17:31:50.197189+00
2525,ruth-pws-kmia-20260324-173150334,wendy,KMIA,info,signal,"PWS already anticipated 84-85°F, skipping duplicate buy",,2026-03-24 17:31:50.336759+00
2524,ruth-pws-kmia-20260324-173150334,wendy,KMIA,info,signal,"PWS anticipation: STRONG (score=0.900), METAR 81.0°F → estimated 84.0°F, bucket 80-81°F → 84-85°F","{""gap"": ""2.41"", ""conf"": ""1.00"", ""ramp"": ""0.00"", ""score"": 0.9, ""current"": ""80-81°F"", ""predicted"": ""84-85°F"", ""tEstimated"": ""28.89""}",2026-03-24 17:31:50.336789+00
2526,ruth-pws-katl-20260324-173150486,wendy,KATL,info,signal,"PWS anticipation: STRONG (score=0.759), METAR 64.0°F → estimated 65.5°F, bucket 64-65°F → 66-67°F","{""gap"": ""0.81"", ""conf"": ""1.00"", ""ramp"": ""0.88"", ""score"": 0.7585121182962501, ""current"": ""64-65°F"", ""predicted"": ""66-67°F"", ""tEstimated"": ""18.63""}",2026-03-24 17:31:50.490674+00
2527,ruth-pws-katl-20260324-173150486,wendy,KATL,info,signal,"PWS already anticipated 66-67°F, skipping duplicate buy",,2026-03-24 17:31:50.491507+00
2528,ruth-metar-lfpg-20260324-173214251,wendy,LFPG,info,signal,"METAR: 16°C, max=18°C, bucket=18°C","{""prevBucket"": ""18°C""}",2026-03-24 17:32:14.261847+00
2529,ruth-pws-ksea-20260324-173249630,wendy,KSEA,debug,signal,"PWS anticipation: MODERATE (score=0.418), METAR 44.1°F → estimated 43.1°F, bucket 44-45°F → 42-43°F","{""gap"": ""0.08"", ""conf"": ""1.00"", ""ramp"": ""-2.03"", ""score"": 0.41750000000000037, ""current"": ""44-45°F"", ""predicted"": ""42-43°F"", ""tEstimated"": ""6.15""}",2026-03-24 17:32:49.645671+00
2530,ruth-pws-kdal-20260324-173249765,wendy,KDAL,info,signal,"PWS anticipation: STRONG (score=0.870), METAR 73.0°F → estimated 75.4°F, bucket 72-73°F → 74-75°F","{""gap"": ""2.09"", ""conf"": ""1.00"", ""ramp"": ""-0.52"", ""score"": 0.8699999999999999, ""current"": ""72-73°F"", ""predicted"": ""74-75°F"", ""tEstimated"": ""24.11""}",2026-03-24 17:32:49.769568+00
2531,ruth-pws-kord-20260324-173249913,wendy,KORD,info,signal,"PWS anticipation: STRONG (score=0.827), METAR 43.0°F → estimated 45.2°F, bucket 42-43°F → 44-45°F","{""gap"": ""1.01"", ""conf"": ""1.00"", ""ramp"": ""1.45"", ""score"": 0.8274999999999997, ""current"": ""42-43°F"", ""predicted"": ""44-45°F"", ""tEstimated"": ""7.35""}",2026-03-24 17:32:49.916744+00
2532,ruth-pws-kord-20260324-173249913,wendy,KORD,info,guard,"PWS guards blocked: price_out_of_range | estimated 45.2°F, bucket 44-45°F, price 0.01",,2026-03-24 17:32:49.926327+00
2533,ruth-pws-klga-20260324-173250064,wendy,KLGA,info,signal,"PWS anticipation: STRONG (score=1.000), METAR 42.1°F → estimated 47.1°F, bucket 42-43°F → 46-47°F","{""gap"": ""2.40"", ""conf"": ""1.00"", ""ramp"": ""3.73"", ""score"": 1, ""current"": ""42-43°F"", ""predicted"": ""46-47°F"", ""tEstimated"": ""8.40""}",2026-03-24 17:32:50.067175+00
2534,ruth-pws-klga-20260324-173250064,wendy,KLGA,info,signal,"PWS already anticipated 44-45°F, skipping duplicate buy",,2026-03-24 17:32:50.067363+00
2535,ruth-pws-kmia-20260324-173250202,wendy,KMIA,info,signal,"PWS anticipation: STRONG (score=0.900), METAR 81.0°F → estimated 84.0°F, bucket 80-81°F → 84-85°F","{""gap"": ""2.41"", ""conf"": ""1.00"", ""ramp"": ""0.00"", ""score"": 0.9000000000000339, ""current"": ""80-81°F"", ""predicted"": ""84-85°F"", ""tEstimated"": ""28.89""}",2026-03-24 17:32:50.204971+00
2536,ruth-pws-kmia-20260324-173250202,wendy,KMIA,info,signal,"PWS already anticipated 84-85°F, skipping duplicate buy",,2026-03-24 17:32:50.205223+00
2537,ruth-pws-cyyz-20260324-173251247,wendy,CYYZ,info,signal,"PWS anticipation: STRONG (score=0.692), METAR 3.0°C → estimated 3.9°C, bucket 3°C → 4°C","{""gap"": ""1.00"", ""conf"": ""0.67"", ""ramp"": ""1.91"", ""score"": 0.6916666666666671, ""current"": ""3°C"", ""predicted"": ""4°C"", ""tEstimated"": ""3.91""}",2026-03-24 17:32:51.250086+00
2538,ruth-pws-cyyz-20260324-173251247,wendy,CYYZ,info,signal,"PWS already anticipated 5°C, skipping duplicate buy",,2026-03-24 17:32:51.250657+00
2539,ruth-pws-ksea-20260324-173349752,wendy,KSEA,debug,signal,"PWS anticipation: MODERATE (score=0.418), METAR 44.1°F → estimated 42.8°F, bucket 44-45°F → 42-43°F","{""gap"": ""0.08"", ""conf"": ""1.00"", ""ramp"": ""-2.46"", ""score"": 0.41750000000000037, ""current"": ""44-45°F"", ""predicted"": ""42-43°F"", ""tEstimated"": ""6.02""}",2026-03-24 17:33:49.770112+00
2540,ruth-pws-kdal-20260324-173350091,wendy,KDAL,info,signal,"PWS anticipation: STRONG (score=0.889), METAR 73.0°F → estimated 75.6°F, bucket 72-73°F → 76-77°F","{""gap"": ""1.92"", ""conf"": ""1.00"", ""ramp"": ""0.28"", ""score"": 0.8890360211723806, ""current"": ""72-73°F"", ""predicted"": ""76-77°F"", ""tEstimated"": ""24.23""}",2026-03-24 17:33:50.095369+00
2541,ruth-pws-kord-20260324-173350419,wendy,KORD,info,signal,"PWS anticipation: STRONG (score=0.827), METAR 43.0°F → estimated 45.0°F, bucket 42-43°F → 44-45°F","{""gap"": ""1.01"", ""conf"": ""1.00"", ""ramp"": ""1.09"", ""score"": 0.8274999999999997, ""current"": ""42-43°F"", ""predicted"": ""44-45°F"", ""tEstimated"": ""7.24""}",2026-03-24 17:33:50.423148+00
2542,ruth-pws-kord-20260324-173350419,wendy,KORD,info,guard,"PWS guards blocked: price_out_of_range | estimated 45.0°F, bucket 44-45°F, price 0.01",,2026-03-24 17:33:50.431848+00
2543,ruth-pws-klga-20260324-173350630,wendy,KLGA,info,signal,"PWS anticipation: STRONG (score=1.000), METAR 42.1°F → estimated 45.7°F, bucket 42-43°F → 46-47°F","{""gap"": ""2.40"", ""conf"": ""1.00"", ""ramp"": ""1.15"", ""score"": 1, ""current"": ""42-43°F"", ""predicted"": ""46-47°F"", ""tEstimated"": ""7.63""}",2026-03-24 17:33:50.633787+00
2544,ruth-pws-klga-20260324-173350630,wendy,KLGA,info,signal,"PWS already anticipated 44-45°F, skipping duplicate buy",,2026-03-24 17:33:50.634156+00
2545,ruth-pws-kmia-20260324-173350885,wendy,KMIA,info,signal,"PWS anticipation: STRONG (score=0.900), METAR 81.0°F → estimated 84.0°F, bucket 80-81°F → 84-85°F","{""gap"": ""2.41"", ""conf"": ""1.00"", ""ramp"": ""0.00"", ""score"": 0.9, ""current"": ""80-81°F"", ""predicted"": ""84-85°F"", ""tEstimated"": ""28.89""}",2026-03-24 17:33:50.888564+00
2546,ruth-pws-kmia-20260324-173350885,wendy,KMIA,info,signal,"PWS already anticipated 84-85°F, skipping duplicate buy",,2026-03-24 17:33:50.889483+00
2547,ruth-pws-cyyz-20260324-173351896,wendy,CYYZ,info,signal,"PWS already anticipated 5°C, skipping duplicate buy",,2026-03-24 17:33:51.900599+00
2548,ruth-pws-cyyz-20260324-173351896,wendy,CYYZ,info,signal,"PWS anticipation: STRONG (score=0.800), METAR 3.0°C → estimated 4.4°C, bucket 3°C → 4°C","{""gap"": ""0.89"", ""conf"": ""1.00"", ""ramp"": ""3.17"", ""score"": 0.8, ""current"": ""3°C"", ""predicted"": ""4°C"", ""tEstimated"": ""4.39""}",2026-03-24 17:33:51.900849+00
2549,ruth-pws-kdal-20260324-173450052,wendy,KDAL,info,signal,"PWS anticipation: STRONG (score=1.000), METAR 73.0°F → estimated 77.5°F, bucket 72-73°F → 76-77°F","{""gap"": ""2.42"", ""conf"": ""1.00"", ""ramp"": ""2.55"", ""score"": 1, ""current"": ""72-73°F"", ""predicted"": ""76-77°F"", ""tEstimated"": ""25.26""}",2026-03-24 17:34:50.061813+00
2550,ruth-pws-kord-20260324-173450373,wendy,KORD,info,signal,"PWS anticipation: STRONG (score=0.749), METAR 43.0°F → estimated 44.8°F, bucket 42-43°F → 44-45°F","{""gap"": ""1.01"", ""conf"": ""1.00"", ""ramp"": ""0.61"", ""score"": 0.7486142722616907, ""current"": ""42-43°F"", ""predicted"": ""44-45°F"", ""tEstimated"": ""7.09""}",2026-03-24 17:34:50.376731+00
2551,ruth-pws-kord-20260324-173450373,wendy,KORD,info,guard,"PWS guards blocked: price_out_of_range | estimated 44.8°F, bucket 44-45°F, price 0.01",,2026-03-24 17:34:50.386885+00
2552,ruth-pws-klga-20260324-173450643,wendy,KLGA,info,signal,"PWS anticipation: STRONG (score=0.900), METAR 42.1°F → estimated 44.7°F, bucket 42-43°F → 44-45°F","{""gap"": ""2.40"", ""conf"": ""1.00"", ""ramp"": ""-0.77"", ""score"": 0.9, ""current"": ""42-43°F"", ""predicted"": ""44-45°F"", ""tEstimated"": ""7.05""}",2026-03-24 17:34:50.646013+00
2553,ruth-pws-klga-20260324-173450643,wendy,KLGA,info,signal,"PWS already anticipated 44-45°F, skipping duplicate buy",,2026-03-24 17:34:50.646793+00
2554,ruth-pws-kmia-20260324-173450906,wendy,KMIA,info,signal,"PWS anticipation: STRONG (score=0.900), METAR 81.0°F → estimated 84.0°F, bucket 80-81°F → 84-85°F","{""gap"": ""2.41"", ""conf"": ""1.00"", ""ramp"": ""0.00"", ""score"": 0.9, ""current"": ""80-81°F"", ""predicted"": ""84-85°F"", ""tEstimated"": ""28.89""}",2026-03-24 17:34:50.908844+00
2555,ruth-pws-kmia-20260324-173450906,wendy,KMIA,info,signal,"PWS already anticipated 84-85°F, skipping duplicate buy",,2026-03-24 17:34:50.909414+00
2557,ruth-pws-cyyz-20260324-173451771,wendy,CYYZ,info,signal,"PWS already anticipated 5°C, skipping duplicate buy",,2026-03-24 17:34:51.774793+00
2556,ruth-pws-cyyz-20260324-173451771,wendy,CYYZ,info,signal,"PWS anticipation: STRONG (score=0.800), METAR 3.0°C → estimated 4.6°C, bucket 3°C → 5°C","{""gap"": ""0.89"", ""conf"": ""1.00"", ""ramp"": ""3.98"", ""score"": 0.8, ""current"": ""3°C"", ""predicted"": ""5°C"", ""tEstimated"": ""4.64""}",2026-03-24 17:34:51.77487+00
2558,ruth-pws-kdal-20260324-173550011,wendy,KDAL,info,signal,"PWS anticipation: STRONG (score=1.000), METAR 73.0°F → estimated 78.5°F, bucket 72-73°F → 78-79°F","{""gap"": ""2.42"", ""conf"": ""1.00"", ""ramp"": ""4.49"", ""score"": 1, ""current"": ""72-73°F"", ""predicted"": ""78-79°F"", ""tEstimated"": ""25.84""}",2026-03-24 17:35:50.026232+00
2559,ruth-pws-kdal-20260324-173550011,wendy,KDAL,info,guard,"PWS guards blocked: price_out_of_range | estimated 78.5°F, bucket 78-79°F, price 0.00",,2026-03-24 17:35:50.029687+00
2560,ruth-pws-kord-20260324-173550237,wendy,KORD,info,signal,"PWS anticipation: STRONG (score=0.708), METAR 43.0°F → estimated 44.7°F, bucket 42-43°F → 44-45°F","{""gap"": ""1.01"", ""conf"": ""1.00"", ""ramp"": ""0.40"", ""score"": 0.7082016768735931, ""current"": ""42-43°F"", ""predicted"": ""44-45°F"", ""tEstimated"": ""7.03""}",2026-03-24 17:35:50.24066+00
2561,ruth-pws-kord-20260324-173550237,wendy,KORD,info,guard,"PWS guards blocked: price_out_of_range | estimated 44.7°F, bucket 44-45°F, price 0.01",,2026-03-24 17:35:50.243946+00
2562,ruth-pws-klga-20260324-173550631,wendy,KLGA,info,signal,"PWS anticipation: STRONG (score=0.900), METAR 42.1°F → estimated 44.8°F, bucket 42-43°F → 44-45°F","{""gap"": ""2.62"", ""conf"": ""1.00"", ""ramp"": ""-1.13"", ""score"": 0.9, ""current"": ""42-43°F"", ""predicted"": ""44-45°F"", ""tEstimated"": ""7.10""}",2026-03-24 17:35:50.634675+00
2563,ruth-pws-klga-20260324-173550631,wendy,KLGA,info,signal,"PWS already anticipated 44-45°F, skipping duplicate buy",,2026-03-24 17:35:50.635036+00
2564,ruth-pws-kmia-20260324-173550933,wendy,KMIA,info,signal,"PWS anticipation: STRONG (score=0.900), METAR 81.0°F → estimated 83.7°F, bucket 80-81°F → 84-85°F","{""gap"": ""2.30"", ""conf"": ""1.00"", ""ramp"": ""-0.36"", ""score"": 0.9, ""current"": ""80-81°F"", ""predicted"": ""84-85°F"", ""tEstimated"": ""28.70""}",2026-03-24 17:35:50.935645+00
2565,ruth-pws-kmia-20260324-173550933,wendy,KMIA,info,signal,"PWS already anticipated 84-85°F, skipping duplicate buy",,2026-03-24 17:35:50.936358+00
2566,ruth-pws-cyyz-20260324-173551956,wendy,CYYZ,info,signal,"PWS anticipation: STRONG (score=0.825), METAR 3.0°C → estimated 4.7°C, bucket 3°C → 5°C","{""gap"": ""1.00"", ""conf"": ""1.00"", ""ramp"": ""3.96"", ""score"": 0.8250000000000004, ""current"": ""3°C"", ""predicted"": ""5°C"", ""tEstimated"": ""4.69""}",2026-03-24 17:35:51.959809+00
2567,ruth-pws-cyyz-20260324-173551956,wendy,CYYZ,info,signal,"PWS already anticipated 5°C, skipping duplicate buy",,2026-03-24 17:35:51.960745+00
2568,ruth-pws-kdal-20260324-173649833,wendy,KDAL,info,signal,"PWS anticipation: STRONG (score=1.000), METAR 73.0°F → estimated 78.0°F, bucket 72-73°F → 78-79°F","{""gap"": ""2.20"", ""conf"": ""1.00"", ""ramp"": ""4.03"", ""score"": 1, ""current"": ""72-73°F"", ""predicted"": ""78-79°F"", ""tEstimated"": ""25.55""}",2026-03-24 17:36:49.850064+00
2569,ruth-pws-kdal-20260324-173649833,wendy,KDAL,info,guard,"PWS guards blocked: price_out_of_range | estimated 78.0°F, bucket 78-79°F, price 0.00",,2026-03-24 17:36:49.871051+00
2570,ruth-pws-kord-20260324-173650207,wendy,KORD,info,signal,"PWS anticipation: STRONG (score=0.615), METAR 43.0°F → estimated 44.3°F, bucket 42-43°F → 44-45°F","{""gap"": ""0.90"", ""conf"": ""1.00"", ""ramp"": ""0.06"", ""score"": 0.6145310306786107, ""current"": ""42-43°F"", ""predicted"": ""44-45°F"", ""tEstimated"": ""6.84""}",2026-03-24 17:36:50.210296+00
2571,ruth-pws-kord-20260324-173650207,wendy,KORD,info,guard,"PWS guards blocked: price_out_of_range | estimated 44.3°F, bucket 44-45°F, price 0.02",,2026-03-24 17:36:50.231881+00
2572,ruth-pws-klga-20260324-173650399,wendy,KLGA,info,signal,"PWS anticipation: STRONG (score=0.900), METAR 42.1°F → estimated 45.5°F, bucket 42-43°F → 46-47°F","{""gap"": ""2.79"", ""conf"": ""1.00"", ""ramp"": ""-0.12"", ""score"": 0.9, ""current"": ""42-43°F"", ""predicted"": ""46-47°F"", ""tEstimated"": ""7.52""}",2026-03-24 17:36:50.40293+00
2573,ruth-pws-klga-20260324-173650399,wendy,KLGA,info,signal,"PWS already anticipated 44-45°F, skipping duplicate buy",,2026-03-24 17:36:50.410143+00
2574,ruth-pws-kmia-20260324-173650564,wendy,KMIA,info,signal,"PWS anticipation: STRONG (score=0.900), METAR 81.0°F → estimated 83.6°F, bucket 80-81°F → 84-85°F","{""gap"": ""2.30"", ""conf"": ""1.00"", ""ramp"": ""-0.55"", ""score"": 0.9, ""current"": ""80-81°F"", ""predicted"": ""84-85°F"", ""tEstimated"": ""28.65""}",2026-03-24 17:36:50.567898+00
2575,ruth-pws-kmia-20260324-173650564,wendy,KMIA,info,signal,"PWS already anticipated 84-85°F, skipping duplicate buy",,2026-03-24 17:36:50.568448+00
2576,ruth-pws-katl-20260324-173650730,wendy,KATL,info,signal,"PWS anticipation: STRONG (score=0.798), METAR 64.0°F → estimated 65.9°F, bucket 64-65°F → 66-67°F","{""gap"": ""1.20"", ""conf"": ""1.00"", ""ramp"": ""0.64"", ""score"": 0.797531805026565, ""current"": ""64-65°F"", ""predicted"": ""66-67°F"", ""tEstimated"": ""18.83""}",2026-03-24 17:36:50.732988+00
2577,ruth-pws-katl-20260324-173650730,wendy,KATL,info,signal,"PWS already anticipated 66-67°F, skipping duplicate buy",,2026-03-24 17:36:50.73358+00
2578,ruth-pws-cyyz-20260324-173651234,wendy,CYYZ,info,signal,"PWS already anticipated 5°C, skipping duplicate buy",,2026-03-24 17:36:51.237216+00
2579,ruth-pws-cyyz-20260324-173651234,wendy,CYYZ,info,signal,"PWS anticipation: STRONG (score=0.825), METAR 3.0°C → estimated 4.6°C, bucket 3°C → 5°C","{""gap"": ""1.00"", ""conf"": ""1.00"", ""ramp"": ""3.57"", ""score"": 0.8250000000000004, ""current"": ""3°C"", ""predicted"": ""5°C"", ""tEstimated"": ""4.57""}",2026-03-24 17:36:51.237374+00
2580,marty-manual-20260324173651960,wendy,KLGA,info,trade,BUY attempt: 44-45F @ 0.19,"{""amount"": 5, ""tokenId"": ""11264762238868470392969284368589596929044651568997101186373153312841457562692""}",2026-03-24 17:36:51.963709+00
2581,marty-manual-20260324173651960,wendy,KLGA,success,trade,BUY filled: 21.666665 shares,"{""bucket"": ""44-45F"", ""shares"": 21.666665, ""orderId"": ""0xbf38f1d7fe5037722bc5a14789049e7c23131777e8ec79a31f730920c4faed89""}",2026-03-24 17:36:58.186059+00
2582,ruth-pws-kdal-20260324-173749852,wendy,KDAL,info,signal,"PWS anticipation: STRONG (score=1.000), METAR 73.0°F → estimated 78.4°F, bucket 72-73°F → 78-79°F","{""gap"": ""2.09"", ""conf"": ""1.00"", ""ramp"": ""5.07"", ""score"": 1, ""current"": ""72-73°F"", ""predicted"": ""78-79°F"", ""tEstimated"": ""25.78""}",2026-03-24 17:37:49.865876+00
2583,ruth-pws-kdal-20260324-173749852,wendy,KDAL,info,guard,"PWS guards blocked: price_out_of_range | estimated 78.4°F, bucket 78-79°F, price 0.00",,2026-03-24 17:37:49.869635+00
2584,ruth-pws-kord-20260324-173750044,wendy,KORD,info,signal,"PWS anticipation: STRONG (score=0.615), METAR 43.0°F → estimated 44.2°F, bucket 42-43°F → 44-45°F","{""gap"": ""0.96"", ""conf"": ""1.00"", ""ramp"": ""-0.26"", ""score"": 0.6150000000000004, ""current"": ""42-43°F"", ""predicted"": ""44-45°F"", ""tEstimated"": ""6.79""}",2026-03-24 17:37:50.0469+00
2585,ruth-pws-kord-20260324-173750044,wendy,KORD,info,guard,"PWS guards blocked: price_out_of_range | estimated 44.2°F, bucket 44-45°F, price 0.02",,2026-03-24 17:37:50.049766+00
2586,ruth-pws-klga-20260324-173750191,wendy,KLGA,info,signal,"PWS anticipation: STRONG (score=1.000), METAR 42.1°F → estimated 46.0°F, bucket 42-43°F → 46-47°F","{""gap"": ""2.79"", ""conf"": ""1.00"", ""ramp"": ""0.77"", ""score"": 1, ""current"": ""42-43°F"", ""predicted"": ""46-47°F"", ""tEstimated"": ""7.78""}",2026-03-24 17:37:50.194637+00
2587,ruth-pws-klga-20260324-173750191,wendy,KLGA,info,signal,"PWS already anticipated 44-45°F, skipping duplicate buy",,2026-03-24 17:37:50.19508+00
2588,ruth-pws-kmia-20260324-173750369,wendy,KMIA,info,signal,"PWS anticipation: STRONG (score=0.900), METAR 81.0°F → estimated 83.4°F, bucket 80-81°F → 82-83°F","{""gap"": ""2.30"", ""conf"": ""1.00"", ""ramp"": ""-0.85"", ""score"": 0.9, ""current"": ""80-81°F"", ""predicted"": ""82-83°F"", ""tEstimated"": ""28.56""}",2026-03-24 17:37:50.372484+00
2589,ruth-pws-kmia-20260324-173750369,wendy,KMIA,info,signal,"PWS already anticipated 84-85°F, skipping duplicate buy",,2026-03-24 17:37:50.373198+00
2590,ruth-pws-katl-20260324-173750531,wendy,KATL,info,signal,"PWS anticipation: STRONG (score=0.870), METAR 64.0°F → estimated 66.6°F, bucket 64-65°F → 66-67°F","{""gap"": ""1.20"", ""conf"": ""1.00"", ""ramp"": ""2.00"", ""score"": 0.8699999999999999, ""current"": ""64-65°F"", ""predicted"": ""66-67°F"", ""tEstimated"": ""19.24""}",2026-03-24 17:37:50.535517+00
2591,ruth-pws-katl-20260324-173750531,wendy,KATL,info,signal,"PWS already anticipated 66-67°F, skipping duplicate buy",,2026-03-24 17:37:50.535739+00
2592,ruth-pws-cyyz-20260324-173750982,wendy,CYYZ,info,signal,"PWS already anticipated 5°C, skipping duplicate buy",,2026-03-24 17:37:50.986144+00
2593,ruth-pws-cyyz-20260324-173750982,wendy,CYYZ,info,signal,"PWS anticipation: STRONG (score=0.825), METAR 3.0°C → estimated 4.2°C, bucket 3°C → 4°C","{""gap"": ""1.00"", ""conf"": ""1.00"", ""ramp"": ""2.30"", ""score"": 0.8250000000000004, ""current"": ""3°C"", ""predicted"": ""4°C"", ""tEstimated"": ""4.19""}",2026-03-24 17:37:50.986428+00
2594,ruth-pws-kdal-20260324-173849950,wendy,KDAL,info,signal,"PWS anticipation: STRONG (score=1.000), METAR 73.0°F → estimated 78.3°F, bucket 72-73°F → 78-79°F","{""gap"": ""2.42"", ""conf"": ""1.00"", ""ramp"": ""4.10"", ""score"": 1, ""current"": ""72-73°F"", ""predicted"": ""78-79°F"", ""tEstimated"": ""25.73""}",2026-03-24 17:38:49.961608+00
2595,ruth-pws-kdal-20260324-173849950,wendy,KDAL,info,guard,"PWS guards blocked: price_out_of_range | estimated 78.3°F, bucket 78-79°F, price 0.00",,2026-03-24 17:38:49.966112+00
2596,ruth-pws-kord-20260324-173850181,wendy,KORD,info,signal,"PWS anticipation: STRONG (score=0.627), METAR 43.0°F → estimated 44.4°F, bucket 42-43°F → 44-45°F","{""gap"": ""1.01"", ""conf"": ""1.00"", ""ramp"": ""-0.06"", ""score"": 0.6274999999999997, ""current"": ""42-43°F"", ""predicted"": ""44-45°F"", ""tEstimated"": ""6.89""}",2026-03-24 17:38:50.184878+00
2597,ruth-pws-kord-20260324-173850181,wendy,KORD,info,guard,"PWS guards blocked: price_out_of_range | estimated 44.4°F, bucket 44-45°F, price 0.02",,2026-03-24 17:38:50.187617+00
2598,ruth-pws-klga-20260324-173850356,wendy,KLGA,info,signal,"PWS anticipation: STRONG (score=1.000), METAR 42.1°F → estimated 46.6°F, bucket 42-43°F → 46-47°F","{""gap"": ""2.79"", ""conf"": ""1.00"", ""ramp"": ""1.94"", ""score"": 1, ""current"": ""42-43°F"", ""predicted"": ""46-47°F"", ""tEstimated"": ""8.13""}",2026-03-24 17:38:50.358899+00
2599,ruth-pws-klga-20260324-173850356,wendy,KLGA,info,signal,"PWS already anticipated 44-45°F, skipping duplicate buy",,2026-03-24 17:38:50.359189+00
2600,ruth-pws-kmia-20260324-173850525,wendy,KMIA,info,signal,"PWS already anticipated 84-85°F, skipping duplicate buy",,2026-03-24 17:38:50.52878+00
2601,ruth-pws-kmia-20260324-173850525,wendy,KMIA,info,signal,"PWS anticipation: STRONG (score=0.900), METAR 81.0°F → estimated 83.3°F, bucket 80-81°F → 82-83°F","{""gap"": ""2.30"", ""conf"": ""1.00"", ""ramp"": ""-0.97"", ""score"": 0.9, ""current"": ""80-81°F"", ""predicted"": ""82-83°F"", ""tEstimated"": ""28.52""}",2026-03-24 17:38:50.528968+00
2602,ruth-pws-katl-20260324-173850781,wendy,KATL,info,signal,"PWS anticipation: STRONG (score=0.870), METAR 64.0°F → estimated 67.1°F, bucket 64-65°F → 66-67°F","{""gap"": ""1.20"", ""conf"": ""1.00"", ""ramp"": ""2.85"", ""score"": 0.8699999999999999, ""current"": ""64-65°F"", ""predicted"": ""66-67°F"", ""tEstimated"": ""19.49""}",2026-03-24 17:38:50.784137+00
2603,ruth-pws-katl-20260324-173850781,wendy,KATL,info,signal,"PWS already anticipated 66-67°F, skipping duplicate buy",,2026-03-24 17:38:50.784496+00
2604,ruth-pws-kdal-20260324-173949931,wendy,KDAL,info,signal,"PWS anticipation: STRONG (score=1.000), METAR 73.0°F → estimated 78.4°F, bucket 72-73°F → 78-79°F","{""gap"": ""2.48"", ""conf"": ""1.00"", ""ramp"": ""4.09"", ""score"": 1, ""current"": ""72-73°F"", ""predicted"": ""78-79°F"", ""tEstimated"": ""25.76""}",2026-03-24 17:39:49.95052+00
2605,ruth-pws-kdal-20260324-173949931,wendy,KDAL,info,guard,"PWS guards blocked: price_out_of_range | estimated 78.4°F, bucket 78-79°F, price 0.00",,2026-03-24 17:39:49.962631+00
2606,ruth-pws-kord-20260324-173950123,wendy,KORD,info,signal,"PWS anticipation: STRONG (score=0.634), METAR 43.0°F → estimated 44.5°F, bucket 42-43°F → 44-45°F","{""gap"": ""1.01"", ""conf"": ""1.00"", ""ramp"": ""0.03"", ""score"": 0.6335772175743307, ""current"": ""42-43°F"", ""predicted"": ""44-45°F"", ""tEstimated"": ""6.92""}",2026-03-24 17:39:50.127512+00
2607,ruth-pws-kord-20260324-173950123,wendy,KORD,info,guard,"PWS guards blocked: price_out_of_range | estimated 44.5°F, bucket 44-45°F, price 0.01",,2026-03-24 17:39:50.130163+00
2609,ruth-pws-klga-20260324-173950315,wendy,KLGA,info,signal,"PWS anticipation: STRONG (score=1.000), METAR 42.1°F → estimated 46.2°F, bucket 42-43°F → 46-47°F","{""gap"": ""2.62"", ""conf"": ""1.00"", ""ramp"": ""1.58"", ""score"": 1, ""current"": ""42-43°F"", ""predicted"": ""46-47°F"", ""tEstimated"": ""7.91""}",2026-03-24 17:39:50.318263+00
2608,ruth-pws-klga-20260324-173950315,wendy,KLGA,info,signal,"PWS already anticipated 44-45°F, skipping duplicate buy",,2026-03-24 17:39:50.318382+00
2610,ruth-pws-kmia-20260324-173950563,wendy,KMIA,info,signal,"PWS anticipation: STRONG (score=0.900), METAR 81.0°F → estimated 83.4°F, bucket 80-81°F → 82-83°F","{""gap"": ""2.30"", ""conf"": ""1.00"", ""ramp"": ""-0.91"", ""score"": 0.9, ""current"": ""80-81°F"", ""predicted"": ""82-83°F"", ""tEstimated"": ""28.54""}",2026-03-24 17:39:50.566791+00
2611,ruth-pws-kmia-20260324-173950563,wendy,KMIA,info,signal,"PWS already anticipated 84-85°F, skipping duplicate buy",,2026-03-24 17:39:50.567183+00
2612,ruth-pws-katl-20260324-173950765,wendy,KATL,info,signal,"PWS already anticipated 66-67°F, skipping duplicate buy",,2026-03-24 17:39:50.790784+00
2613,ruth-pws-katl-20260324-173950765,wendy,KATL,info,signal,"PWS anticipation: STRONG (score=0.870), METAR 64.0°F → estimated 67.0°F, bucket 64-65°F → 66-67°F","{""gap"": ""1.20"", ""conf"": ""1.00"", ""ramp"": ""2.73"", ""score"": 0.8699999999999999, ""current"": ""64-65°F"", ""predicted"": ""66-67°F"", ""tEstimated"": ""19.46""}",2026-03-24 17:39:50.791341+00
2614,ruth-pws-lfpg-20260324-173951261,wendy,LFPG,debug,signal,"PWS anticipation: WEAK (score=-0.563), METAR 18.0°C → estimated 17.5°C, bucket 18°C → 17°C","{""gap"": ""-2.50"", ""conf"": ""0.00"", ""ramp"": ""-1.70"", ""score"": -0.5625, ""current"": ""18°C"", ""predicted"": ""17°C"", ""tEstimated"": ""17.49""}",2026-03-24 17:39:51.263807+00
2615,marty-manual-20260324174023015,wendy,KATL,info,trade,BUY attempt: 64-65°F @ 0.06,"{""amount"": 5, ""tokenId"": ""84935559489854017001356882174409503951169481584427012568916223633752789357264""}",2026-03-24 17:40:23.032957+00
2616,marty-manual-20260324174023015,wendy,KATL,success,trade,BUY filled: 56.11111 shares,"{""bucket"": ""64-65°F"", ""shares"": 56.11111, ""orderId"": ""0xbe6b0ae1884f2fe6c810f098b2e404d67791f78d7c66fadfe44ce424440af70e""}",2026-03-24 17:40:29.289919+00
2617,ruth-pws-kdal-20260324-174049881,wendy,KDAL,info,signal,"PWS anticipation: STRONG (score=1.000), METAR 73.0°F → estimated 77.7°F, bucket 72-73°F → 78-79°F","{""gap"": ""2.42"", ""conf"": ""1.00"", ""ramp"": ""2.91"", ""score"": 1, ""current"": ""72-73°F"", ""predicted"": ""78-79°F"", ""tEstimated"": ""25.37""}",2026-03-24 17:40:49.898322+00
2618,ruth-pws-kdal-20260324-174049881,wendy,KDAL,info,guard,"PWS guards blocked: price_out_of_range | estimated 77.7°F, bucket 78-79°F, price 0.00",,2026-03-24 17:40:49.901564+00
2619,ruth-pws-kord-20260324-174050047,wendy,KORD,info,signal,"PWS anticipation: STRONG (score=0.792), METAR 43.0°F → estimated 45.0°F, bucket 42-43°F → 44-45°F","{""gap"": ""1.18"", ""conf"": ""1.00"", ""ramp"": ""0.64"", ""score"": 0.7922550857648115, ""current"": ""42-43°F"", ""predicted"": ""44-45°F"", ""tEstimated"": ""7.23""}",2026-03-24 17:40:50.051889+00
2620,ruth-pws-kord-20260324-174050047,wendy,KORD,info,guard,"PWS guards blocked: price_out_of_range | estimated 45.0°F, bucket 44-45°F, price 0.01",,2026-03-24 17:40:50.054486+00
2621,ruth-pws-klga-20260324-174050195,wendy,KLGA,info,signal,"PWS anticipation: STRONG (score=1.000), METAR 42.1°F → estimated 46.5°F, bucket 42-43°F → 46-47°F","{""gap"": ""2.62"", ""conf"": ""1.00"", ""ramp"": ""2.00"", ""score"": 1, ""current"": ""42-43°F"", ""predicted"": ""46-47°F"", ""tEstimated"": ""8.04""}",2026-03-24 17:40:50.198655+00
2622,ruth-pws-klga-20260324-174050195,wendy,KLGA,info,signal,"PWS already anticipated 44-45°F, skipping duplicate buy",,2026-03-24 17:40:50.199251+00
2623,ruth-pws-kmia-20260324-174050363,wendy,KMIA,info,signal,"PWS anticipation: STRONG (score=0.900), METAR 81.0°F → estimated 83.5°F, bucket 80-81°F → 84-85°F","{""gap"": ""2.36"", ""conf"": ""1.00"", ""ramp"": ""-0.76"", ""score"": 0.9, ""current"": ""80-81°F"", ""predicted"": ""84-85°F"", ""tEstimated"": ""28.62""}",2026-03-24 17:40:50.366218+00
2624,ruth-pws-kmia-20260324-174050363,wendy,KMIA,info,signal,"PWS already anticipated 84-85°F, skipping duplicate buy",,2026-03-24 17:40:50.366759+00
2625,ruth-pws-katl-20260324-174050518,wendy,KATL,info,signal,"PWS anticipation: STRONG (score=0.883), METAR 64.0°F → estimated 67.4°F, bucket 64-65°F → 66-67°F","{""gap"": ""1.26"", ""conf"": ""1.00"", ""ramp"": ""3.33"", ""score"": 0.8825000000000003, ""current"": ""64-65°F"", ""predicted"": ""66-67°F"", ""tEstimated"": ""19.68""}",2026-03-24 17:40:50.521793+00
2626,ruth-pws-katl-20260324-174050518,wendy,KATL,info,signal,"PWS already anticipated 66-67°F, skipping duplicate buy",,2026-03-24 17:40:50.522387+00
2627,ruth-pws-cyyz-20260324-174050981,wendy,CYYZ,debug,signal,"PWS anticipation: MODERATE (score=0.379), METAR 3.0°C → estimated 2.4°C, bucket 3°C → 2°C","{""gap"": ""0.50"", ""conf"": ""0.67"", ""ramp"": ""-2.61"", ""score"": 0.37916666666666626, ""current"": ""3°C"", ""predicted"": ""2°C"", ""tEstimated"": ""2.38""}",2026-03-24 17:40:50.984625+00
2628,ruth-pws-kdal-20260324-174149900,wendy,KDAL,info,guard,"PWS guards blocked: price_out_of_range | estimated 78.2°F, bucket 78-79°F, price 0.00",,2026-03-24 17:41:49.914977+00
2629,ruth-pws-kdal-20260324-174149900,wendy,KDAL,info,signal,"PWS anticipation: STRONG (score=1.000), METAR 73.0°F → estimated 78.2°F, bucket 72-73°F → 78-79°F","{""gap"": ""2.70"", ""conf"": ""1.00"", ""ramp"": ""3.33"", ""score"": 1, ""current"": ""72-73°F"", ""predicted"": ""78-79°F"", ""tEstimated"": ""25.69""}",2026-03-24 17:41:49.915231+00
2630,ruth-pws-kord-20260324-174150059,wendy,KORD,info,signal,"PWS anticipation: STRONG (score=0.814), METAR 43.0°F → estimated 45.0°F, bucket 42-43°F → 44-45°F","{""gap"": ""1.12"", ""conf"": ""1.00"", ""ramp"": ""0.81"", ""score"": 0.8141401634801422, ""current"": ""42-43°F"", ""predicted"": ""44-45°F"", ""tEstimated"": ""7.24""}",2026-03-24 17:41:50.063121+00
2631,ruth-pws-kord-20260324-174150059,wendy,KORD,info,guard,"PWS guards blocked: price_out_of_range | estimated 45.0°F, bucket 44-45°F, price 0.01",,2026-03-24 17:41:50.065868+00
2633,ruth-pws-klga-20260324-174150207,wendy,KLGA,info,signal,"PWS anticipation: STRONG (score=1.000), METAR 42.1°F → estimated 47.2°F, bucket 42-43°F → 46-47°F","{""gap"": ""2.90"", ""conf"": ""1.00"", ""ramp"": ""2.79"", ""score"": 1, ""current"": ""42-43°F"", ""predicted"": ""46-47°F"", ""tEstimated"": ""8.47""}",2026-03-24 17:41:50.21049+00
2632,ruth-pws-klga-20260324-174150207,wendy,KLGA,info,signal,"PWS already anticipated 44-45°F, skipping duplicate buy",,2026-03-24 17:41:50.210561+00
2634,ruth-pws-kmia-20260324-174150350,wendy,KMIA,info,signal,"PWS anticipation: STRONG (score=0.900), METAR 81.0°F → estimated 83.6°F, bucket 80-81°F → 84-85°F","{""gap"": ""2.36"", ""conf"": ""1.00"", ""ramp"": ""-0.53"", ""score"": 0.9, ""current"": ""80-81°F"", ""predicted"": ""84-85°F"", ""tEstimated"": ""28.69""}",2026-03-24 17:41:50.354015+00
2635,ruth-pws-kmia-20260324-174150350,wendy,KMIA,info,signal,"PWS already anticipated 84-85°F, skipping duplicate buy",,2026-03-24 17:41:50.354258+00
2637,ruth-pws-katl-20260324-174150497,wendy,KATL,info,signal,"PWS anticipation: STRONG (score=0.883), METAR 64.0°F → estimated 67.4°F, bucket 64-65°F → 66-67°F","{""gap"": ""1.26"", ""conf"": ""1.00"", ""ramp"": ""3.30"", ""score"": 0.8825000000000003, ""current"": ""64-65°F"", ""predicted"": ""66-67°F"", ""tEstimated"": ""19.67""}",2026-03-24 17:41:50.501209+00
2636,ruth-pws-katl-20260324-174150497,wendy,KATL,info,signal,"PWS already anticipated 66-67°F, skipping duplicate buy",,2026-03-24 17:41:50.501375+00
2638,ruth-pws-cyyz-20260324-174151047,wendy,CYYZ,debug,signal,"PWS anticipation: MODERATE (score=0.512), METAR 3.0°C → estimated 2.1°C, bucket 3°C → 2°C","{""gap"": ""0.50"", ""conf"": ""1.00"", ""ramp"": ""-3.76"", ""score"": 0.5124999999999996, ""current"": ""3°C"", ""predicted"": ""2°C"", ""tEstimated"": ""2.12""}",2026-03-24 17:41:51.050137+00
2639,ruth-pws-kdal-20260324-174249832,wendy,KDAL,info,signal,"PWS anticipation: STRONG (score=1.000), METAR 73.0°F → estimated 79.1°F, bucket 72-73°F → 78-79°F","{""gap"": ""2.92"", ""conf"": ""1.00"", ""ramp"": ""4.41"", ""score"": 1, ""current"": ""72-73°F"", ""predicted"": ""78-79°F"", ""tEstimated"": ""26.17""}",2026-03-24 17:42:49.845752+00
2640,ruth-pws-kdal-20260324-174249832,wendy,KDAL,info,guard,"PWS guards blocked: price_out_of_range | estimated 79.1°F, bucket 78-79°F, price 0.00",,2026-03-24 17:42:49.858341+00
2641,ruth-pws-kord-20260324-174250004,wendy,KORD,info,signal,"PWS anticipation: STRONG (score=0.853), METAR 43.0°F → estimated 45.2°F, bucket 42-43°F → 44-45°F","{""gap"": ""1.12"", ""conf"": ""1.00"", ""ramp"": ""1.09"", ""score"": 0.8525, ""current"": ""42-43°F"", ""predicted"": ""44-45°F"", ""tEstimated"": ""7.33""}",2026-03-24 17:42:50.00886+00
2642,ruth-pws-kord-20260324-174250004,wendy,KORD,info,guard,"PWS guards blocked: price_out_of_range | estimated 45.2°F, bucket 44-45°F, price 0.01",,2026-03-24 17:42:50.026494+00
2643,ruth-pws-klga-20260324-174250301,wendy,KLGA,info,signal,"PWS anticipation: STRONG (score=1.000), METAR 42.1°F → estimated 48.0°F, bucket 42-43°F → 48-49°F","{""gap"": ""3.18"", ""conf"": ""1.00"", ""ramp"": ""3.64"", ""score"": 1, ""current"": ""42-43°F"", ""predicted"": ""48-49°F"", ""tEstimated"": ""8.92""}",2026-03-24 17:42:50.30508+00
2644,ruth-pws-klga-20260324-174250301,wendy,KLGA,info,signal,"PWS already anticipated 44-45°F, skipping duplicate buy",,2026-03-24 17:42:50.312915+00
2645,ruth-pws-kmia-20260324-174250504,wendy,KMIA,info,signal,"PWS anticipation: STRONG (score=0.900), METAR 81.0°F → estimated 83.8°F, bucket 80-81°F → 84-85°F","{""gap"": ""2.36"", ""conf"": ""1.00"", ""ramp"": ""-0.22"", ""score"": 0.9, ""current"": ""80-81°F"", ""predicted"": ""84-85°F"", ""tEstimated"": ""28.78""}",2026-03-24 17:42:50.509144+00
2646,ruth-pws-kmia-20260324-174250504,wendy,KMIA,info,signal,"PWS already anticipated 84-85°F, skipping duplicate buy",,2026-03-24 17:42:50.509447+00
2647,ruth-pws-katl-20260324-174250654,wendy,KATL,info,signal,"PWS anticipation: STRONG (score=0.883), METAR 64.0°F → estimated 67.1°F, bucket 64-65°F → 66-67°F","{""gap"": ""1.26"", ""conf"": ""1.00"", ""ramp"": ""2.69"", ""score"": 0.8825000000000003, ""current"": ""64-65°F"", ""predicted"": ""66-67°F"", ""tEstimated"": ""19.49""}",2026-03-24 17:42:50.658047+00
2648,ruth-pws-katl-20260324-174250654,wendy,KATL,info,signal,"PWS already anticipated 66-67°F, skipping duplicate buy",,2026-03-24 17:42:50.658445+00
2649,ruth-pws-kdal-20260324-174349798,wendy,KDAL,info,signal,"PWS anticipation: STRONG (score=1.000), METAR 73.0°F → estimated 78.4°F, bucket 72-73°F → 78-79°F","{""gap"": ""2.59"", ""conf"": ""1.00"", ""ramp"": ""3.82"", ""score"": 1, ""current"": ""72-73°F"", ""predicted"": ""78-79°F"", ""tEstimated"": ""25.76""}",2026-03-24 17:43:49.810789+00
2650,ruth-pws-kdal-20260324-174349798,wendy,KDAL,info,guard,"PWS guards blocked: price_out_of_range | estimated 78.4°F, bucket 78-79°F, price 0.00",,2026-03-24 17:43:49.813007+00
2651,ruth-pws-kord-20260324-174349974,wendy,KORD,info,signal,"PWS anticipation: STRONG (score=0.853), METAR 43.0°F → estimated 45.2°F, bucket 42-43°F → 44-45°F","{""gap"": ""1.12"", ""conf"": ""1.00"", ""ramp"": ""1.06"", ""score"": 0.8525, ""current"": ""42-43°F"", ""predicted"": ""44-45°F"", ""tEstimated"": ""7.32""}",2026-03-24 17:43:49.978075+00
2652,ruth-pws-kord-20260324-174349974,wendy,KORD,info,guard,"PWS guards blocked: price_out_of_range | estimated 45.2°F, bucket 44-45°F, price 0.01",,2026-03-24 17:43:49.981204+00
2653,ruth-pws-klga-20260324-174350113,wendy,KLGA,info,signal,"PWS anticipation: STRONG (score=1.000), METAR 42.1°F → estimated 48.5°F, bucket 42-43°F → 48-49°F","{""gap"": ""3.29"", ""conf"": ""1.00"", ""ramp"": ""4.31"", ""score"": 1, ""current"": ""42-43°F"", ""predicted"": ""48-49°F"", ""tEstimated"": ""9.19""}",2026-03-24 17:43:50.115805+00
2654,ruth-pws-klga-20260324-174350113,wendy,KLGA,info,signal,"PWS already anticipated 44-45°F, skipping duplicate buy",,2026-03-24 17:43:50.116189+00
2655,ruth-pws-kmia-20260324-174350299,wendy,KMIA,info,signal,"PWS anticipation: STRONG (score=0.900), METAR 81.0°F → estimated 83.9°F, bucket 80-81°F → 84-85°F","{""gap"": ""2.36"", ""conf"": ""1.00"", ""ramp"": ""-0.12"", ""score"": 0.9, ""current"": ""80-81°F"", ""predicted"": ""84-85°F"", ""tEstimated"": ""28.81""}",2026-03-24 17:43:50.302622+00
2656,ruth-pws-kmia-20260324-174350299,wendy,KMIA,info,signal,"PWS already anticipated 84-85°F, skipping duplicate buy",,2026-03-24 17:43:50.303115+00
2657,ruth-pws-katl-20260324-174350446,wendy,KATL,info,signal,"PWS anticipation: STRONG (score=0.883), METAR 64.0°F → estimated 66.9°F, bucket 64-65°F → 66-67°F","{""gap"": ""1.26"", ""conf"": ""1.00"", ""ramp"": ""2.34"", ""score"": 0.8825000000000003, ""current"": ""64-65°F"", ""predicted"": ""66-67°F"", ""tEstimated"": ""19.38""}",2026-03-24 17:43:50.451405+00
2658,ruth-pws-katl-20260324-174350446,wendy,KATL,info,signal,"PWS already anticipated 66-67°F, skipping duplicate buy",,2026-03-24 17:43:50.451972+00
2659,ruth-pws-kdal-20260324-174449841,wendy,KDAL,info,signal,"PWS anticipation: STRONG (score=1.000), METAR 73.0°F → estimated 77.7°F, bucket 72-73°F → 78-79°F","{""gap"": ""2.59"", ""conf"": ""1.00"", ""ramp"": ""2.67"", ""score"": 1, ""current"": ""72-73°F"", ""predicted"": ""78-79°F"", ""tEstimated"": ""25.41""}",2026-03-24 17:44:49.855569+00
2660,ruth-pws-kdal-20260324-174449841,wendy,KDAL,info,guard,"PWS guards blocked: price_out_of_range | estimated 77.7°F, bucket 78-79°F, price 0.00",,2026-03-24 17:44:49.858291+00
2661,ruth-pws-kord-20260324-174450039,wendy,KORD,info,signal,"PWS anticipation: STRONG (score=0.853), METAR 43.0°F → estimated 45.2°F, bucket 42-43°F → 44-45°F","{""gap"": ""1.12"", ""conf"": ""1.00"", ""ramp"": ""1.18"", ""score"": 0.8525, ""current"": ""42-43°F"", ""predicted"": ""44-45°F"", ""tEstimated"": ""7.35""}",2026-03-24 17:44:50.042409+00
2662,ruth-pws-kord-20260324-174450039,wendy,KORD,info,guard,"PWS guards blocked: price_out_of_range | estimated 45.2°F, bucket 44-45°F, price 0.01",,2026-03-24 17:44:50.045464+00
2663,ruth-pws-klga-20260324-174450182,wendy,KLGA,info,signal,"PWS anticipation: STRONG (score=1.000), METAR 42.1°F → estimated 48.4°F, bucket 42-43°F → 48-49°F","{""gap"": ""3.18"", ""conf"": ""1.00"", ""ramp"": ""4.25"", ""score"": 1, ""current"": ""42-43°F"", ""predicted"": ""48-49°F"", ""tEstimated"": ""9.10""}",2026-03-24 17:44:50.185204+00
2664,ruth-pws-klga-20260324-174450182,wendy,KLGA,info,signal,"PWS already anticipated 44-45°F, skipping duplicate buy",,2026-03-24 17:44:50.185537+00
2665,ruth-pws-kmia-20260324-174450332,wendy,KMIA,info,signal,"PWS anticipation: STRONG (score=0.930), METAR 81.0°F → estimated 84.0°F, bucket 80-81°F → 84-85°F","{""gap"": ""2.36"", ""conf"": ""1.00"", ""ramp"": ""0.15"", ""score"": 0.9303589774578228, ""current"": ""80-81°F"", ""predicted"": ""84-85°F"", ""tEstimated"": ""28.89""}",2026-03-24 17:44:50.335458+00
2666,ruth-pws-kmia-20260324-174450332,wendy,KMIA,info,signal,"PWS already anticipated 84-85°F, skipping duplicate buy",,2026-03-24 17:44:50.33593+00
2667,ruth-pws-katl-20260324-174450500,wendy,KATL,info,signal,"PWS anticipation: STRONG (score=0.883), METAR 64.0°F → estimated 66.4°F, bucket 64-65°F → 66-67°F","{""gap"": ""1.26"", ""conf"": ""1.00"", ""ramp"": ""1.52"", ""score"": 0.8825000000000003, ""current"": ""64-65°F"", ""predicted"": ""66-67°F"", ""tEstimated"": ""19.13""}",2026-03-24 17:44:50.50374+00
2668,ruth-pws-katl-20260324-174450500,wendy,KATL,info,signal,"PWS already anticipated 66-67°F, skipping duplicate buy",,2026-03-24 17:44:50.504168+00
2669,ruth-pws-kdal-20260324-174549785,wendy,KDAL,info,signal,"PWS anticipation: STRONG (score=1.000), METAR 73.0°F → estimated 76.7°F, bucket 72-73°F → 76-77°F","{""gap"": ""2.20"", ""conf"": ""1.00"", ""ramp"": ""1.73"", ""score"": 1, ""current"": ""72-73°F"", ""predicted"": ""76-77°F"", ""tEstimated"": ""24.86""}",2026-03-24 17:45:49.801088+00
2670,ruth-pws-kord-20260324-174550053,wendy,KORD,info,signal,"PWS anticipation: STRONG (score=0.865), METAR 43.0°F → estimated 45.4°F, bucket 42-43°F → 44-45°F","{""gap"": ""1.18"", ""conf"": ""1.00"", ""ramp"": ""1.39"", ""score"": 0.865, ""current"": ""42-43°F"", ""predicted"": ""44-45°F"", ""tEstimated"": ""7.46""}",2026-03-24 17:45:50.057477+00
2671,ruth-pws-kord-20260324-174550053,wendy,KORD,info,guard,"PWS guards blocked: price_out_of_range | estimated 45.4°F, bucket 44-45°F, price 0.01",,2026-03-24 17:45:50.071259+00
2672,ruth-pws-klga-20260324-174550263,wendy,KLGA,info,signal,"PWS anticipation: STRONG (score=1.000), METAR 42.1°F → estimated 48.0°F, bucket 42-43°F → 48-49°F","{""gap"": ""3.12"", ""conf"": ""1.00"", ""ramp"": ""3.61"", ""score"": 1, ""current"": ""42-43°F"", ""predicted"": ""48-49°F"", ""tEstimated"": ""8.87""}",2026-03-24 17:45:50.266026+00
2673,ruth-pws-klga-20260324-174550263,wendy,KLGA,info,signal,"PWS already anticipated 44-45°F, skipping duplicate buy",,2026-03-24 17:45:50.274836+00
2674,ruth-pws-kmia-20260324-174550458,wendy,KMIA,info,signal,"PWS anticipation: STRONG (score=1.000), METAR 81.0°F → estimated 84.3°F, bucket 80-81°F → 84-85°F","{""gap"": ""2.41"", ""conf"": ""1.00"", ""ramp"": ""0.61"", ""score"": 1, ""current"": ""80-81°F"", ""predicted"": ""84-85°F"", ""tEstimated"": ""29.07""}",2026-03-24 17:45:50.461602+00
2675,ruth-pws-kmia-20260324-174550458,wendy,KMIA,info,signal,"PWS already anticipated 84-85°F, skipping duplicate buy",,2026-03-24 17:45:50.461929+00
2676,ruth-pws-kdal-20260324-174649825,wendy,KDAL,info,signal,"PWS anticipation: STRONG (score=1.000), METAR 73.0°F → estimated 76.3°F, bucket 72-73°F → 76-77°F","{""gap"": ""2.20"", ""conf"": ""1.00"", ""ramp"": ""0.91"", ""score"": 1, ""current"": ""72-73°F"", ""predicted"": ""76-77°F"", ""tEstimated"": ""24.61""}",2026-03-24 17:46:49.838619+00
2677,ruth-pws-kord-20260324-174650050,wendy,KORD,info,signal,"PWS anticipation: STRONG (score=0.865), METAR 43.0°F → estimated 45.5°F, bucket 42-43°F → 44-45°F","{""gap"": ""1.18"", ""conf"": ""1.00"", ""ramp"": ""1.52"", ""score"": 0.865, ""current"": ""42-43°F"", ""predicted"": ""44-45°F"", ""tEstimated"": ""7.50""}",2026-03-24 17:46:50.05455+00
2678,ruth-pws-kord-20260324-174650050,wendy,KORD,info,guard,"PWS guards blocked: price_out_of_range | estimated 45.5°F, bucket 44-45°F, price 0.01",,2026-03-24 17:46:50.065163+00
2679,ruth-pws-klga-20260324-174650263,wendy,KLGA,info,signal,"PWS anticipation: STRONG (score=1.000), METAR 42.1°F → estimated 47.2°F, bucket 42-43°F → 46-47°F","{""gap"": ""2.90"", ""conf"": ""1.00"", ""ramp"": ""2.70"", ""score"": 1, ""current"": ""42-43°F"", ""predicted"": ""46-47°F"", ""tEstimated"": ""8.44""}",2026-03-24 17:46:50.266273+00
2680,ruth-pws-klga-20260324-174650263,wendy,KLGA,info,signal,"PWS already anticipated 44-45°F, skipping duplicate buy",,2026-03-24 17:46:50.26675+00
2681,ruth-pws-kmia-20260324-174650513,wendy,KMIA,info,signal,"PWS anticipation: STRONG (score=1.000), METAR 81.0°F → estimated 84.4°F, bucket 80-81°F → 84-85°F","{""gap"": ""2.41"", ""conf"": ""1.00"", ""ramp"": ""0.70"", ""score"": 1, ""current"": ""80-81°F"", ""predicted"": ""84-85°F"", ""tEstimated"": ""29.10""}",2026-03-24 17:46:50.516841+00
2682,ruth-pws-kmia-20260324-174650513,wendy,KMIA,info,signal,"PWS already anticipated 84-85°F, skipping duplicate buy",,2026-03-24 17:46:50.517383+00
2683,ruth-pws-kdal-20260324-174749853,wendy,KDAL,info,signal,"PWS anticipation: STRONG (score=0.895), METAR 73.0°F → estimated 74.7°F, bucket 72-73°F → 74-75°F","{""gap"": ""2.20"", ""conf"": ""1.00"", ""ramp"": ""-2.08"", ""score"": 0.8949999999999998, ""current"": ""72-73°F"", ""predicted"": ""74-75°F"", ""tEstimated"": ""23.72""}",2026-03-24 17:47:49.865189+00
2684,ruth-pws-kord-20260324-174750016,wendy,KORD,info,signal,"PWS anticipation: STRONG (score=0.890), METAR 43.0°F → estimated 45.6°F, bucket 42-43°F → 46-47°F","{""gap"": ""1.29"", ""conf"": ""1.00"", ""ramp"": ""1.49"", ""score"": 0.8899999999999997, ""current"": ""42-43°F"", ""predicted"": ""46-47°F"", ""tEstimated"": ""7.58""}",2026-03-24 17:47:50.02106+00
2685,ruth-pws-kord-20260324-174750016,wendy,KORD,info,guard,"PWS guards blocked: price_out_of_range | estimated 45.6°F, bucket 46-47°F, price 0.02",,2026-03-24 17:47:50.032085+00
2686,ruth-pws-klga-20260324-174750225,wendy,KLGA,info,signal,"PWS anticipation: STRONG (score=1.000), METAR 42.1°F → estimated 47.0°F, bucket 42-43°F → 46-47°F","{""gap"": ""2.90"", ""conf"": ""1.00"", ""ramp"": ""2.32"", ""score"": 1, ""current"": ""42-43°F"", ""predicted"": ""46-47°F"", ""tEstimated"": ""8.33""}",2026-03-24 17:47:50.229405+00
2687,ruth-pws-klga-20260324-174750225,wendy,KLGA,info,signal,"PWS already anticipated 44-45°F, skipping duplicate buy",,2026-03-24 17:47:50.229665+00
2688,ruth-pws-kmia-20260324-174750399,wendy,KMIA,info,signal,"PWS anticipation: STRONG (score=1.000), METAR 81.0°F → estimated 84.4°F, bucket 80-81°F → 84-85°F","{""gap"": ""2.41"", ""conf"": ""1.00"", ""ramp"": ""0.75"", ""score"": 1, ""current"": ""80-81°F"", ""predicted"": ""84-85°F"", ""tEstimated"": ""29.11""}",2026-03-24 17:47:50.403387+00
2689,ruth-pws-kmia-20260324-174750399,wendy,KMIA,info,signal,"PWS already anticipated 84-85°F, skipping duplicate buy",,2026-03-24 17:47:50.403642+00
2690,ruth-pws-kdal-20260324-174849797,wendy,KDAL,info,signal,"PWS anticipation: STRONG (score=0.895), METAR 73.0°F → estimated 74.6°F, bucket 72-73°F → 74-75°F","{""gap"": ""2.20"", ""conf"": ""1.00"", ""ramp"": ""-2.30"", ""score"": 0.8949999999999998, ""current"": ""72-73°F"", ""predicted"": ""74-75°F"", ""tEstimated"": ""23.65""}",2026-03-24 17:48:49.814344+00
2691,ruth-pws-kord-20260324-174849995,wendy,KORD,info,signal,"PWS anticipation: STRONG (score=0.890), METAR 43.0°F → estimated 45.6°F, bucket 42-43°F → 46-47°F","{""gap"": ""1.29"", ""conf"": ""1.00"", ""ramp"": ""1.42"", ""score"": 0.8899999999999997, ""current"": ""42-43°F"", ""predicted"": ""46-47°F"", ""tEstimated"": ""7.56""}",2026-03-24 17:48:49.999602+00
2692,ruth-pws-kord-20260324-174849995,wendy,KORD,info,guard,"PWS guards blocked: price_out_of_range | estimated 45.6°F, bucket 46-47°F, price 0.02",,2026-03-24 17:48:50.015556+00
2693,ruth-pws-klga-20260324-174850183,wendy,KLGA,info,signal,"PWS anticipation: STRONG (score=1.000), METAR 42.1°F → estimated 46.6°F, bucket 42-43°F → 46-47°F","{""gap"": ""2.90"", ""conf"": ""1.00"", ""ramp"": ""1.61"", ""score"": 1, ""current"": ""42-43°F"", ""predicted"": ""46-47°F"", ""tEstimated"": ""8.11""}",2026-03-24 17:48:50.18714+00
2694,ruth-pws-klga-20260324-174850183,wendy,KLGA,info,signal,"PWS already anticipated 44-45°F, skipping duplicate buy",,2026-03-24 17:48:50.194307+00
2695,ruth-pws-kmia-20260324-174850347,wendy,KMIA,info,signal,"PWS already anticipated 84-85°F, skipping duplicate buy",,2026-03-24 17:48:50.351275+00
2696,ruth-pws-kmia-20260324-174850347,wendy,KMIA,info,signal,"PWS anticipation: STRONG (score=1.000), METAR 81.0°F → estimated 84.4°F, bucket 80-81°F → 84-85°F","{""gap"": ""2.41"", ""conf"": ""1.00"", ""ramp"": ""0.70"", ""score"": 1, ""current"": ""80-81°F"", ""predicted"": ""84-85°F"", ""tEstimated"": ""29.10""}",2026-03-24 17:48:50.351848+00
2697,marty-manual-20260324174912331,wendy,KATL,info,trade,SELL attempt:  (79.275456 shares),"{""tokenId"": ""84935559489854017001356882174409503951169481584427012568916223633752789357264""}",2026-03-24 17:49:12.334203+00
2698,marty-manual-20260324174912331,wendy,KATL,success,trade,SELL filled: 79.27 shares,"{""bucket"": """", ""orderId"": ""0x641a08cc026f959055bb69ba96a75cafb6c81121813aa84a3764a809869565e1""}",2026-03-24 17:49:18.594069+00
2699,marty-manual-20260324174927192,wendy,KATL,info,trade,BUY attempt: 66-67°F @ 0.455,"{""amount"": 10, ""tokenId"": ""36932432079600826968927214223778798554412393677861074672902948860551104778583""}",2026-03-24 17:49:27.195289+00
2700,marty-manual-20260324174927192,wendy,KATL,success,trade,BUY filled: 20.408162 shares,"{""bucket"": ""66-67°F"", ""shares"": 20.408162, ""orderId"": ""0xc45dbcb826b3c1fb860beadcae9d2fe0a90665d9fde1b8a6ace4a225036a8a6b""}",2026-03-24 17:49:33.420986+00
2701,ruth-pws-kdal-20260324-174949863,wendy,KDAL,info,signal,"PWS anticipation: STRONG (score=0.900), METAR 73.0°F → estimated 74.8°F, bucket 72-73°F → 74-75°F","{""gap"": ""2.42"", ""conf"": ""1.00"", ""ramp"": ""-2.45"", ""score"": 0.9, ""current"": ""72-73°F"", ""predicted"": ""74-75°F"", ""tEstimated"": ""23.76""}",2026-03-24 17:49:49.876613+00
2702,ruth-pws-kord-20260324-174950098,wendy,KORD,info,signal,"PWS anticipation: STRONG (score=0.915), METAR 43.0°F → estimated 45.9°F, bucket 42-43°F → 46-47°F","{""gap"": ""1.40"", ""conf"": ""1.00"", ""ramp"": ""1.67"", ""score"": 0.915, ""current"": ""42-43°F"", ""predicted"": ""46-47°F"", ""tEstimated"": ""7.72""}",2026-03-24 17:49:50.102941+00
2703,ruth-pws-kord-20260324-174950098,wendy,KORD,info,guard,"PWS guards blocked: price_out_of_range | estimated 45.9°F, bucket 46-47°F, price 0.02",,2026-03-24 17:49:50.11848+00
2704,ruth-pws-klga-20260324-174950425,wendy,KLGA,info,signal,"PWS anticipation: STRONG (score=0.900), METAR 42.1°F → estimated 45.7°F, bucket 42-43°F → 46-47°F","{""gap"": ""2.90"", ""conf"": ""1.00"", ""ramp"": ""-0.04"", ""score"": 0.9, ""current"": ""42-43°F"", ""predicted"": ""46-47°F"", ""tEstimated"": ""7.62""}",2026-03-24 17:49:50.429178+00
2705,ruth-pws-klga-20260324-174950425,wendy,KLGA,info,signal,"PWS already anticipated 44-45°F, skipping duplicate buy",,2026-03-24 17:49:50.429601+00
2706,ruth-pws-kmia-20260324-174950691,wendy,KMIA,info,signal,"PWS anticipation: STRONG (score=1.000), METAR 81.0°F → estimated 84.3°F, bucket 80-81°F → 84-85°F","{""gap"": ""2.41"", ""conf"": ""1.00"", ""ramp"": ""0.50"", ""score"": 1, ""current"": ""80-81°F"", ""predicted"": ""84-85°F"", ""tEstimated"": ""29.04""}",2026-03-24 17:49:50.694445+00
2707,ruth-pws-kmia-20260324-174950691,wendy,KMIA,info,signal,"PWS already anticipated 84-85°F, skipping duplicate buy",,2026-03-24 17:49:50.695222+00
2708,ruth-pws-kdal-20260324-175049837,wendy,KDAL,info,signal,"PWS anticipation: STRONG (score=0.900), METAR 73.0°F → estimated 75.2°F, bucket 72-73°F → 74-75°F","{""gap"": ""2.59"", ""conf"": ""1.00"", ""ramp"": ""-1.97"", ""score"": 0.9, ""current"": ""72-73°F"", ""predicted"": ""74-75°F"", ""tEstimated"": ""24.02""}",2026-03-24 17:50:49.851675+00
2709,ruth-pws-kord-20260324-175050038,wendy,KORD,info,signal,"PWS anticipation: STRONG (score=0.927), METAR 43.0°F → estimated 46.1°F, bucket 42-43°F → 46-47°F","{""gap"": ""1.46"", ""conf"": ""1.00"", ""ramp"": ""1.85"", ""score"": 0.9275, ""current"": ""42-43°F"", ""predicted"": ""46-47°F"", ""tEstimated"": ""7.82""}",2026-03-24 17:50:50.042365+00
2710,ruth-pws-kord-20260324-175050038,wendy,KORD,info,guard,"PWS guards blocked: price_out_of_range | estimated 46.1°F, bucket 46-47°F, price 0.02",,2026-03-24 17:50:50.053701+00
2711,ruth-pws-klga-20260324-175050226,wendy,KLGA,info,signal,"PWS anticipation: STRONG (score=0.900), METAR 42.1°F → estimated 44.8°F, bucket 42-43°F → 44-45°F","{""gap"": ""2.90"", ""conf"": ""1.00"", ""ramp"": ""-1.80"", ""score"": 0.9, ""current"": ""42-43°F"", ""predicted"": ""44-45°F"", ""tEstimated"": ""7.09""}",2026-03-24 17:50:50.230357+00
2712,ruth-pws-klga-20260324-175050226,wendy,KLGA,info,signal,"PWS already anticipated 44-45°F, skipping duplicate buy",,2026-03-24 17:50:50.230671+00
2713,ruth-pws-kmia-20260324-175050414,wendy,KMIA,info,signal,"PWS anticipation: STRONG (score=0.997), METAR 81.0°F → estimated 84.3°F, bucket 80-81°F → 84-85°F","{""gap"": ""2.41"", ""conf"": ""1.00"", ""ramp"": ""0.48"", ""score"": 0.9969550426810316, ""current"": ""80-81°F"", ""predicted"": ""84-85°F"", ""tEstimated"": ""29.03""}",2026-03-24 17:50:50.417154+00
2714,ruth-pws-kmia-20260324-175050414,wendy,KMIA,info,signal,"PWS already anticipated 84-85°F, skipping duplicate buy",,2026-03-24 17:50:50.417981+00
2715,ruth-pws-kdal-20260324-175149800,wendy,KDAL,info,signal,"PWS anticipation: STRONG (score=0.900), METAR 73.0°F → estimated 75.4°F, bucket 72-73°F → 74-75°F","{""gap"": ""2.59"", ""conf"": ""1.00"", ""ramp"": ""-1.73"", ""score"": 0.9, ""current"": ""72-73°F"", ""predicted"": ""74-75°F"", ""tEstimated"": ""24.09""}",2026-03-24 17:51:49.816204+00
2716,ruth-pws-kord-20260324-175149990,wendy,KORD,info,signal,"PWS anticipation: STRONG (score=0.927), METAR 43.0°F → estimated 46.3°F, bucket 42-43°F → 46-47°F","{""gap"": ""1.46"", ""conf"": ""1.00"", ""ramp"": ""2.33"", ""score"": 0.9275, ""current"": ""42-43°F"", ""predicted"": ""46-47°F"", ""tEstimated"": ""7.96""}",2026-03-24 17:51:49.994406+00
2717,ruth-pws-kord-20260324-175149990,wendy,KORD,info,guard,"PWS guards blocked: price_out_of_range | estimated 46.3°F, bucket 46-47°F, price 0.02",,2026-03-24 17:51:50.015343+00
2718,ruth-pws-klga-20260324-175150174,wendy,KLGA,info,signal,"PWS anticipation: STRONG (score=0.900), METAR 42.1°F → estimated 45.1°F, bucket 42-43°F → 44-45°F","{""gap"": ""3.01"", ""conf"": ""1.00"", ""ramp"": ""-1.36"", ""score"": 0.9, ""current"": ""42-43°F"", ""predicted"": ""44-45°F"", ""tEstimated"": ""7.30""}",2026-03-24 17:51:50.180238+00
2719,ruth-pws-klga-20260324-175150174,wendy,KLGA,info,signal,"PWS already anticipated 44-45°F, skipping duplicate buy",,2026-03-24 17:51:50.188121+00
2720,ruth-pws-kmia-20260324-175150340,wendy,KMIA,info,signal,"PWS anticipation: STRONG (score=0.985), METAR 81.0°F → estimated 84.2°F, bucket 80-81°F → 84-85°F","{""gap"": ""2.41"", ""conf"": ""1.00"", ""ramp"": ""0.42"", ""score"": 0.9848502068448148, ""current"": ""80-81°F"", ""predicted"": ""84-85°F"", ""tEstimated"": ""29.02""}",2026-03-24 17:51:50.344655+00
2721,ruth-pws-kmia-20260324-175150340,wendy,KMIA,info,signal,"PWS already anticipated 84-85°F, skipping duplicate buy",,2026-03-24 17:51:50.345578+00
2722,ruth-pws-kdal-20260324-175249821,wendy,KDAL,info,signal,"PWS anticipation: STRONG (score=0.900), METAR 73.0°F → estimated 76.5°F, bucket 72-73°F → 76-77°F","{""gap"": ""2.81"", ""conf"": ""1.00"", ""ramp"": ""-0.06"", ""score"": 0.9, ""current"": ""72-73°F"", ""predicted"": ""76-77°F"", ""tEstimated"": ""24.75""}",2026-03-24 17:52:49.834118+00
2723,ruth-pws-kord-20260324-175249990,wendy,KORD,info,signal,"PWS anticipation: STRONG (score=0.915), METAR 43.0°F → estimated 46.3°F, bucket 42-43°F → 46-47°F","{""gap"": ""1.40"", ""conf"": ""1.00"", ""ramp"": ""2.33"", ""score"": 0.915, ""current"": ""42-43°F"", ""predicted"": ""46-47°F"", ""tEstimated"": ""7.92""}",2026-03-24 17:52:49.994326+00
2724,ruth-pws-kord-20260324-175249990,wendy,KORD,info,guard,"PWS guards blocked: price_out_of_range | estimated 46.3°F, bucket 46-47°F, price 0.02",,2026-03-24 17:52:50.008489+00
2725,ruth-pws-klga-20260324-175250148,wendy,KLGA,info,signal,"PWS anticipation: STRONG (score=0.900), METAR 42.1°F → estimated 44.9°F, bucket 42-43°F → 44-45°F","{""gap"": ""3.01"", ""conf"": ""1.00"", ""ramp"": ""-1.76"", ""score"": 0.9, ""current"": ""42-43°F"", ""predicted"": ""44-45°F"", ""tEstimated"": ""7.18""}",2026-03-24 17:52:50.151397+00
2726,ruth-pws-klga-20260324-175250148,wendy,KLGA,info,signal,"PWS already anticipated 44-45°F, skipping duplicate buy",,2026-03-24 17:52:50.151991+00
2727,ruth-pws-kmia-20260324-175250338,wendy,KMIA,info,signal,"PWS anticipation: STRONG (score=0.973), METAR 81.0°F → estimated 84.2°F, bucket 80-81°F → 84-85°F","{""gap"": ""2.41"", ""conf"": ""1.00"", ""ramp"": ""0.36"", ""score"": 0.9727429607414607, ""current"": ""80-81°F"", ""predicted"": ""84-85°F"", ""tEstimated"": ""29.00""}",2026-03-24 17:52:50.341309+00
2728,ruth-pws-kmia-20260324-175250338,wendy,KMIA,info,signal,"PWS already anticipated 84-85°F, skipping duplicate buy",,2026-03-24 17:52:50.341691+00
2730,ruth-pws-katl-20260324-175250509,wendy,KATL,info,signal,"PWS anticipation: STRONG (score=0.683), METAR 64.0°F → estimated 65.6°F, bucket 64-65°F → 66-67°F","{""gap"": ""1.26"", ""conf"": ""1.00"", ""ramp"": ""-0.00"", ""score"": 0.6825000000000002, ""current"": ""64-65°F"", ""predicted"": ""66-67°F"", ""tEstimated"": ""18.68""}",2026-03-24 17:52:50.513326+00
2729,ruth-pws-katl-20260324-175250509,wendy,KATL,info,signal,"PWS already anticipated 66-67°F, skipping duplicate buy",,2026-03-24 17:52:50.5136+00
2731,ruth-pws-kdal-20260324-175349835,wendy,KDAL,info,signal,"PWS anticipation: STRONG (score=1.000), METAR 73.0°F → estimated 78.8°F, bucket 72-73°F → 78-79°F","{""gap"": ""2.92"", ""conf"": ""1.00"", ""ramp"": ""3.86"", ""score"": 1, ""current"": ""72-73°F"", ""predicted"": ""78-79°F"", ""tEstimated"": ""26.00""}",2026-03-24 17:53:49.847115+00
2732,ruth-pws-kdal-20260324-175349835,wendy,KDAL,info,guard,"PWS guards blocked: price_out_of_range | estimated 78.8°F, bucket 78-79°F, price 0.00",,2026-03-24 17:53:49.852881+00
2733,ruth-pws-kord-20260324-175350015,wendy,KORD,info,signal,"PWS anticipation: STRONG (score=0.903), METAR 43.0°F → estimated 46.0°F, bucket 42-43°F → 46-47°F","{""gap"": ""1.34"", ""conf"": ""1.00"", ""ramp"": ""2.02"", ""score"": 0.9025000000000001, ""current"": ""42-43°F"", ""predicted"": ""46-47°F"", ""tEstimated"": ""7.78""}",2026-03-24 17:53:50.021091+00
2734,ruth-pws-kord-20260324-175350015,wendy,KORD,info,guard,"PWS guards blocked: price_out_of_range | estimated 46.0°F, bucket 46-47°F, price 0.02",,2026-03-24 17:53:50.024089+00
2735,ruth-pws-klga-20260324-175350167,wendy,KLGA,info,signal,"PWS anticipation: STRONG (score=0.900), METAR 42.1°F → estimated 45.9°F, bucket 42-43°F → 46-47°F","{""gap"": ""3.12"", ""conf"": ""1.00"", ""ramp"": ""-0.26"", ""score"": 0.9, ""current"": ""42-43°F"", ""predicted"": ""46-47°F"", ""tEstimated"": ""7.71""}",2026-03-24 17:53:50.172268+00
2736,ruth-pws-klga-20260324-175350167,wendy,KLGA,info,signal,"PWS already anticipated 44-45°F, skipping duplicate buy",,2026-03-24 17:53:50.172791+00
2737,ruth-pws-kmia-20260324-175350325,wendy,KMIA,info,signal,"PWS anticipation: STRONG (score=0.936), METAR 81.0°F → estimated 84.1°F, bucket 80-81°F → 84-85°F","{""gap"": ""2.41"", ""conf"": ""1.00"", ""ramp"": ""0.18"", ""score"": 0.9363850663949705, ""current"": ""80-81°F"", ""predicted"": ""84-85°F"", ""tEstimated"": ""28.94""}",2026-03-24 17:53:50.329205+00
2738,ruth-pws-kmia-20260324-175350325,wendy,KMIA,info,signal,"PWS already anticipated 84-85°F, skipping duplicate buy",,2026-03-24 17:53:50.329542+00
2739,ruth-pws-katl-20260324-175350501,wendy,KATL,info,signal,"PWS anticipation: STRONG (score=0.883), METAR 64.0°F → estimated 66.6°F, bucket 64-65°F → 66-67°F","{""gap"": ""1.26"", ""conf"": ""1.00"", ""ramp"": ""1.82"", ""score"": 0.8825000000000003, ""current"": ""64-65°F"", ""predicted"": ""66-67°F"", ""tEstimated"": ""19.22""}",2026-03-24 17:53:50.504169+00
2740,ruth-pws-katl-20260324-175350501,wendy,KATL,info,signal,"PWS already anticipated 66-67°F, skipping duplicate buy",,2026-03-24 17:53:50.504546+00
2742,ruth-pws-cyyz-20260324-175351040,wendy,CYYZ,info,signal,"PWS already anticipated 5°C, skipping duplicate buy",,2026-03-24 17:53:51.04292+00
2741,ruth-pws-cyyz-20260324-175351040,wendy,CYYZ,info,signal,"PWS anticipation: STRONG (score=0.656), METAR 3.0°C → estimated 3.5°C, bucket 3°C → 4°C","{""gap"": ""0.78"", ""conf"": ""1.00"", ""ramp"": ""0.40"", ""score"": 0.6557104195922285, ""current"": ""3°C"", ""predicted"": ""4°C"", ""tEstimated"": ""3.51""}",2026-03-24 17:53:51.043008+00
2743,ruth-pws-kdal-20260324-175449939,wendy,KDAL,info,signal,"PWS anticipation: STRONG (score=1.000), METAR 73.0°F → estimated 79.5°F, bucket 72-73°F → 80-81°F","{""gap"": ""2.81"", ""conf"": ""1.00"", ""ramp"": ""5.43"", ""score"": 1, ""current"": ""72-73°F"", ""predicted"": ""80-81°F"", ""tEstimated"": ""26.40""}",2026-03-24 17:54:49.95574+00
2744,ruth-pws-kdal-20260324-175449939,wendy,KDAL,info,guard,"PWS guards blocked: price_out_of_range | estimated 79.5°F, bucket 80-81°F, price 0.04",,2026-03-24 17:54:50.012+00
2745,ruth-pws-kord-20260324-175450410,wendy,KORD,info,signal,"PWS anticipation: STRONG (score=0.903), METAR 43.0°F → estimated 45.7°F, bucket 42-43°F → 46-47°F","{""gap"": ""1.34"", ""conf"": ""1.00"", ""ramp"": ""1.37"", ""score"": 0.9025000000000001, ""current"": ""42-43°F"", ""predicted"": ""46-47°F"", ""tEstimated"": ""7.59""}",2026-03-24 17:54:50.415085+00
2746,ruth-pws-kord-20260324-175450410,wendy,KORD,info,guard,"PWS guards blocked: price_out_of_range | estimated 45.7°F, bucket 46-47°F, price 0.04",,2026-03-24 17:54:50.429002+00
2747,ruth-pws-klga-20260324-175450572,wendy,KLGA,info,signal,"PWS anticipation: STRONG (score=1.000), METAR 42.1°F → estimated 46.5°F, bucket 42-43°F → 46-47°F","{""gap"": ""3.12"", ""conf"": ""1.00"", ""ramp"": ""0.89"", ""score"": 1, ""current"": ""42-43°F"", ""predicted"": ""46-47°F"", ""tEstimated"": ""8.05""}",2026-03-24 17:54:50.577484+00
2748,ruth-pws-klga-20260324-175450572,wendy,KLGA,info,signal,"PWS already anticipated 44-45°F, skipping duplicate buy",,2026-03-24 17:54:50.587543+00
2749,ruth-pws-kmia-20260324-175450748,wendy,KMIA,info,signal,"PWS already anticipated 84-85°F, skipping duplicate buy",,2026-03-24 17:54:50.751364+00
2750,ruth-pws-kmia-20260324-175450748,wendy,KMIA,info,signal,"PWS anticipation: STRONG (score=0.900), METAR 81.0°F → estimated 84.0°F, bucket 80-81°F → 84-85°F","{""gap"": ""2.41"", ""conf"": ""1.00"", ""ramp"": ""0.00"", ""score"": 0.9, ""current"": ""80-81°F"", ""predicted"": ""84-85°F"", ""tEstimated"": ""28.89""}",2026-03-24 17:54:50.751902+00
2751,ruth-pws-katl-20260324-175450940,wendy,KATL,info,signal,"PWS anticipation: STRONG (score=0.883), METAR 64.0°F → estimated 67.3°F, bucket 64-65°F → 66-67°F","{""gap"": ""1.26"", ""conf"": ""1.00"", ""ramp"": ""3.03"", ""score"": 0.8825000000000003, ""current"": ""64-65°F"", ""predicted"": ""66-67°F"", ""tEstimated"": ""19.59""}",2026-03-24 17:54:50.94631+00
2752,ruth-pws-katl-20260324-175450940,wendy,KATL,info,signal,"PWS already anticipated 66-67°F, skipping duplicate buy",,2026-03-24 17:54:50.946505+00
2753,ruth-pws-cyyz-20260324-175452127,wendy,CYYZ,info,signal,"PWS anticipation: STRONG (score=0.775), METAR 3.0°C → estimated 3.9°C, bucket 3°C → 4°C","{""gap"": ""0.78"", ""conf"": ""1.00"", ""ramp"": ""1.78"", ""score"": 0.7749999999999997, ""current"": ""3°C"", ""predicted"": ""4°C"", ""tEstimated"": ""3.92""}",2026-03-24 17:54:52.132068+00
2754,ruth-pws-cyyz-20260324-175452127,wendy,CYYZ,info,signal,"PWS already anticipated 5°C, skipping duplicate buy",,2026-03-24 17:54:52.132439+00
2755,ruth-pws-kdal-20260324-175549881,wendy,KDAL,info,signal,"PWS anticipation: STRONG (score=1.000), METAR 73.0°F → estimated 79.8°F, bucket 72-73°F → 80-81°F","{""gap"": ""2.92"", ""conf"": ""1.00"", ""ramp"": ""5.66"", ""score"": 1, ""current"": ""72-73°F"", ""predicted"": ""80-81°F"", ""tEstimated"": ""26.54""}",2026-03-24 17:55:49.894497+00
2756,ruth-pws-kdal-20260324-175549881,wendy,KDAL,info,guard,"PWS guards blocked: price_out_of_range | estimated 79.8°F, bucket 80-81°F, price 0.04",,2026-03-24 17:55:49.899109+00
2757,ruth-pws-kord-20260324-175550065,wendy,KORD,info,signal,"PWS anticipation: STRONG (score=0.860), METAR 43.0°F → estimated 45.3°F, bucket 42-43°F → 44-45°F","{""gap"": ""1.34"", ""conf"": ""1.00"", ""ramp"": ""0.79"", ""score"": 0.8599806793115192, ""current"": ""42-43°F"", ""predicted"": ""44-45°F"", ""tEstimated"": ""7.41""}",2026-03-24 17:55:50.070238+00
2758,ruth-pws-kord-20260324-175550065,wendy,KORD,info,guard,"PWS guards blocked: price_out_of_range | estimated 45.3°F, bucket 44-45°F, price 0.02",,2026-03-24 17:55:50.072999+00
2759,ruth-pws-klga-20260324-175550308,wendy,KLGA,info,signal,"PWS anticipation: STRONG (score=1.000), METAR 42.1°F → estimated 46.7°F, bucket 42-43°F → 46-47°F","{""gap"": ""3.01"", ""conf"": ""1.00"", ""ramp"": ""1.49"", ""score"": 1, ""current"": ""42-43°F"", ""predicted"": ""46-47°F"", ""tEstimated"": ""8.16""}",2026-03-24 17:55:50.311698+00
2760,ruth-pws-klga-20260324-175550308,wendy,KLGA,info,signal,"PWS already anticipated 44-45°F, skipping duplicate buy",,2026-03-24 17:55:50.312174+00
2761,ruth-pws-kmia-20260324-175550473,wendy,KMIA,info,signal,"PWS anticipation: STRONG (score=0.900), METAR 81.0°F → estimated 84.0°F, bucket 80-81°F → 84-85°F","{""gap"": ""2.41"", ""conf"": ""1.00"", ""ramp"": ""0.00"", ""score"": 0.9, ""current"": ""80-81°F"", ""predicted"": ""84-85°F"", ""tEstimated"": ""28.89""}",2026-03-24 17:55:50.477012+00
2762,ruth-pws-kmia-20260324-175550473,wendy,KMIA,info,signal,"PWS already anticipated 84-85°F, skipping duplicate buy",,2026-03-24 17:55:50.477329+00
2763,ruth-pws-katl-20260324-175550622,wendy,KATL,info,signal,"PWS already anticipated 66-67°F, skipping duplicate buy",,2026-03-24 17:55:50.62776+00
2764,ruth-pws-katl-20260324-175550622,wendy,KATL,info,signal,"PWS anticipation: STRONG (score=0.895), METAR 64.0°F → estimated 67.4°F, bucket 64-65°F → 66-67°F","{""gap"": ""1.31"", ""conf"": ""1.00"", ""ramp"": ""3.09"", ""score"": 0.8950000000000005, ""current"": ""64-65°F"", ""predicted"": ""66-67°F"", ""tEstimated"": ""19.64""}",2026-03-24 17:55:50.627877+00
2765,ruth-pws-cyyz-20260324-175551068,wendy,CYYZ,info,signal,"PWS anticipation: STRONG (score=0.642), METAR 3.0°C → estimated 3.7°C, bucket 3°C → 4°C","{""gap"": ""0.78"", ""conf"": ""0.67"", ""ramp"": ""1.58"", ""score"": 0.6416666666666664, ""current"": ""3°C"", ""predicted"": ""4°C"", ""tEstimated"": ""3.73""}",2026-03-24 17:55:51.073366+00
2766,ruth-pws-cyyz-20260324-175551068,wendy,CYYZ,info,signal,"PWS already anticipated 5°C, skipping duplicate buy",,2026-03-24 17:55:51.073935+00
2767,marty-manual-20260324175647817,wendy,KLGA,info,trade,SELL attempt:  (70.769 shares),"{""tokenId"": ""11264762238868470392969284368589596929044651568997101186373153312841457562692""}",2026-03-24 17:56:47.820074+00
2768,ruth-pws-kdal-20260324-175649913,wendy,KDAL,info,signal,"PWS anticipation: STRONG (score=1.000), METAR 73.0°F → estimated 79.6°F, bucket 72-73°F → 80-81°F","{""gap"": ""2.92"", ""conf"": ""1.00"", ""ramp"": ""5.35"", ""score"": 1, ""current"": ""72-73°F"", ""predicted"": ""80-81°F"", ""tEstimated"": ""26.45""}",2026-03-24 17:56:49.926654+00
2769,ruth-pws-kdal-20260324-175649913,wendy,KDAL,info,guard,"PWS guards blocked: price_out_of_range | estimated 79.6°F, bucket 80-81°F, price 0.04",,2026-03-24 17:56:49.930853+00
2770,ruth-pws-kord-20260324-175650091,wendy,KORD,info,signal,"PWS anticipation: STRONG (score=0.767), METAR 43.0°F → estimated 45.1°F, bucket 42-43°F → 44-45°F","{""gap"": ""1.40"", ""conf"": ""1.00"", ""ramp"": ""0.26"", ""score"": 0.7674793620992784, ""current"": ""42-43°F"", ""predicted"": ""44-45°F"", ""tEstimated"": ""7.30""}",2026-03-24 17:56:50.096019+00
2771,ruth-pws-kord-20260324-175650091,wendy,KORD,info,guard,"PWS guards blocked: price_out_of_range | estimated 45.1°F, bucket 44-45°F, price 0.02",,2026-03-24 17:56:50.097913+00
2772,ruth-pws-klga-20260324-175650252,wendy,KLGA,info,signal,"PWS anticipation: STRONG (score=0.890), METAR 42.1°F → estimated 44.3°F, bucket 42-43°F → 44-45°F","{""gap"": ""2.18"", ""conf"": ""1.00"", ""ramp"": ""-1.06"", ""score"": 0.8900000000000001, ""current"": ""42-43°F"", ""predicted"": ""44-45°F"", ""tEstimated"": ""6.81""}",2026-03-24 17:56:50.256717+00
2773,ruth-pws-klga-20260324-175650252,wendy,KLGA,info,signal,"PWS already anticipated 44-45°F, skipping duplicate buy",,2026-03-24 17:56:50.257104+00
2774,ruth-pws-kmia-20260324-175650419,wendy,KMIA,info,signal,"PWS anticipation: STRONG (score=0.961), METAR 81.0°F → estimated 84.3°F, bucket 80-81°F → 84-85°F","{""gap"": ""2.52"", ""conf"": ""1.00"", ""ramp"": ""0.30"", ""score"": 0.9605947165902072, ""current"": ""80-81°F"", ""predicted"": ""84-85°F"", ""tEstimated"": ""29.06""}",2026-03-24 17:56:50.422915+00
2775,ruth-pws-kmia-20260324-175650419,wendy,KMIA,info,signal,"PWS already anticipated 84-85°F, skipping duplicate buy",,2026-03-24 17:56:50.423185+00
2776,ruth-pws-katl-20260324-175650575,wendy,KATL,info,signal,"PWS anticipation: STRONG (score=0.895), METAR 64.0°F → estimated 67.2°F, bucket 64-65°F → 66-67°F","{""gap"": ""1.31"", ""conf"": ""1.00"", ""ramp"": ""2.82"", ""score"": 0.8950000000000005, ""current"": ""64-65°F"", ""predicted"": ""66-67°F"", ""tEstimated"": ""19.56""}",2026-03-24 17:56:50.580653+00
2777,ruth-pws-katl-20260324-175650575,wendy,KATL,info,signal,"PWS already anticipated 66-67°F, skipping duplicate buy",,2026-03-24 17:56:50.581016+00
2778,marty-manual-20260324175647817,wendy,KLGA,success,trade,SELL filled: 70.76 shares,"{""bucket"": """", ""orderId"": ""0xd7307fd341ef32d2de3fb31aaf22d0dacf9a67daa9bb7d71f47464265e3410dd""}",2026-03-24 17:56:54.042196+00
2779,marty-manual-20260324175702851,wendy,KLGA,info,trade,BUY attempt: 46-47°F @ 0.455,"{""amount"": 5, ""tokenId"": ""9310629107699034060870352950474609210450267081288242348911458743337594887012""}",2026-03-24 17:57:02.855029+00
2780,marty-manual-20260324175702851,wendy,KLGA,success,trade,BUY filled: 10.869564 shares,"{""bucket"": ""46-47°F"", ""shares"": 10.869564, ""orderId"": ""0x761bd3390b0602d8cec017e689c7a44c0a8f0493f8abc26bc76f5332477c1a75""}",2026-03-24 17:57:09.149132+00
2781,ruth-pws-kdal-20260324-175749885,wendy,KDAL,info,signal,"PWS anticipation: STRONG (score=1.000), METAR 73.0°F → estimated 78.8°F, bucket 72-73°F → 78-79°F","{""gap"": ""2.81"", ""conf"": ""1.00"", ""ramp"": ""4.16"", ""score"": 1, ""current"": ""72-73°F"", ""predicted"": ""78-79°F"", ""tEstimated"": ""26.02""}",2026-03-24 17:57:49.900411+00
2782,ruth-pws-kdal-20260324-175749885,wendy,KDAL,info,guard,"PWS guards blocked: price_out_of_range | estimated 78.8°F, bucket 78-79°F, price 0.00",,2026-03-24 17:57:49.95295+00
2783,ruth-pws-kord-20260324-175750109,wendy,KORD,info,signal,"PWS anticipation: STRONG (score=0.914), METAR 43.0°F → estimated 45.7°F, bucket 42-43°F → 46-47°F","{""gap"": ""1.62"", ""conf"": ""1.00"", ""ramp"": ""0.75"", ""score"": 0.9144092295714956, ""current"": ""42-43°F"", ""predicted"": ""46-47°F"", ""tEstimated"": ""7.62""}",2026-03-24 17:57:50.113469+00
2784,ruth-pws-kord-20260324-175750109,wendy,KORD,info,guard,"PWS guards blocked: price_out_of_range | estimated 45.7°F, bucket 46-47°F, price 0.04",,2026-03-24 17:57:50.132963+00
2785,ruth-pws-kmia-20260324-175750457,wendy,KMIA,info,signal,"PWS anticipation: STRONG (score=1.000), METAR 81.0°F → estimated 84.5°F, bucket 80-81°F → 84-85°F","{""gap"": ""2.52"", ""conf"": ""1.00"", ""ramp"": ""0.65"", ""score"": 1, ""current"": ""80-81°F"", ""predicted"": ""84-85°F"", ""tEstimated"": ""29.16""}",2026-03-24 17:57:50.465443+00
2786,ruth-pws-kmia-20260324-175750457,wendy,KMIA,info,signal,"PWS already anticipated 84-85°F, skipping duplicate buy",,2026-03-24 17:57:50.47217+00
2787,ruth-pws-katl-20260324-175750670,wendy,KATL,info,signal,"PWS anticipation: STRONG (score=0.895), METAR 64.0°F → estimated 67.0°F, bucket 64-65°F → 66-67°F","{""gap"": ""1.31"", ""conf"": ""1.00"", ""ramp"": ""2.36"", ""score"": 0.8950000000000005, ""current"": ""64-65°F"", ""predicted"": ""66-67°F"", ""tEstimated"": ""19.43""}",2026-03-24 17:57:50.674134+00
2788,ruth-pws-katl-20260324-175750670,wendy,KATL,info,signal,"PWS already anticipated 66-67°F, skipping duplicate buy",,2026-03-24 17:57:50.674536+00
2789,ruth-pws-kdal-20260324-175849853,wendy,KDAL,info,guard,"PWS guards blocked: price_out_of_range | estimated 78.3°F, bucket 78-79°F, price 0.00",,2026-03-24 17:58:49.875068+00
2790,ruth-pws-kdal-20260324-175849853,wendy,KDAL,info,signal,"PWS anticipation: STRONG (score=1.000), METAR 73.0°F → estimated 78.3°F, bucket 72-73°F → 78-79°F","{""gap"": ""2.92"", ""conf"": ""1.00"", ""ramp"": ""2.89"", ""score"": 1, ""current"": ""72-73°F"", ""predicted"": ""78-79°F"", ""tEstimated"": ""25.71""}",2026-03-24 17:58:49.876386+00
2791,ruth-pws-kord-20260324-175850103,wendy,KORD,info,signal,"PWS anticipation: STRONG (score=0.978), METAR 43.0°F → estimated 46.0°F, bucket 42-43°F → 46-47°F","{""gap"": ""1.68"", ""conf"": ""1.00"", ""ramp"": ""1.17"", ""score"": 0.9775, ""current"": ""42-43°F"", ""predicted"": ""46-47°F"", ""tEstimated"": ""7.79""}",2026-03-24 17:58:50.107809+00
2792,ruth-pws-kord-20260324-175850103,wendy,KORD,info,guard,"PWS guards blocked: price_out_of_range | estimated 46.0°F, bucket 46-47°F, price 0.04",,2026-03-24 17:58:50.110693+00
2793,ruth-pws-kmia-20260324-175850539,wendy,KMIA,info,signal,"PWS anticipation: STRONG (score=0.997), METAR 81.0°F → estimated 84.3°F, bucket 80-81°F → 84-85°F","{""gap"": ""2.41"", ""conf"": ""1.00"", ""ramp"": ""0.48"", ""score"": 0.996946969585113, ""current"": ""80-81°F"", ""predicted"": ""84-85°F"", ""tEstimated"": ""29.03""}",2026-03-24 17:58:50.542435+00
2794,ruth-pws-kmia-20260324-175850539,wendy,KMIA,info,signal,"PWS already anticipated 84-85°F, skipping duplicate buy",,2026-03-24 17:58:50.542791+00
2795,ruth-pws-katl-20260324-175850723,wendy,KATL,info,signal,"PWS anticipation: STRONG (score=0.895), METAR 64.0°F → estimated 66.5°F, bucket 64-65°F → 66-67°F","{""gap"": ""1.31"", ""conf"": ""1.00"", ""ramp"": ""1.57"", ""score"": 0.8950000000000005, ""current"": ""64-65°F"", ""predicted"": ""66-67°F"", ""tEstimated"": ""19.19""}",2026-03-24 17:58:50.726977+00
2796,ruth-pws-katl-20260324-175850723,wendy,KATL,info,signal,"PWS already anticipated 66-67°F, skipping duplicate buy",,2026-03-24 17:58:50.727427+00
2797,marty-manual-20260324175904983,wendy,KORD,info,trade,BUY attempt: 46-47°F @ 0.0445,"{""amount"": 5, ""tokenId"": ""30637460875149049524061518024985870554068706593108950376581343162301026721005""}",2026-03-24 17:59:04.99774+00
2798,marty-manual-20260324175904983,wendy,KORD,success,trade,BUY filled: 81.480845 shares,"{""bucket"": ""46-47°F"", ""shares"": 81.480845, ""orderId"": ""0x6d8b496a5cd8c62e972b6fb9c7dd4de8eaee49206887259c91c0a7daa52b1117""}",2026-03-24 17:59:11.283703+00
2799,ruth-pws-kdal-20260324-175950247,wendy,KDAL,info,signal,"PWS anticipation: STRONG (score=1.000), METAR 73.0°F → estimated 78.0°F, bucket 72-73°F → 78-79°F","{""gap"": ""2.98"", ""conf"": ""1.00"", ""ramp"": ""2.16"", ""score"": 1, ""current"": ""72-73°F"", ""predicted"": ""78-79°F"", ""tEstimated"": ""25.53""}",2026-03-24 17:59:50.260222+00
2800,ruth-pws-kdal-20260324-175950247,wendy,KDAL,info,guard,"PWS guards blocked: price_out_of_range | estimated 78.0°F, bucket 78-79°F, price 0.00",,2026-03-24 17:59:50.264664+00
2801,ruth-pws-kord-20260324-175950439,wendy,KORD,info,signal,"PWS anticipation: STRONG (score=0.978), METAR 43.0°F → estimated 46.3°F, bucket 42-43°F → 46-47°F","{""gap"": ""1.68"", ""conf"": ""1.00"", ""ramp"": ""1.76"", ""score"": 0.9775, ""current"": ""42-43°F"", ""predicted"": ""46-47°F"", ""tEstimated"": ""7.97""}",2026-03-24 17:59:50.445004+00
2802,ruth-pws-kord-20260324-175950439,wendy,KORD,info,guard,"PWS guards blocked: price_out_of_range | estimated 46.3°F, bucket 46-47°F, price 0.04",,2026-03-24 17:59:50.447355+00
2803,ruth-pws-kmia-20260324-175950754,wendy,KMIA,info,signal,"PWS already anticipated 84-85°F, skipping duplicate buy",,2026-03-24 17:59:50.758165+00
2804,ruth-pws-kmia-20260324-175950754,wendy,KMIA,info,signal,"PWS anticipation: STRONG (score=0.965), METAR 81.0°F → estimated 84.2°F, bucket 80-81°F → 84-85°F","{""gap"": ""2.41"", ""conf"": ""1.00"", ""ramp"": ""0.32"", ""score"": 0.9645574859589418, ""current"": ""80-81°F"", ""predicted"": ""84-85°F"", ""tEstimated"": ""28.98""}",2026-03-24 17:59:50.75898+00
2805,ruth-pws-katl-20260324-175950911,wendy,KATL,info,signal,"PWS anticipation: STRONG (score=0.796), METAR 64.0°F → estimated 66.0°F, bucket 64-65°F → 66-67°F","{""gap"": ""1.31"", ""conf"": ""1.00"", ""ramp"": ""0.50"", ""score"": 0.7959337040546798, ""current"": ""64-65°F"", ""predicted"": ""66-67°F"", ""tEstimated"": ""18.87""}",2026-03-24 17:59:50.915261+00
2806,ruth-pws-katl-20260324-175950911,wendy,KATL,info,signal,"PWS already anticipated 66-67°F, skipping duplicate buy",,2026-03-24 17:59:50.915588+00
2807,ruth-metar-kord-20260324-180005885,wendy,KORD,info,signal,"METAR: 7.2°C, max=7.2°C, bucket=44-45°F","{""prevBucket"": ""42-43°F""}",2026-03-24 18:00:05.929684+00
2808,ruth-metar-kord-20260324-180005885,wendy,KORD,info,signal,Threshold crossed: 42-43°F → 44-45°F,,2026-03-24 18:00:05.935296+00
2809,ruth-metar-kord-20260324-180005885,wendy,KORD,info,guard,"Guards blocked: price_out_of_range | METAR 45.0°F, bucket 44-45°F, price 0.02","{""price"": 0.016, ""bucket"": ""44-45°F""}",2026-03-24 18:00:05.953899+00
2810,ruth-metar-eglc-20260324-180005952,wendy,EGLC,info,signal,"METAR: 12°C, max=12°C, bucket=12°C","{""prevBucket"": ""12°C""}",2026-03-24 18:00:05.959472+00
2811,ruth-metar-klga-20260324-180005983,wendy,KLGA,info,signal,"METAR: 6.7°C, max=6.7°C, bucket=44-45°F","{""prevBucket"": ""42-43°F""}",2026-03-24 18:00:05.999039+00
2812,ruth-metar-klga-20260324-180005983,wendy,KLGA,success,signal,PWS anticipation confirmed by METAR: 44-45°F,,2026-03-24 18:00:06.000328+00
2813,ruth-metar-katl-20260324-180005958,wendy,KATL,info,signal,"METAR: 18.3°C, max=18.3°C, bucket=64-65°F","{""prevBucket"": ""64-65°F""}",2026-03-24 18:00:06.07978+00
2814,ruth-metar-katl-20260324-180005958,wendy,KATL,warn,signal,PWS anticipation NOT confirmed — SELL 66-67°F (METAR bucket: 64-65°F),,2026-03-24 18:00:06.093716+00
2815,ruth-metar-katl-20260324-180005958,wendy,KATL,info,trade,SELL attempt: 66-67°F (11.90476 shares),"{""tokenId"": ""36932432079600826968927214223778798554412393677861074672902948860551104778583""}",2026-03-24 18:00:06.095268+00
2816,ruth-metar-klga-20260324-180005983,wendy,KLGA,info,signal,Threshold crossed: 42-43°F → 44-45°F,,2026-03-24 18:00:06.108786+00
2817,ruth-metar-klga-20260324-180005983,wendy,KLGA,info,trade,ROTATE: 42-43°F → 44-45°F,"{""newPrice"": 0.25, ""buyAmount"": 5, ""oldShares"": 99}",2026-03-24 18:00:06.19571+00
2818,ruth-metar-klga-20260324-180005983,wendy,KLGA,info,trade,BUY attempt: 44-45°F @ 0.25,"{""amount"": 5, ""tokenId"": ""11264762238868470392969284368589596929044651568997101186373153312841457562692""}",2026-03-24 18:00:06.196533+00
2819,ruth-metar-kdal-20260324-180010985,wendy,KDAL,info,signal,"METAR: 24.4°C, max=24.4°C, bucket=76-77°F","{""prevBucket"": ""72-73°F""}",2026-03-24 18:00:10.990295+00
2821,ruth-metar-kdal-20260324-180010985,wendy,KDAL,info,signal,Threshold crossed: 72-73°F → 76-77°F,,2026-03-24 18:00:10.990739+00
2820,ruth-metar-kdal-20260324-180010985,wendy,KDAL,warn,signal,No market found for bucket 76-77°F,,2026-03-24 18:00:10.990846+00
2822,ruth-metar-kmia-20260324-180010990,wendy,KMIA,warn,signal,PWS anticipation NOT confirmed — SELL 84-85°F (METAR bucket: 82-83°F),,2026-03-24 18:00:10.995641+00
2823,ruth-metar-kmia-20260324-180010990,wendy,KMIA,info,signal,"METAR: 27.8°C, max=27.8°C, bucket=82-83°F","{""prevBucket"": ""80-81°F""}",2026-03-24 18:00:10.995972+00
2824,ruth-metar-kmia-20260324-180010990,wendy,KMIA,info,signal,Threshold crossed: 80-81°F → 82-83°F,,2026-03-24 18:00:10.99606+00
2825,ruth-metar-kmia-20260324-180010990,wendy,KMIA,info,trade,SELL attempt: 84-85°F (12.209301 shares),"{""tokenId"": ""66545811578175034298024578028182693411300462900236794296608358894390522803051""}",2026-03-24 18:00:10.996147+00
2826,ruth-metar-kmia-20260324-180010990,wendy,KMIA,info,trade,ROTATE: 80-81°F → 82-83°F,"{""newPrice"": 0.645, ""buyAmount"": 5, ""oldShares"": 99}",2026-03-24 18:00:11.117469+00
2827,ruth-metar-kmia-20260324-180010990,wendy,KMIA,info,trade,BUY attempt: 82-83°F @ 0.645,"{""amount"": 5, ""tokenId"": ""33745491037968262341909373072512343393110936988530679266195274968014628800984""}",2026-03-24 18:00:11.118378+00
2828,ruth-metar-katl-20260324-180005958,wendy,KATL,success,trade,SELL filled: 11.9 shares,"{""bucket"": ""66-67°F"", ""orderId"": ""0xb2efd7015b0ae282a6f9d50cedde6a3f1d29480c6791adb174519872a327e37f""}",2026-03-24 18:00:12.372731+00
2829,ruth-metar-klga-20260324-180005983,wendy,KLGA,success,trade,BUY filled: 25.5 shares,"{""bucket"": ""44-45°F"", ""shares"": 25.5, ""orderId"": ""0xf009cf67bfb302f58c4d0f8a520f66b6608d566203808f1fba9278ca50bf4306""}",2026-03-24 18:00:12.405064+00
2830,ruth-metar-klga-20260324-180005983,wendy,KLGA,info,trade,"ROTATE BUY success, firing SELL+harvest in parallel",,2026-03-24 18:00:12.405531+00
2831,ruth-metar-klga-20260324-180005983,wendy,KLGA,info,trade,SELL attempt: 42-43°F (99 shares),"{""tokenId"": ""63562806230963975296575602763356669286643743442155541519220556826147918289828""}",2026-03-24 18:00:12.405951+00
2832,ruth-metar-klga-20260324-180005983,wendy,KLGA,info,trade,HARVEST attempt: BUY NO 46-47°F @ 0.55,"{""amount"": 5, ""method"": ""FOK""}",2026-03-24 18:00:12.465166+00
2833,ruth-metar-klga-20260324-180005983,wendy,KLGA,error,trade,SELL failed: CLOB rejected: not enough balance / allowance,"{""bucket"": ""42-43°F""}",2026-03-24 18:00:12.629747+00
2834,ruth-metar-ksea-20260324-180015991,wendy,KSEA,info,signal,"METAR: 6.1°C, max=6.7°C, bucket=44-45°F","{""prevBucket"": ""44-45°F""}",2026-03-24 18:00:16.000924+00
2835,ruth-metar-kmia-20260324-180010990,wendy,KMIA,success,trade,SELL filled: 12.2 shares,"{""bucket"": ""84-85°F"", ""orderId"": ""0x29f331225317fb3ab79151a89e85637261a6b2086392cc66ff8e9683db5c3250""}",2026-03-24 18:00:17.297746+00
2836,ruth-metar-klga-20260324-180005983,wendy,KLGA,success,trade,HARVEST FOK filled: 7.8125 shares,"{""bucket"": ""46-47°F"", ""orderId"": ""0xe84af3f481092f2e0ff3d038bf35a151e00306de098eb483c4b099a740588262""}",2026-03-24 18:00:18.885059+00
2837,ruth-metar-klga-20260324-180005983,wendy,KLGA,success,trade,ROTATE complete: 42-43°F → 44-45°F,"{""sellSettled"": ""fulfilled"", ""harvestCount"": 1}",2026-03-24 18:00:18.885476+00
2838,ruth-metar-kmia-20260324-180010990,wendy,KMIA,error,trade,BUY failed: Phantom: order delayed but size_matched=0,"{""bucket"": ""82-83°F""}",2026-03-24 18:00:41.631223+00
2839,ruth-metar-kmia-20260324-180010990,wendy,KMIA,error,trade,"ROTATE aborted: BUY failed, position stays in 80-81°F","{""error"": ""Phantom: order delayed but size_matched=0""}",2026-03-24 18:00:41.63364+00
2840,ruth-pws-kdal-20260324-180049909,wendy,KDAL,info,signal,"PWS anticipation: STRONG (score=0.872), METAR 75.9°F → estimated 78.1°F, bucket 76-77°F → 78-79°F","{""gap"": ""1.21"", ""conf"": ""1.00"", ""ramp"": ""1.15"", ""score"": 0.8724999999999994, ""current"": ""76-77°F"", ""predicted"": ""78-79°F"", ""tEstimated"": ""25.59""}",2026-03-24 18:00:49.914916+00
2841,ruth-pws-kdal-20260324-180049909,wendy,KDAL,info,guard,"PWS guards blocked: price_out_of_range | estimated 78.1°F, bucket 78-79°F, price 0.00",,2026-03-24 18:00:49.979796+00
2842,ruth-pws-kord-20260324-180050249,wendy,KORD,info,signal,"PWS anticipation: STRONG (score=0.755), METAR 45.0°F → estimated 47.4°F, bucket 44-45°F → 46-47°F","{""gap"": ""0.69"", ""conf"": ""1.00"", ""ramp"": ""2.73"", ""score"": 0.7550000000000003, ""current"": ""44-45°F"", ""predicted"": ""46-47°F"", ""tEstimated"": ""8.57""}",2026-03-24 18:00:50.254238+00
2843,ruth-pws-kord-20260324-180050249,wendy,KORD,info,guard,"PWS guards blocked: price_out_of_range | estimated 47.4°F, bucket 46-47°F, price 0.05",,2026-03-24 18:00:50.270773+00
2844,ruth-pws-kmia-20260324-180050675,wendy,KMIA,info,signal,"PWS anticipation: STRONG (score=0.840), METAR 82.0°F → estimated 84.7°F, bucket 82-83°F → 84-85°F","{""gap"": ""1.81"", ""conf"": ""1.00"", ""ramp"": ""0.16"", ""score"": 0.8397465984828005, ""current"": ""82-83°F"", ""predicted"": ""84-85°F"", ""tEstimated"": ""29.27""}",2026-03-24 18:00:50.679655+00
2845,ruth-pws-kmia-20260324-180050675,wendy,KMIA,info,trade,BUY attempt: 84-85°F @ 0.325,"{""amount"": 5, ""tokenId"": ""66545811578175034298024578028182693411300462900236794296608358894390522803051""}",2026-03-24 18:00:50.759338+00
2846,ruth-pws-katl-20260324-180055823,wendy,KATL,info,signal,"PWS anticipation: MODERATE (score=0.545), METAR 64.9°F → estimated 66.3°F, bucket 64-65°F → 66-67°F","{""gap"": ""0.64"", ""conf"": ""1.00"", ""ramp"": ""-0.07"", ""score"": 0.5449999999999995, ""current"": ""64-65°F"", ""predicted"": ""66-67°F"", ""tEstimated"": ""19.06""}",2026-03-24 18:00:55.829012+00
2847,ruth-pws-cyyz-20260324-180056340,wendy,CYYZ,debug,signal,"PWS anticipation: MODERATE (score=0.379), METAR 3.0°C → estimated 2.5°C, bucket 3°C → 2°C","{""gap"": ""0.50"", ""conf"": ""0.67"", ""ramp"": ""-2.35"", ""score"": 0.37916666666666626, ""current"": ""3°C"", ""predicted"": ""2°C"", ""tEstimated"": ""2.46""}",2026-03-24 18:00:56.343728+00
2848,ruth-pws-kmia-20260324-180050675,wendy,KMIA,success,trade,BUY filled: 20.833332 shares,"{""bucket"": ""84-85°F"", ""shares"": 20.833332, ""orderId"": ""0xaadefd6ab125d75ae05d3eff02efa3cdbe382d8a4fec225d4e47eec26fffa4c4""}",2026-03-24 18:00:56.95638+00
2849,ruth-pws-kmia-20260324-180050675,wendy,KMIA,info,signal,PWS position registered for METAR validation: 84-85°F (20.833332 shares),,2026-03-24 18:00:56.964088+00
2850,monitor-dup-1774375299048,wendy,KLGA,info,trade,SELL attempt: 46-47F (10.869564 shares),"{""tokenId"": ""9310629107699034060870352950474609210450267081288242348911458743337594887012""}",2026-03-24 18:01:39.064528+00
2851,monitor-dup-1774375299048,wendy,KLGA,success,trade,SELL filled: 10.86 shares,"{""bucket"": ""46-47F"", ""orderId"": ""0xe91d81d9687210024cbc2f1c540854aaa81e34338753ce1134a803b890e5770b""}",2026-03-24 18:01:45.271629+00
2852,monitor-dup-1774375299048,wendy,KLGA,info,trade,SELL attempt: 46-47F (7.8125 shares),"{""tokenId"": ""98097664759469513282453818048312025354639119166788725764641281678534307591254""}",2026-03-24 18:01:45.284396+00
2853,ruth-pws-kord-20260324-180150121,wendy,KORD,info,signal,"PWS anticipation: STRONG (score=0.755), METAR 45.0°F → estimated 47.8°F, bucket 44-45°F → 48-49°F","{""gap"": ""0.69"", ""conf"": ""1.00"", ""ramp"": ""3.45"", ""score"": 0.7550000000000003, ""current"": ""44-45°F"", ""predicted"": ""48-49°F"", ""tEstimated"": ""8.79""}",2026-03-24 18:01:50.126306+00
2854,ruth-pws-kord-20260324-180150121,wendy,KORD,info,trade,BUY attempt: 48-49°F @ 0.172,"{""amount"": 5, ""tokenId"": ""74682516358565591659522794264561994601823290764648554702207819783232574226468""}",2026-03-24 18:01:50.196541+00
2855,monitor-dup-1774375299048,wendy,KLGA,success,trade,SELL filled: 7.81 shares,"{""bucket"": ""46-47F"", ""orderId"": ""0x83902dce7b8b04ec75f05801d361cddc8ea99077d38de91b6bb725dee7ed1305""}",2026-03-24 18:01:51.469547+00
2856,ruth-pws-kmia-20260324-180155334,wendy,KMIA,info,signal,"PWS anticipation: STRONG (score=0.807), METAR 82.0°F → estimated 84.6°F, bucket 82-83°F → 84-85°F","{""gap"": ""1.81"", ""conf"": ""1.00"", ""ramp"": ""-0.00"", ""score"": 0.8074999999999998, ""current"": ""82-83°F"", ""predicted"": ""84-85°F"", ""tEstimated"": ""29.22""}",2026-03-24 18:01:55.338847+00
2857,ruth-pws-kmia-20260324-180155334,wendy,KMIA,info,signal,"PWS already anticipated 84-85°F, skipping duplicate buy",,2026-03-24 18:01:55.339098+00
2858,ruth-pws-katl-20260324-180155490,wendy,KATL,info,signal,"PWS anticipation: MODERATE (score=0.545), METAR 64.9°F → estimated 66.0°F, bucket 64-65°F → 66-67°F","{""gap"": ""0.64"", ""conf"": ""1.00"", ""ramp"": ""-0.55"", ""score"": 0.5449999999999995, ""current"": ""64-65°F"", ""predicted"": ""66-67°F"", ""tEstimated"": ""18.92""}",2026-03-24 18:01:55.494105+00
2859,ruth-pws-cyyz-20260324-180155998,wendy,CYYZ,debug,signal,"PWS anticipation: MODERATE (score=0.379), METAR 3.0°C → estimated 2.4°C, bucket 3°C → 2°C","{""gap"": ""0.50"", ""conf"": ""0.67"", ""ramp"": ""-2.40"", ""score"": 0.37916666666666626, ""current"": ""3°C"", ""predicted"": ""2°C"", ""tEstimated"": ""2.45""}",2026-03-24 18:01:56.001383+00
2860,ruth-pws-kord-20260324-180150121,wendy,KORD,success,trade,BUY filled: 17.463413 shares,"{""bucket"": ""48-49°F"", ""shares"": 17.463413, ""orderId"": ""0xe61683a3fa29e3be3aa15afe969166b610f0438b1a12b4c1d97adee0ffecd700""}",2026-03-24 18:01:56.503836+00
2861,ruth-pws-kord-20260324-180150121,wendy,KORD,info,signal,PWS position registered for METAR validation: 48-49°F (17.463413 shares),,2026-03-24 18:01:56.504303+00
2862,ruth-metar-lfpg-20260324-180225947,wendy,LFPG,info,signal,"METAR: 16°C, max=18°C, bucket=18°C","{""prevBucket"": ""18°C""}",2026-03-24 18:02:25.959054+00
2863,ruth-pws-kdal-20260324-180250001,wendy,KDAL,info,signal,"PWS anticipation: STRONG (score=0.710), METAR 75.9°F → estimated 77.5°F, bucket 76-77°F → 78-79°F","{""gap"": ""1.38"", ""conf"": ""1.00"", ""ramp"": ""-0.20"", ""score"": 0.7100000000000013, ""current"": ""76-77°F"", ""predicted"": ""78-79°F"", ""tEstimated"": ""25.30""}",2026-03-24 18:02:50.020394+00
2864,ruth-pws-kdal-20260324-180250001,wendy,KDAL,info,guard,"PWS guards blocked: price_out_of_range | estimated 77.5°F, bucket 78-79°F, price 0.00",,2026-03-24 18:02:50.024793+00
2865,ruth-pws-kord-20260324-180250271,wendy,KORD,info,signal,"PWS anticipation: STRONG (score=0.730), METAR 45.0°F → estimated 47.6°F, bucket 44-45°F → 48-49°F","{""gap"": ""0.58"", ""conf"": ""1.00"", ""ramp"": ""3.35"", ""score"": 0.73, ""current"": ""44-45°F"", ""predicted"": ""48-49°F"", ""tEstimated"": ""8.67""}",2026-03-24 18:02:50.274271+00
2866,ruth-pws-kord-20260324-180250271,wendy,KORD,info,signal,"PWS already anticipated 48-49°F, skipping duplicate buy",,2026-03-24 18:02:50.274683+00
2867,ruth-pws-kmia-20260324-180250667,wendy,KMIA,info,signal,"PWS anticipation: STRONG (score=0.807), METAR 82.0°F → estimated 84.5°F, bucket 82-83°F → 84-85°F","{""gap"": ""1.81"", ""conf"": ""1.00"", ""ramp"": ""-0.16"", ""score"": 0.8074999999999998, ""current"": ""82-83°F"", ""predicted"": ""84-85°F"", ""tEstimated"": ""29.17""}",2026-03-24 18:02:50.670373+00
2868,ruth-pws-kmia-20260324-180250667,wendy,KMIA,info,signal,"PWS already anticipated 84-85°F, skipping duplicate buy",,2026-03-24 18:02:50.670679+00
2869,ruth-pws-katl-20260324-180250926,wendy,KATL,info,signal,"PWS anticipation: MODERATE (score=0.545), METAR 64.9°F → estimated 65.8°F, bucket 64-65°F → 66-67°F","{""gap"": ""0.64"", ""conf"": ""1.00"", ""ramp"": ""-0.95"", ""score"": 0.5449999999999995, ""current"": ""64-65°F"", ""predicted"": ""66-67°F"", ""tEstimated"": ""18.80""}",2026-03-24 18:02:50.930085+00
2870,ruth-pws-cyyz-20260324-180251511,wendy,CYYZ,debug,signal,"PWS anticipation: MODERATE (score=0.379), METAR 3.0°C → estimated 2.5°C, bucket 3°C → 2°C","{""gap"": ""0.50"", ""conf"": ""0.67"", ""ramp"": ""-2.27"", ""score"": 0.37916666666666626, ""current"": ""3°C"", ""predicted"": ""2°C"", ""tEstimated"": ""2.49""}",2026-03-24 18:02:51.513608+00
2871,ruth-pws-kdal-20260324-180349843,wendy,KDAL,info,signal,"PWS anticipation: STRONG (score=0.771), METAR 75.9°F → estimated 77.8°F, bucket 76-77°F → 78-79°F","{""gap"": ""1.38"", ""conf"": ""1.00"", ""ramp"": ""0.30"", ""score"": 0.7706780001056275, ""current"": ""76-77°F"", ""predicted"": ""78-79°F"", ""tEstimated"": ""25.46""}",2026-03-24 18:03:49.857741+00
2872,ruth-pws-kdal-20260324-180349843,wendy,KDAL,info,guard,"PWS guards blocked: price_out_of_range | estimated 77.8°F, bucket 78-79°F, price 0.00",,2026-03-24 18:03:49.918882+00
2873,ruth-pws-kord-20260324-180350090,wendy,KORD,info,signal,"PWS anticipation: STRONG (score=0.718), METAR 45.0°F → estimated 47.1°F, bucket 44-45°F → 46-47°F","{""gap"": ""0.52"", ""conf"": ""1.00"", ""ramp"": ""2.65"", ""score"": 0.7175, ""current"": ""44-45°F"", ""predicted"": ""46-47°F"", ""tEstimated"": ""8.41""}",2026-03-24 18:03:50.092537+00
2874,ruth-pws-kord-20260324-180350090,wendy,KORD,info,signal,"PWS already anticipated 48-49°F, skipping duplicate buy",,2026-03-24 18:03:50.099989+00
2875,ruth-pws-klga-20260324-180350256,wendy,KLGA,info,signal,"PWS anticipation: STRONG (score=0.798), METAR 44.1°F → estimated 46.2°F, bucket 44-45°F → 46-47°F","{""gap"": ""1.69"", ""conf"": ""1.00"", ""ramp"": ""0.09"", ""score"": 0.7980227577004426, ""current"": ""44-45°F"", ""predicted"": ""46-47°F"", ""tEstimated"": ""7.91""}",2026-03-24 18:03:50.263186+00
2876,ruth-pws-klga-20260324-180350256,wendy,KLGA,info,trade,BUY attempt: 46-47°F @ 0.495,"{""amount"": 5, ""tokenId"": ""9310629107699034060870352950474609210450267081288242348911458743337594887012""}",2026-03-24 18:03:50.335738+00
2877,ruth-pws-kmia-20260324-180355410,wendy,KMIA,info,signal,"PWS anticipation: STRONG (score=0.807), METAR 82.0°F → estimated 84.4°F, bucket 82-83°F → 84-85°F","{""gap"": ""1.81"", ""conf"": ""1.00"", ""ramp"": ""-0.32"", ""score"": 0.8074999999999998, ""current"": ""82-83°F"", ""predicted"": ""84-85°F"", ""tEstimated"": ""29.12""}",2026-03-24 18:03:55.414418+00
2878,ruth-pws-kmia-20260324-180355410,wendy,KMIA,info,signal,"PWS already anticipated 84-85°F, skipping duplicate buy",,2026-03-24 18:03:55.414923+00
2879,ruth-pws-katl-20260324-180355571,wendy,KATL,info,signal,"PWS anticipation: MODERATE (score=0.545), METAR 64.9°F → estimated 65.7°F, bucket 64-65°F → 66-67°F","{""gap"": ""0.64"", ""conf"": ""1.00"", ""ramp"": ""-1.27"", ""score"": 0.5449999999999995, ""current"": ""64-65°F"", ""predicted"": ""66-67°F"", ""tEstimated"": ""18.70""}",2026-03-24 18:03:55.574126+00
2880,ruth-pws-klga-20260324-180350256,wendy,KLGA,success,trade,BUY filled: 9.80392 shares,"{""bucket"": ""46-47°F"", ""shares"": 9.80392, ""orderId"": ""0xe4a2ebcb96c951ed5940c1e4559f6647f1e9b95c25f93ee31e6d727f5d41db39""}",2026-03-24 18:03:56.585227+00
2881,ruth-pws-klga-20260324-180350256,wendy,KLGA,info,signal,PWS position registered for METAR validation: 46-47°F (9.80392 shares),,2026-03-24 18:03:56.585661+00
2882,monitor-dup-1774375479206,wendy,KLGA,info,trade,SELL attempt: 46-47F (9.813484 shares),"{""tokenId"": ""9310629107699034060870352950474609210450267081288242348911458743337594887012""}",2026-03-24 18:04:39.228503+00
2883,monitor-dup-1774375479206,wendy,KLGA,success,trade,SELL filled: 9.81 shares,"{""bucket"": ""46-47F"", ""orderId"": ""0x1a93ca310873b85f18efe4ced6020e5bda81e7b6d0606da25e72407297da1dd3""}",2026-03-24 18:04:45.419882+00
2884,ruth-pws-kdal-20260324-180449801,wendy,KDAL,info,signal,"PWS anticipation: STRONG (score=0.893), METAR 75.9°F → estimated 78.2°F, bucket 76-77°F → 78-79°F","{""gap"": ""1.49"", ""conf"": ""1.00"", ""ramp"": ""0.79"", ""score"": 0.8926101986756334, ""current"": ""76-77°F"", ""predicted"": ""78-79°F"", ""tEstimated"": ""25.68""}",2026-03-24 18:04:49.838883+00
2885,ruth-pws-kdal-20260324-180449801,wendy,KDAL,info,guard,"PWS guards blocked: price_out_of_range | estimated 78.2°F, bucket 78-79°F, price 0.00",,2026-03-24 18:04:49.84221+00
2886,ruth-pws-kord-20260324-180449976,wendy,KORD,info,signal,"PWS anticipation: STRONG (score=0.718), METAR 45.0°F → estimated 46.8°F, bucket 44-45°F → 46-47°F","{""gap"": ""0.52"", ""conf"": ""1.00"", ""ramp"": ""2.06"", ""score"": 0.7175, ""current"": ""44-45°F"", ""predicted"": ""46-47°F"", ""tEstimated"": ""8.24""}",2026-03-24 18:04:49.979711+00
2887,ruth-pws-kord-20260324-180449976,wendy,KORD,info,signal,"PWS already anticipated 48-49°F, skipping duplicate buy",,2026-03-24 18:04:49.980004+00
2888,ruth-pws-klga-20260324-180450133,wendy,KLGA,info,signal,"PWS anticipation: STRONG (score=1.000), METAR 44.1°F → estimated 47.0°F, bucket 44-45°F → 46-47°F","{""gap"": ""1.91"", ""conf"": ""1.00"", ""ramp"": ""1.03"", ""score"": 1, ""current"": ""44-45°F"", ""predicted"": ""46-47°F"", ""tEstimated"": ""8.35""}",2026-03-24 18:04:50.13666+00
2889,ruth-pws-klga-20260324-180450133,wendy,KLGA,info,signal,"PWS already anticipated 46-47°F, skipping duplicate buy",,2026-03-24 18:04:50.136914+00
2890,ruth-pws-kmia-20260324-180450271,wendy,KMIA,info,signal,"PWS already anticipated 84-85°F, skipping duplicate buy",,2026-03-24 18:04:50.277433+00
2891,ruth-pws-kmia-20260324-180450271,wendy,KMIA,info,signal,"PWS anticipation: STRONG (score=0.807), METAR 82.0°F → estimated 84.4°F, bucket 82-83°F → 84-85°F","{""gap"": ""1.81"", ""conf"": ""1.00"", ""ramp"": ""-0.30"", ""score"": 0.8074999999999998, ""current"": ""82-83°F"", ""predicted"": ""84-85°F"", ""tEstimated"": ""29.13""}",2026-03-24 18:04:50.278019+00
2892,ruth-pws-katl-20260324-180450421,wendy,KATL,info,signal,"PWS anticipation: MODERATE (score=0.545), METAR 64.9°F → estimated 65.7°F, bucket 64-65°F → 66-67°F","{""gap"": ""0.64"", ""conf"": ""1.00"", ""ramp"": ""-1.21"", ""score"": 0.5449999999999995, ""current"": ""64-65°F"", ""predicted"": ""66-67°F"", ""tEstimated"": ""18.72""}",2026-03-24 18:04:50.424279+00
2893,ruth-pws-kdal-20260324-180550058,wendy,KDAL,info,signal,"PWS anticipation: STRONG (score=0.935), METAR 75.9°F → estimated 78.5°F, bucket 76-77°F → 78-79°F","{""gap"": ""1.49"", ""conf"": ""1.00"", ""ramp"": ""1.31"", ""score"": 0.9349999999999996, ""current"": ""76-77°F"", ""predicted"": ""78-79°F"", ""tEstimated"": ""25.84""}",2026-03-24 18:05:50.073262+00
2894,ruth-pws-kdal-20260324-180550058,wendy,KDAL,info,guard,"PWS guards blocked: price_out_of_range | estimated 78.5°F, bucket 78-79°F, price 0.00",,2026-03-24 18:05:50.076994+00
2895,ruth-pws-kord-20260324-180550256,wendy,KORD,info,signal,"PWS anticipation: STRONG (score=0.692), METAR 45.0°F → estimated 46.2°F, bucket 44-45°F → 46-47°F","{""gap"": ""0.58"", ""conf"": ""1.00"", ""ramp"": ""0.81"", ""score"": 0.6917278570919919, ""current"": ""44-45°F"", ""predicted"": ""46-47°F"", ""tEstimated"": ""7.90""}",2026-03-24 18:05:50.259555+00
2896,ruth-pws-kord-20260324-180550256,wendy,KORD,info,signal,"PWS already anticipated 48-49°F, skipping duplicate buy",,2026-03-24 18:05:50.26005+00
2897,ruth-pws-klga-20260324-180550408,wendy,KLGA,info,signal,"PWS anticipation: STRONG (score=1.000), METAR 44.1°F → estimated 50.4°F, bucket 44-45°F → 50-51°F","{""gap"": ""2.19"", ""conf"": ""1.00"", ""ramp"": ""6.69"", ""score"": 1, ""current"": ""44-45°F"", ""predicted"": ""50-51°F"", ""tEstimated"": ""10.24""}",2026-03-24 18:05:50.410773+00
2898,ruth-pws-klga-20260324-180550408,wendy,KLGA,info,signal,"PWS already anticipated 46-47°F, skipping duplicate buy",,2026-03-24 18:05:50.411274+00
2899,ruth-pws-kmia-20260324-180550572,wendy,KMIA,info,signal,"PWS already anticipated 84-85°F, skipping duplicate buy",,2026-03-24 18:05:50.574783+00
2900,ruth-pws-kmia-20260324-180550572,wendy,KMIA,info,signal,"PWS anticipation: STRONG (score=0.807), METAR 82.0°F → estimated 84.2°F, bucket 82-83°F → 84-85°F","{""gap"": ""1.81"", ""conf"": ""1.00"", ""ramp"": ""-0.65"", ""score"": 0.8074999999999998, ""current"": ""82-83°F"", ""predicted"": ""84-85°F"", ""tEstimated"": ""29.02""}",2026-03-24 18:05:50.574845+00
2901,ruth-pws-katl-20260324-180550743,wendy,KATL,info,signal,"PWS anticipation: MODERATE (score=0.545), METAR 64.9°F → estimated 65.6°F, bucket 64-65°F → 66-67°F","{""gap"": ""0.64"", ""conf"": ""1.00"", ""ramp"": ""-1.46"", ""score"": 0.5449999999999995, ""current"": ""64-65°F"", ""predicted"": ""66-67°F"", ""tEstimated"": ""18.64""}",2026-03-24 18:05:50.747495+00
2902,ruth-pws-kdal-20260324-180650025,wendy,KDAL,info,signal,"PWS anticipation: STRONG (score=0.960), METAR 75.9°F → estimated 79.1°F, bucket 76-77°F → 78-79°F","{""gap"": ""1.60"", ""conf"": ""1.00"", ""ramp"": ""2.18"", ""score"": 0.9600000000000004, ""current"": ""76-77°F"", ""predicted"": ""78-79°F"", ""tEstimated"": ""26.17""}",2026-03-24 18:06:50.036594+00
2903,ruth-pws-kdal-20260324-180650025,wendy,KDAL,info,guard,"PWS guards blocked: price_out_of_range | estimated 79.1°F, bucket 78-79°F, price 0.00",,2026-03-24 18:06:50.041692+00
2904,ruth-pws-kord-20260324-180650239,wendy,KORD,info,signal,"PWS anticipation: STRONG (score=0.600), METAR 45.0°F → estimated 46.1°F, bucket 44-45°F → 46-47°F","{""gap"": ""0.69"", ""conf"": ""1.00"", ""ramp"": ""0.22"", ""score"": 0.5995138726914927, ""current"": ""44-45°F"", ""predicted"": ""46-47°F"", ""tEstimated"": ""7.82""}",2026-03-24 18:06:50.243925+00
2905,ruth-pws-kord-20260324-180650239,wendy,KORD,info,signal,"PWS already anticipated 48-49°F, skipping duplicate buy",,2026-03-24 18:06:50.24414+00
2906,ruth-pws-klga-20260324-180650389,wendy,KLGA,info,signal,"PWS anticipation: STRONG (score=1.000), METAR 44.1°F → estimated 50.5°F, bucket 44-45°F → 50-51°F","{""gap"": ""2.19"", ""conf"": ""1.00"", ""ramp"": ""6.74"", ""score"": 1, ""current"": ""44-45°F"", ""predicted"": ""50-51°F"", ""tEstimated"": ""10.25""}",2026-03-24 18:06:50.393692+00
2907,ruth-pws-klga-20260324-180650389,wendy,KLGA,info,signal,"PWS already anticipated 46-47°F, skipping duplicate buy",,2026-03-24 18:06:50.393928+00
2908,ruth-pws-kmia-20260324-180650569,wendy,KMIA,info,signal,"PWS already anticipated 84-85°F, skipping duplicate buy",,2026-03-24 18:06:50.573231+00
2909,ruth-pws-kmia-20260324-180650569,wendy,KMIA,info,signal,"PWS anticipation: STRONG (score=0.807), METAR 82.0°F → estimated 84.4°F, bucket 82-83°F → 84-85°F","{""gap"": ""1.81"", ""conf"": ""1.00"", ""ramp"": ""-0.36"", ""score"": 0.8074999999999998, ""current"": ""82-83°F"", ""predicted"": ""84-85°F"", ""tEstimated"": ""29.11""}",2026-03-24 18:06:50.573432+00
2910,ruth-pws-katl-20260324-180650732,wendy,KATL,info,signal,"PWS anticipation: MODERATE (score=0.545), METAR 64.9°F → estimated 65.7°F, bucket 64-65°F → 66-67°F","{""gap"": ""0.64"", ""conf"": ""1.00"", ""ramp"": ""-1.28"", ""score"": 0.5449999999999995, ""current"": ""64-65°F"", ""predicted"": ""66-67°F"", ""tEstimated"": ""18.70""}",2026-03-24 18:06:50.735201+00
2911,ruth-metar-cyyz-20260324-180726099,wendy,CYYZ,warn,signal,PWS anticipation NOT confirmed — SELL 5°C (METAR bucket: 3°C),,2026-03-24 18:07:26.128569+00
2912,ruth-metar-cyyz-20260324-180726099,wendy,CYYZ,info,trade,SELL attempt: 5°C (8.606556 shares),"{""tokenId"": ""105972235687674764043080231702092295160802616720727649532000606126522150228702""}",2026-03-24 18:07:26.142469+00
2913,ruth-metar-cyyz-20260324-180726099,wendy,CYYZ,info,signal,"METAR: 3°C, max=3°C, bucket=3°C","{""prevBucket"": ""3°C""}",2026-03-24 18:07:26.142516+00
2914,ruth-metar-cyyz-20260324-180726099,wendy,CYYZ,success,trade,SELL filled: 8.6 shares,"{""bucket"": ""5°C"", ""orderId"": ""0x5ce5628b89d0149879871ace0c65e989034557bf12ed09f3e3571628b39c559e""}",2026-03-24 18:07:32.370756+00
2915,ruth-pws-kdal-20260324-180749838,wendy,KDAL,info,signal,"PWS anticipation: STRONG (score=0.935), METAR 75.9°F → estimated 78.9°F, bucket 76-77°F → 78-79°F","{""gap"": ""1.49"", ""conf"": ""1.00"", ""ramp"": ""2.00"", ""score"": 0.9349999999999996, ""current"": ""76-77°F"", ""predicted"": ""78-79°F"", ""tEstimated"": ""26.04""}",2026-03-24 18:07:49.855734+00
2916,ruth-pws-kdal-20260324-180749838,wendy,KDAL,info,guard,"PWS guards blocked: price_out_of_range | estimated 78.9°F, bucket 78-79°F, price 0.00",,2026-03-24 18:07:49.858626+00
2917,ruth-pws-kord-20260324-180750020,wendy,KORD,info,signal,"PWS anticipation: STRONG (score=0.640), METAR 45.0°F → estimated 46.2°F, bucket 44-45°F → 46-47°F","{""gap"": ""0.69"", ""conf"": ""1.00"", ""ramp"": ""0.42"", ""score"": 0.6398984787180658, ""current"": ""44-45°F"", ""predicted"": ""46-47°F"", ""tEstimated"": ""7.88""}",2026-03-24 18:07:50.023011+00
2918,ruth-pws-kord-20260324-180750020,wendy,KORD,info,signal,"PWS already anticipated 48-49°F, skipping duplicate buy",,2026-03-24 18:07:50.023284+00
2919,ruth-pws-klga-20260324-180750206,wendy,KLGA,info,signal,"PWS anticipation: STRONG (score=1.000), METAR 44.1°F → estimated 51.2°F, bucket 44-45°F → 50-51°F","{""gap"": ""2.52"", ""conf"": ""1.00"", ""ramp"": ""7.34"", ""score"": 1, ""current"": ""44-45°F"", ""predicted"": ""50-51°F"", ""tEstimated"": ""10.67""}",2026-03-24 18:07:50.209443+00
2920,ruth-pws-klga-20260324-180750206,wendy,KLGA,info,signal,"PWS already anticipated 46-47°F, skipping duplicate buy",,2026-03-24 18:07:50.209944+00
2921,ruth-pws-kmia-20260324-180750383,wendy,KMIA,info,signal,"PWS already anticipated 84-85°F, skipping duplicate buy",,2026-03-24 18:07:50.387947+00
2922,ruth-pws-kmia-20260324-180750383,wendy,KMIA,info,signal,"PWS anticipation: STRONG (score=0.807), METAR 82.0°F → estimated 84.4°F, bucket 82-83°F → 84-85°F","{""gap"": ""1.81"", ""conf"": ""1.00"", ""ramp"": ""-0.30"", ""score"": 0.8074999999999998, ""current"": ""82-83°F"", ""predicted"": ""84-85°F"", ""tEstimated"": ""29.13""}",2026-03-24 18:07:50.388201+00
2923,ruth-pws-katl-20260324-180750577,wendy,KATL,info,signal,"PWS anticipation: MODERATE (score=0.545), METAR 64.9°F → estimated 65.8°F, bucket 64-65°F → 66-67°F","{""gap"": ""0.64"", ""conf"": ""1.00"", ""ramp"": ""-1.10"", ""score"": 0.5449999999999995, ""current"": ""64-65°F"", ""predicted"": ""66-67°F"", ""tEstimated"": ""18.75""}",2026-03-24 18:07:50.58088+00
2924,ruth-pws-kdal-20260324-180849841,wendy,KDAL,info,signal,"PWS anticipation: STRONG (score=0.960), METAR 75.9°F → estimated 79.1°F, bucket 76-77°F → 78-79°F","{""gap"": ""1.60"", ""conf"": ""1.00"", ""ramp"": ""2.12"", ""score"": 0.9600000000000004, ""current"": ""76-77°F"", ""predicted"": ""78-79°F"", ""tEstimated"": ""26.16""}",2026-03-24 18:08:49.853707+00
2925,ruth-pws-kdal-20260324-180849841,wendy,KDAL,info,guard,"PWS guards blocked: price_out_of_range | estimated 79.1°F, bucket 78-79°F, price 0.00",,2026-03-24 18:08:49.857556+00
2926,ruth-pws-kord-20260324-180850001,wendy,KORD,info,signal,"PWS anticipation: STRONG (score=0.719), METAR 45.0°F → estimated 46.5°F, bucket 44-45°F → 46-47°F","{""gap"": ""0.80"", ""conf"": ""1.00"", ""ramp"": ""0.70"", ""score"": 0.7194476714878997, ""current"": ""44-45°F"", ""predicted"": ""46-47°F"", ""tEstimated"": ""8.05""}",2026-03-24 18:08:50.007+00
2927,ruth-pws-kord-20260324-180850001,wendy,KORD,info,signal,"PWS already anticipated 48-49°F, skipping duplicate buy",,2026-03-24 18:08:50.007279+00
2928,ruth-pws-klga-20260324-180850205,wendy,KLGA,info,signal,"PWS anticipation: STRONG (score=1.000), METAR 44.1°F → estimated 51.5°F, bucket 44-45°F → 50-51°F","{""gap"": ""2.58"", ""conf"": ""1.00"", ""ramp"": ""7.71"", ""score"": 1, ""current"": ""44-45°F"", ""predicted"": ""50-51°F"", ""tEstimated"": ""10.82""}",2026-03-24 18:08:50.212587+00
2929,ruth-pws-klga-20260324-180850205,wendy,KLGA,info,signal,"PWS already anticipated 46-47°F, skipping duplicate buy",,2026-03-24 18:08:50.213236+00
2931,ruth-pws-kmia-20260324-180850377,wendy,KMIA,info,signal,"PWS anticipation: STRONG (score=0.808), METAR 82.0°F → estimated 84.6°F, bucket 82-83°F → 84-85°F","{""gap"": ""1.81"", ""conf"": ""1.00"", ""ramp"": ""0.00"", ""score"": 0.8075000000000337, ""current"": ""82-83°F"", ""predicted"": ""84-85°F"", ""tEstimated"": ""29.22""}",2026-03-24 18:08:50.384588+00
2930,ruth-pws-kmia-20260324-180850377,wendy,KMIA,info,signal,"PWS already anticipated 84-85°F, skipping duplicate buy",,2026-03-24 18:08:50.384702+00
2932,ruth-pws-katl-20260324-180850586,wendy,KATL,info,signal,"PWS anticipation: MODERATE (score=0.545), METAR 64.9°F → estimated 65.9°F, bucket 64-65°F → 66-67°F","{""gap"": ""0.64"", ""conf"": ""1.00"", ""ramp"": ""-0.83"", ""score"": 0.5449999999999995, ""current"": ""64-65°F"", ""predicted"": ""66-67°F"", ""tEstimated"": ""18.83""}",2026-03-24 18:08:50.588796+00
2933,ruth-pws-kdal-20260324-180950058,wendy,KDAL,info,signal,"PWS anticipation: STRONG (score=0.985), METAR 75.9°F → estimated 79.5°F, bucket 76-77°F → 80-81°F","{""gap"": ""1.71"", ""conf"": ""1.00"", ""ramp"": ""2.70"", ""score"": 0.9850000000000003, ""current"": ""76-77°F"", ""predicted"": ""80-81°F"", ""tEstimated"": ""26.41""}",2026-03-24 18:09:50.070978+00
2934,ruth-pws-kdal-20260324-180950058,wendy,KDAL,info,guard,"PWS guards blocked: price_out_of_range | estimated 79.5°F, bucket 80-81°F, price 0.07",,2026-03-24 18:09:50.131027+00
2935,ruth-pws-kord-20260324-180950380,wendy,KORD,info,signal,"PWS anticipation: STRONG (score=0.694), METAR 45.0°F → estimated 46.3°F, bucket 44-45°F → 46-47°F","{""gap"": ""0.69"", ""conf"": ""1.00"", ""ramp"": ""0.70"", ""score"": 0.6944297315385042, ""current"": ""44-45°F"", ""predicted"": ""46-47°F"", ""tEstimated"": ""7.96""}",2026-03-24 18:09:50.384682+00
2936,ruth-pws-kord-20260324-180950380,wendy,KORD,info,signal,"PWS already anticipated 48-49°F, skipping duplicate buy",,2026-03-24 18:09:50.392321+00
2937,ruth-pws-klga-20260324-180950578,wendy,KLGA,info,signal,"PWS anticipation: STRONG (score=1.000), METAR 44.1°F → estimated 52.2°F, bucket 44-45°F → 52-53°F","{""gap"": ""2.91"", ""conf"": ""1.00"", ""ramp"": ""8.24"", ""score"": 1, ""current"": ""44-45°F"", ""predicted"": ""52-53°F"", ""tEstimated"": ""11.21""}",2026-03-24 18:09:50.582258+00
2938,ruth-pws-klga-20260324-180950578,wendy,KLGA,info,signal,"PWS already anticipated 46-47°F, skipping duplicate buy",,2026-03-24 18:09:50.582457+00
2939,ruth-pws-kmia-20260324-180950846,wendy,KMIA,info,signal,"PWS already anticipated 84-85°F, skipping duplicate buy",,2026-03-24 18:09:50.849082+00
2940,ruth-pws-kmia-20260324-180950846,wendy,KMIA,info,signal,"PWS anticipation: STRONG (score=0.808), METAR 82.0°F → estimated 84.6°F, bucket 82-83°F → 84-85°F","{""gap"": ""1.81"", ""conf"": ""1.00"", ""ramp"": ""0.00"", ""score"": 0.8075000000000249, ""current"": ""82-83°F"", ""predicted"": ""84-85°F"", ""tEstimated"": ""29.22""}",2026-03-24 18:09:50.849479+00
2941,ruth-pws-katl-20260324-180951108,wendy,KATL,info,signal,"PWS anticipation: MODERATE (score=0.545), METAR 64.9°F → estimated 66.3°F, bucket 64-65°F → 66-67°F","{""gap"": ""0.64"", ""conf"": ""1.00"", ""ramp"": ""0.00"", ""score"": 0.5449999999999995, ""current"": ""64-65°F"", ""predicted"": ""66-67°F"", ""tEstimated"": ""19.08""}",2026-03-24 18:09:51.113732+00
2942,ruth-pws-kdal-20260324-181049856,wendy,KDAL,info,signal,"PWS anticipation: STRONG (score=0.935), METAR 75.9°F → estimated 79.2°F, bucket 76-77°F → 78-79°F","{""gap"": ""1.49"", ""conf"": ""1.00"", ""ramp"": ""2.64"", ""score"": 0.9349999999999996, ""current"": ""76-77°F"", ""predicted"": ""78-79°F"", ""tEstimated"": ""26.23""}",2026-03-24 18:10:49.871882+00
2943,ruth-pws-kdal-20260324-181049856,wendy,KDAL,info,guard,"PWS guards blocked: price_out_of_range | estimated 79.2°F, bucket 78-79°F, price 0.00",,2026-03-24 18:10:49.872527+00
2944,ruth-pws-kord-20260324-181050021,wendy,KORD,info,signal,"PWS anticipation: STRONG (score=0.768), METAR 45.0°F → estimated 46.6°F, bucket 44-45°F → 46-47°F","{""gap"": ""0.80"", ""conf"": ""1.00"", ""ramp"": ""0.94"", ""score"": 0.7678915619348534, ""current"": ""44-45°F"", ""predicted"": ""46-47°F"", ""tEstimated"": ""8.12""}",2026-03-24 18:10:50.024189+00
2945,ruth-pws-kord-20260324-181050021,wendy,KORD,info,signal,"PWS already anticipated 48-49°F, skipping duplicate buy",,2026-03-24 18:10:50.024755+00
2946,ruth-pws-klga-20260324-181050187,wendy,KLGA,info,signal,"PWS anticipation: STRONG (score=1.000), METAR 44.1°F → estimated 52.6°F, bucket 44-45°F → 52-53°F","{""gap"": ""3.02"", ""conf"": ""1.00"", ""ramp"": ""8.85"", ""score"": 1, ""current"": ""44-45°F"", ""predicted"": ""52-53°F"", ""tEstimated"": ""11.47""}",2026-03-24 18:10:50.18977+00
2947,ruth-pws-klga-20260324-181050187,wendy,KLGA,info,signal,"PWS already anticipated 46-47°F, skipping duplicate buy",,2026-03-24 18:10:50.190029+00
2948,ruth-pws-kmia-20260324-181050399,wendy,KMIA,info,signal,"PWS anticipation: STRONG (score=0.808), METAR 82.0°F → estimated 84.6°F, bucket 82-83°F → 84-85°F","{""gap"": ""1.81"", ""conf"": ""1.00"", ""ramp"": ""0.00"", ""score"": 0.8075000000000339, ""current"": ""82-83°F"", ""predicted"": ""84-85°F"", ""tEstimated"": ""29.22""}",2026-03-24 18:10:50.402847+00
2949,ruth-pws-kmia-20260324-181050399,wendy,KMIA,info,signal,"PWS already anticipated 84-85°F, skipping duplicate buy",,2026-03-24 18:10:50.403503+00
2950,ruth-pws-katl-20260324-181050580,wendy,KATL,info,signal,"PWS anticipation: STRONG (score=0.845), METAR 64.9°F → estimated 67.6°F, bucket 64-65°F → 68-69°F","{""gap"": ""1.09"", ""conf"": ""1.00"", ""ramp"": ""1.23"", ""score"": 0.8450000000000006, ""current"": ""64-65°F"", ""predicted"": ""68-69°F"", ""tEstimated"": ""19.76""}",2026-03-24 18:10:50.583968+00
2951,ruth-pws-katl-20260324-181050580,wendy,KATL,info,trade,BUY attempt: 68-69°F @ 0.3715,"{""amount"": 5, ""tokenId"": ""18463263350027208655829030743157508503279557244505071503738907574557867508162""}",2026-03-24 18:10:50.65295+00
2952,ruth-pws-katl-20260324-181050580,wendy,KATL,success,trade,BUY filled: 10.583508 shares,"{""bucket"": ""68-69°F"", ""shares"": 10.583508, ""orderId"": ""0xb3d7734b186a80e43d0b96a9e74d593ec0b89e1138984120613e5c0f24755737""}",2026-03-24 18:10:56.929987+00
2953,ruth-pws-katl-20260324-181050580,wendy,KATL,info,signal,PWS position registered for METAR validation: 68-69°F (10.583508 shares),,2026-03-24 18:10:56.938273+00
2954,ruth-pws-kdal-20260324-181149838,wendy,KDAL,info,signal,"PWS anticipation: STRONG (score=0.910), METAR 75.9°F → estimated 78.6°F, bucket 76-77°F → 78-79°F","{""gap"": ""1.38"", ""conf"": ""1.00"", ""ramp"": ""1.67"", ""score"": 0.9100000000000013, ""current"": ""76-77°F"", ""predicted"": ""78-79°F"", ""tEstimated"": ""25.86""}",2026-03-24 18:11:49.855329+00
2955,ruth-pws-kdal-20260324-181149838,wendy,KDAL,info,guard,"PWS guards blocked: price_out_of_range | estimated 78.6°F, bucket 78-79°F, price 0.00",,2026-03-24 18:11:49.858156+00
2957,ruth-pws-kord-20260324-181150009,wendy,KORD,info,signal,"PWS anticipation: STRONG (score=0.755), METAR 45.0°F → estimated 46.6°F, bucket 44-45°F → 46-47°F","{""gap"": ""0.69"", ""conf"": ""1.00"", ""ramp"": ""1.12"", ""score"": 0.7550000000000003, ""current"": ""44-45°F"", ""predicted"": ""46-47°F"", ""tEstimated"": ""8.09""}",2026-03-24 18:11:50.012905+00
2956,ruth-pws-kord-20260324-181150009,wendy,KORD,info,signal,"PWS already anticipated 48-49°F, skipping duplicate buy",,2026-03-24 18:11:50.013031+00
2958,ruth-pws-klga-20260324-181150154,wendy,KLGA,info,signal,"PWS anticipation: STRONG (score=1.000), METAR 44.1°F → estimated 53.5°F, bucket 44-45°F → 52-53°F","{""gap"": ""3.19"", ""conf"": ""1.00"", ""ramp"": ""9.96"", ""score"": 1, ""current"": ""44-45°F"", ""predicted"": ""52-53°F"", ""tEstimated"": ""11.92""}",2026-03-24 18:11:50.157706+00
2959,ruth-pws-klga-20260324-181150154,wendy,KLGA,info,signal,"PWS already anticipated 46-47°F, skipping duplicate buy",,2026-03-24 18:11:50.158329+00
2960,ruth-pws-kmia-20260324-181150311,wendy,KMIA,info,signal,"PWS already anticipated 84-85°F, skipping duplicate buy",,2026-03-24 18:11:50.314733+00
2961,ruth-pws-kmia-20260324-181150311,wendy,KMIA,info,signal,"PWS anticipation: STRONG (score=0.807), METAR 82.0°F → estimated 84.6°F, bucket 82-83°F → 84-85°F","{""gap"": ""1.81"", ""conf"": ""1.00"", ""ramp"": ""0.00"", ""score"": 0.8074999999999998, ""current"": ""82-83°F"", ""predicted"": ""84-85°F"", ""tEstimated"": ""29.22""}",2026-03-24 18:11:50.314948+00
2962,ruth-pws-katl-20260324-181150455,wendy,KATL,info,signal,"PWS anticipation: STRONG (score=0.845), METAR 64.9°F → estimated 68.1°F, bucket 64-65°F → 68-69°F","{""gap"": ""1.09"", ""conf"": ""1.00"", ""ramp"": ""2.20"", ""score"": 0.8450000000000006, ""current"": ""64-65°F"", ""predicted"": ""68-69°F"", ""tEstimated"": ""20.05""}",2026-03-24 18:11:50.460002+00
2963,ruth-pws-katl-20260324-181150455,wendy,KATL,info,signal,"PWS already anticipated 68-69°F, skipping duplicate buy",,2026-03-24 18:11:50.460794+00
2964,ruth-pws-kdal-20260324-181249777,wendy,KDAL,info,signal,"PWS anticipation: STRONG (score=0.759), METAR 75.9°F → estimated 77.8°F, bucket 76-77°F → 78-79°F","{""gap"": ""1.38"", ""conf"": ""1.00"", ""ramp"": ""0.24"", ""score"": 0.7586076064933065, ""current"": ""76-77°F"", ""predicted"": ""78-79°F"", ""tEstimated"": ""25.44""}",2026-03-24 18:12:49.781256+00
2965,ruth-pws-kdal-20260324-181249777,wendy,KDAL,info,guard,"PWS guards blocked: price_out_of_range | estimated 77.8°F, bucket 78-79°F, price 0.00",,2026-03-24 18:12:49.791378+00
2966,ruth-pws-kord-20260324-181249948,wendy,KORD,info,signal,"PWS anticipation: STRONG (score=0.755), METAR 45.0°F → estimated 46.7°F, bucket 44-45°F → 46-47°F","{""gap"": ""0.69"", ""conf"": ""1.00"", ""ramp"": ""1.30"", ""score"": 0.7550000000000003, ""current"": ""44-45°F"", ""predicted"": ""46-47°F"", ""tEstimated"": ""8.14""}",2026-03-24 18:12:49.95238+00
2967,ruth-pws-kord-20260324-181249948,wendy,KORD,info,signal,"PWS already anticipated 48-49°F, skipping duplicate buy",,2026-03-24 18:12:49.952657+00
2968,ruth-pws-klga-20260324-181250092,wendy,KLGA,info,signal,"PWS anticipation: STRONG (score=1.000), METAR 44.1°F → estimated 53.6°F, bucket 44-45°F → 54-55°F","{""gap"": ""3.19"", ""conf"": ""1.00"", ""ramp"": ""10.19"", ""score"": 1, ""current"": ""44-45°F"", ""predicted"": ""54-55°F"", ""tEstimated"": ""11.99""}",2026-03-24 18:12:50.094631+00
2969,ruth-pws-klga-20260324-181250092,wendy,KLGA,info,signal,"PWS already anticipated 46-47°F, skipping duplicate buy",,2026-03-24 18:12:50.095252+00
2970,ruth-pws-kmia-20260324-181250249,wendy,KMIA,info,signal,"PWS anticipation: STRONG (score=0.808), METAR 82.0°F → estimated 84.6°F, bucket 82-83°F → 84-85°F","{""gap"": ""1.81"", ""conf"": ""1.00"", ""ramp"": ""0.00"", ""score"": 0.8075000000000339, ""current"": ""82-83°F"", ""predicted"": ""84-85°F"", ""tEstimated"": ""29.22""}",2026-03-24 18:12:50.253372+00
2971,ruth-pws-kmia-20260324-181250249,wendy,KMIA,info,signal,"PWS already anticipated 84-85°F, skipping duplicate buy",,2026-03-24 18:12:50.254389+00
2972,ruth-pws-katl-20260324-181250418,wendy,KATL,info,signal,"PWS anticipation: STRONG (score=0.845), METAR 64.9°F → estimated 68.5°F, bucket 64-65°F → 68-69°F","{""gap"": ""1.09"", ""conf"": ""1.00"", ""ramp"": ""2.92"", ""score"": 0.8450000000000006, ""current"": ""64-65°F"", ""predicted"": ""68-69°F"", ""tEstimated"": ""20.27""}",2026-03-24 18:12:50.422928+00
2973,ruth-pws-katl-20260324-181250418,wendy,KATL,info,signal,"PWS already anticipated 68-69°F, skipping duplicate buy",,2026-03-24 18:12:50.423221+00
2974,ruth-pws-lfpg-20260324-181250739,wendy,LFPG,debug,signal,"PWS anticipation: WEAK (score=-0.675), METAR 18.0°C → estimated 17.5°C, bucket 18°C → 17°C","{""gap"": ""-3.00"", ""conf"": ""0.00"", ""ramp"": ""-1.70"", ""score"": -0.675, ""current"": ""18°C"", ""predicted"": ""17°C"", ""tEstimated"": ""17.49""}",2026-03-24 18:12:50.742449+00
2975,marty-manual-20260324181329900,wendy,KLGA,info,trade,BUY attempt: 54-55°F @ 0.0065,"{""amount"": 5, ""tokenId"": ""110692355787979909771005594657552554225422380436261646687595238097106981627608""}",2026-03-24 18:13:29.91149+00
2976,marty-manual-20260324181329900,wendy,KLGA,success,trade,BUY filled: 427.056 shares,"{""bucket"": ""54-55°F"", ""shares"": 427.056, ""orderId"": ""0xc38e4eb5d0d81d2eb5dfb59431c762b58a37114ddb1c30b5fac19fbb11218b65""}",2026-03-24 18:13:36.20116+00
2977,ruth-pws-kord-20260324-181350021,wendy,KORD,info,signal,"PWS already anticipated 48-49°F, skipping duplicate buy",,2026-03-24 18:13:50.052847+00
2978,ruth-pws-kord-20260324-181350021,wendy,KORD,info,signal,"PWS anticipation: STRONG (score=0.755), METAR 45.0°F → estimated 46.6°F, bucket 44-45°F → 46-47°F","{""gap"": ""0.69"", ""conf"": ""1.00"", ""ramp"": ""1.12"", ""score"": 0.7550000000000003, ""current"": ""44-45°F"", ""predicted"": ""46-47°F"", ""tEstimated"": ""8.09""}",2026-03-24 18:13:50.052867+00
2979,ruth-pws-klga-20260324-181350160,wendy,KLGA,info,signal,"PWS anticipation: STRONG (score=1.000), METAR 44.1°F → estimated 52.5°F, bucket 44-45°F → 52-53°F","{""gap"": ""2.91"", ""conf"": ""1.00"", ""ramp"": ""8.88"", ""score"": 1, ""current"": ""44-45°F"", ""predicted"": ""52-53°F"", ""tEstimated"": ""11.40""}",2026-03-24 18:13:50.163567+00
2980,ruth-pws-klga-20260324-181350160,wendy,KLGA,info,signal,"PWS already anticipated 46-47°F, skipping duplicate buy",,2026-03-24 18:13:50.164112+00
2981,ruth-pws-kmia-20260324-181350318,wendy,KMIA,info,signal,"PWS anticipation: STRONG (score=0.807), METAR 82.0°F → estimated 84.6°F, bucket 82-83°F → 84-85°F","{""gap"": ""1.81"", ""conf"": ""1.00"", ""ramp"": ""0.00"", ""score"": 0.8074999999999998, ""current"": ""82-83°F"", ""predicted"": ""84-85°F"", ""tEstimated"": ""29.22""}",2026-03-24 18:13:50.322021+00
2982,ruth-pws-kmia-20260324-181350318,wendy,KMIA,info,signal,"PWS already anticipated 84-85°F, skipping duplicate buy",,2026-03-24 18:13:50.322696+00
2983,ruth-pws-katl-20260324-181350473,wendy,KATL,info,signal,"PWS anticipation: STRONG (score=0.845), METAR 64.9°F → estimated 68.7°F, bucket 64-65°F → 68-69°F","{""gap"": ""1.09"", ""conf"": ""1.00"", ""ramp"": ""3.41"", ""score"": 0.8450000000000006, ""current"": ""64-65°F"", ""predicted"": ""68-69°F"", ""tEstimated"": ""20.42""}",2026-03-24 18:13:50.476806+00
2984,ruth-pws-katl-20260324-181350473,wendy,KATL,info,signal,"PWS already anticipated 68-69°F, skipping duplicate buy",,2026-03-24 18:13:50.477151+00
2985,marty-manual-20260324181425480,wendy,EGLC,info,trade,SELL attempt:  (6.329112 shares),"{""tokenId"": ""19432800932921858485741636545816887596714852351934257654621112867968794868120""}",2026-03-24 18:14:25.493237+00
2986,marty-manual-20260324181425480,wendy,EGLC,success,trade,SELL filled: 6.32 shares,"{""bucket"": """", ""orderId"": ""0xb9e10b6d3bb9f53a84b149233ab96a46125f29dc5d35adc8e71151605afaff87""}",2026-03-24 18:14:31.814188+00
2987,ruth-metar-ksea-20260324-181441246,wendy,KSEA,info,signal,"METAR: 6.1°C, max=6.7°C, bucket=44-45°F","{""prevBucket"": ""44-45°F""}",2026-03-24 18:14:41.26206+00
2988,ruth-pws-kord-20260324-181449919,wendy,KORD,info,signal,"PWS anticipation: STRONG (score=0.780), METAR 45.0°F → estimated 46.7°F, bucket 44-45°F → 46-47°F","{""gap"": ""0.80"", ""conf"": ""1.00"", ""ramp"": ""1.00"", ""score"": 0.78, ""current"": ""44-45°F"", ""predicted"": ""46-47°F"", ""tEstimated"": ""8.14""}",2026-03-24 18:14:49.924077+00
2989,ruth-pws-kord-20260324-181449919,wendy,KORD,info,signal,"PWS already anticipated 48-49°F, skipping duplicate buy",,2026-03-24 18:14:49.931214+00
2990,ruth-pws-klga-20260324-181450056,wendy,KLGA,info,signal,"PWS anticipation: STRONG (score=1.000), METAR 44.1°F → estimated 49.5°F, bucket 44-45°F → 48-49°F","{""gap"": ""2.19"", ""conf"": ""1.00"", ""ramp"": ""4.94"", ""score"": 1, ""current"": ""44-45°F"", ""predicted"": ""48-49°F"", ""tEstimated"": ""9.71""}",2026-03-24 18:14:50.060042+00
2991,ruth-pws-klga-20260324-181450056,wendy,KLGA,info,signal,"PWS already anticipated 46-47°F, skipping duplicate buy",,2026-03-24 18:14:50.060535+00
2992,ruth-pws-kmia-20260324-181450212,wendy,KMIA,info,signal,"PWS already anticipated 84-85°F, skipping duplicate buy",,2026-03-24 18:14:50.217849+00
2993,ruth-pws-kmia-20260324-181450212,wendy,KMIA,info,signal,"PWS anticipation: STRONG (score=0.808), METAR 82.0°F → estimated 84.6°F, bucket 82-83°F → 84-85°F","{""gap"": ""1.81"", ""conf"": ""1.00"", ""ramp"": ""0.00"", ""score"": 0.8075000000000336, ""current"": ""82-83°F"", ""predicted"": ""84-85°F"", ""tEstimated"": ""29.22""}",2026-03-24 18:14:50.218541+00
2994,ruth-pws-katl-20260324-181450359,wendy,KATL,info,signal,"PWS anticipation: STRONG (score=0.845), METAR 64.9°F → estimated 68.9°F, bucket 64-65°F → 68-69°F","{""gap"": ""1.09"", ""conf"": ""1.00"", ""ramp"": ""3.64"", ""score"": 0.8450000000000006, ""current"": ""64-65°F"", ""predicted"": ""68-69°F"", ""tEstimated"": ""20.48""}",2026-03-24 18:14:50.362241+00
2995,ruth-pws-katl-20260324-181450359,wendy,KATL,info,signal,"PWS already anticipated 68-69°F, skipping duplicate buy",,2026-03-24 18:14:50.362527+00
2996,ruth-pws-kord-20260324-181549946,wendy,KORD,info,signal,"PWS already anticipated 48-49°F, skipping duplicate buy",,2026-03-24 18:15:49.958038+00
2997,ruth-pws-kord-20260324-181549946,wendy,KORD,info,signal,"PWS anticipation: STRONG (score=0.805), METAR 45.0°F → estimated 46.8°F, bucket 44-45°F → 46-47°F","{""gap"": ""0.91"", ""conf"": ""1.00"", ""ramp"": ""1.03"", ""score"": 0.8049999999999999, ""current"": ""44-45°F"", ""predicted"": ""46-47°F"", ""tEstimated"": ""8.24""}",2026-03-24 18:15:49.959805+00
2998,ruth-pws-klga-20260324-181550135,wendy,KLGA,info,signal,"PWS anticipation: STRONG (score=1.000), METAR 44.1°F → estimated 47.3°F, bucket 44-45°F → 46-47°F","{""gap"": ""2.08"", ""conf"": ""1.00"", ""ramp"": ""1.15"", ""score"": 1, ""current"": ""44-45°F"", ""predicted"": ""46-47°F"", ""tEstimated"": ""8.50""}",2026-03-24 18:15:50.139917+00
2999,ruth-pws-klga-20260324-181550135,wendy,KLGA,info,signal,"PWS already anticipated 46-47°F, skipping duplicate buy",,2026-03-24 18:15:50.140281+00
3000,ruth-pws-kmia-20260324-181550300,wendy,KMIA,info,signal,"PWS anticipation: STRONG (score=0.807), METAR 82.0°F → estimated 84.6°F, bucket 82-83°F → 84-85°F","{""gap"": ""1.81"", ""conf"": ""1.00"", ""ramp"": ""0.00"", ""score"": 0.8074999999999998, ""current"": ""82-83°F"", ""predicted"": ""84-85°F"", ""tEstimated"": ""29.22""}",2026-03-24 18:15:50.304105+00
3001,ruth-pws-kmia-20260324-181550300,wendy,KMIA,info,signal,"PWS already anticipated 84-85°F, skipping duplicate buy",,2026-03-24 18:15:50.304587+00
3002,ruth-pws-katl-20260324-181550489,wendy,KATL,info,signal,"PWS anticipation: STRONG (score=0.832), METAR 64.9°F → estimated 68.7°F, bucket 64-65°F → 68-69°F","{""gap"": ""1.03"", ""conf"": ""1.00"", ""ramp"": ""3.49"", ""score"": 0.8324999999999996, ""current"": ""64-65°F"", ""predicted"": ""68-69°F"", ""tEstimated"": ""20.40""}",2026-03-24 18:15:50.492014+00
3003,ruth-pws-katl-20260324-181550489,wendy,KATL,info,signal,"PWS already anticipated 68-69°F, skipping duplicate buy",,2026-03-24 18:15:50.492532+00
3004,ruth-pws-kord-20260324-181650033,wendy,KORD,info,signal,"PWS anticipation: STRONG (score=0.805), METAR 45.0°F → estimated 46.8°F, bucket 44-45°F → 46-47°F","{""gap"": ""0.91"", ""conf"": ""1.00"", ""ramp"": ""1.03"", ""score"": 0.8049999999999999, ""current"": ""44-45°F"", ""predicted"": ""46-47°F"", ""tEstimated"": ""8.24""}",2026-03-24 18:16:50.044993+00
3005,ruth-pws-kord-20260324-181650033,wendy,KORD,info,signal,"PWS already anticipated 48-49°F, skipping duplicate buy",,2026-03-24 18:16:50.046217+00
3006,ruth-pws-klga-20260324-181650186,wendy,KLGA,info,signal,"PWS anticipation: STRONG (score=0.900), METAR 44.1°F → estimated 46.9°F, bucket 44-45°F → 46-47°F","{""gap"": ""2.52"", ""conf"": ""1.00"", ""ramp"": ""-0.61"", ""score"": 0.9, ""current"": ""44-45°F"", ""predicted"": ""46-47°F"", ""tEstimated"": ""8.28""}",2026-03-24 18:16:50.189701+00
3007,ruth-pws-klga-20260324-181650186,wendy,KLGA,info,signal,"PWS already anticipated 46-47°F, skipping duplicate buy",,2026-03-24 18:16:50.190129+00
3008,ruth-pws-kmia-20260324-181650358,wendy,KMIA,info,signal,"PWS anticipation: STRONG (score=0.808), METAR 82.0°F → estimated 84.6°F, bucket 82-83°F → 84-85°F","{""gap"": ""1.81"", ""conf"": ""1.00"", ""ramp"": ""0.00"", ""score"": 0.8075000000000336, ""current"": ""82-83°F"", ""predicted"": ""84-85°F"", ""tEstimated"": ""29.22""}",2026-03-24 18:16:50.36197+00
3009,ruth-pws-kmia-20260324-181650358,wendy,KMIA,info,signal,"PWS already anticipated 84-85°F, skipping duplicate buy",,2026-03-24 18:16:50.362196+00
3010,ruth-pws-katl-20260324-181650497,wendy,KATL,info,signal,"PWS anticipation: STRONG (score=0.832), METAR 64.9°F → estimated 68.5°F, bucket 64-65°F → 68-69°F","{""gap"": ""1.03"", ""conf"": ""1.00"", ""ramp"": ""3.12"", ""score"": 0.8324999999999996, ""current"": ""64-65°F"", ""predicted"": ""68-69°F"", ""tEstimated"": ""20.29""}",2026-03-24 18:16:50.501078+00
3011,ruth-pws-katl-20260324-181650497,wendy,KATL,info,signal,"PWS already anticipated 68-69°F, skipping duplicate buy",,2026-03-24 18:16:50.501429+00
3012,ruth-pws-kdal-20260324-181749892,wendy,KDAL,info,signal,"PWS anticipation: STRONG (score=0.867), METAR 75.9°F → estimated 78.4°F, bucket 76-77°F → 78-79°F","{""gap"": ""1.82"", ""conf"": ""1.00"", ""ramp"": ""0.28"", ""score"": 0.866735496711516, ""current"": ""76-77°F"", ""predicted"": ""78-79°F"", ""tEstimated"": ""25.76""}",2026-03-24 18:17:49.902435+00
3013,ruth-pws-kdal-20260324-181749892,wendy,KDAL,info,guard,"PWS guards blocked: price_out_of_range | estimated 78.4°F, bucket 78-79°F, price 0.00",,2026-03-24 18:17:49.907351+00
3014,ruth-pws-kord-20260324-181750051,wendy,KORD,info,signal,"PWS anticipation: STRONG (score=0.805), METAR 45.0°F → estimated 46.9°F, bucket 44-45°F → 46-47°F","{""gap"": ""0.91"", ""conf"": ""1.00"", ""ramp"": ""1.25"", ""score"": 0.8049999999999999, ""current"": ""44-45°F"", ""predicted"": ""46-47°F"", ""tEstimated"": ""8.30""}",2026-03-24 18:17:50.054864+00
3015,ruth-pws-kord-20260324-181750051,wendy,KORD,info,signal,"PWS already anticipated 48-49°F, skipping duplicate buy",,2026-03-24 18:17:50.055193+00
3016,ruth-pws-kmia-20260324-181750385,wendy,KMIA,info,signal,"PWS anticipation: STRONG (score=0.807), METAR 82.0°F → estimated 84.6°F, bucket 82-83°F → 84-85°F","{""gap"": ""1.81"", ""conf"": ""1.00"", ""ramp"": ""0.00"", ""score"": 0.8074999999999998, ""current"": ""82-83°F"", ""predicted"": ""84-85°F"", ""tEstimated"": ""29.22""}",2026-03-24 18:17:50.388537+00
3017,ruth-pws-kmia-20260324-181750385,wendy,KMIA,info,signal,"PWS already anticipated 84-85°F, skipping duplicate buy",,2026-03-24 18:17:50.388943+00
3018,ruth-pws-katl-20260324-181750553,wendy,KATL,info,signal,"PWS anticipation: STRONG (score=0.832), METAR 64.9°F → estimated 68.2°F, bucket 64-65°F → 68-69°F","{""gap"": ""1.03"", ""conf"": ""1.00"", ""ramp"": ""2.55"", ""score"": 0.8324999999999996, ""current"": ""64-65°F"", ""predicted"": ""68-69°F"", ""tEstimated"": ""20.12""}",2026-03-24 18:17:50.556378+00
3019,ruth-pws-katl-20260324-181750553,wendy,KATL,info,signal,"PWS already anticipated 68-69°F, skipping duplicate buy",,2026-03-24 18:17:50.556851+00
3020,ruth-pws-kdal-20260324-181849938,wendy,KDAL,info,signal,"PWS anticipation: STRONG (score=1.000), METAR 75.9°F → estimated 79.1°F, bucket 76-77°F → 78-79°F","{""gap"": ""1.82"", ""conf"": ""1.00"", ""ramp"": ""1.58"", ""score"": 1, ""current"": ""76-77°F"", ""predicted"": ""78-79°F"", ""tEstimated"": ""26.15""}",2026-03-24 18:18:49.950674+00
3021,ruth-pws-kdal-20260324-181849938,wendy,KDAL,info,guard,"PWS guards blocked: price_out_of_range | estimated 79.1°F, bucket 78-79°F, price 0.00",,2026-03-24 18:18:49.968403+00
3022,ruth-pws-kord-20260324-181850146,wendy,KORD,info,signal,"PWS anticipation: STRONG (score=0.780), METAR 45.0°F → estimated 46.8°F, bucket 44-45°F → 46-47°F","{""gap"": ""0.80"", ""conf"": ""1.00"", ""ramp"": ""1.33"", ""score"": 0.78, ""current"": ""44-45°F"", ""predicted"": ""46-47°F"", ""tEstimated"": ""8.24""}",2026-03-24 18:18:50.149455+00
3023,ruth-pws-kord-20260324-181850146,wendy,KORD,info,signal,"PWS already anticipated 48-49°F, skipping duplicate buy",,2026-03-24 18:18:50.186251+00
3024,ruth-pws-kmia-20260324-181850440,wendy,KMIA,info,signal,"PWS anticipation: STRONG (score=0.807), METAR 82.0°F → estimated 84.6°F, bucket 82-83°F → 84-85°F","{""gap"": ""1.81"", ""conf"": ""1.00"", ""ramp"": ""-0.00"", ""score"": 0.8074999999999998, ""current"": ""82-83°F"", ""predicted"": ""84-85°F"", ""tEstimated"": ""29.22""}",2026-03-24 18:18:50.443538+00
3025,ruth-pws-kmia-20260324-181850440,wendy,KMIA,info,signal,"PWS already anticipated 84-85°F, skipping duplicate buy",,2026-03-24 18:18:50.443912+00
3026,ruth-pws-katl-20260324-181850626,wendy,KATL,info,signal,"PWS anticipation: STRONG (score=0.826), METAR 64.9°F → estimated 67.4°F, bucket 64-65°F → 66-67°F","{""gap"": ""1.03"", ""conf"": ""1.00"", ""ramp"": ""0.97"", ""score"": 0.8260157827334508, ""current"": ""64-65°F"", ""predicted"": ""66-67°F"", ""tEstimated"": ""19.64""}",2026-03-24 18:18:50.628395+00
3027,ruth-pws-katl-20260324-181850626,wendy,KATL,info,signal,"PWS already anticipated 68-69°F, skipping duplicate buy",,2026-03-24 18:18:50.628897+00
3028,ruth-pws-kdal-20260324-181949831,wendy,KDAL,info,signal,"PWS anticipation: STRONG (score=0.985), METAR 75.9°F → estimated 79.0°F, bucket 76-77°F → 78-79°F","{""gap"": ""1.71"", ""conf"": ""1.00"", ""ramp"": ""1.64"", ""score"": 0.9850000000000003, ""current"": ""76-77°F"", ""predicted"": ""78-79°F"", ""tEstimated"": ""26.09""}",2026-03-24 18:19:49.844884+00
3029,ruth-pws-kdal-20260324-181949831,wendy,KDAL,info,guard,"PWS guards blocked: price_out_of_range | estimated 79.0°F, bucket 78-79°F, price 0.00",,2026-03-24 18:19:49.850551+00
3030,ruth-pws-kord-20260324-181950012,wendy,KORD,info,signal,"PWS already anticipated 48-49°F, skipping duplicate buy",,2026-03-24 18:19:50.01555+00
3031,ruth-pws-kord-20260324-181950012,wendy,KORD,info,signal,"PWS anticipation: STRONG (score=0.780), METAR 45.0°F → estimated 46.7°F, bucket 44-45°F → 46-47°F","{""gap"": ""0.80"", ""conf"": ""1.00"", ""ramp"": ""1.03"", ""score"": 0.78, ""current"": ""44-45°F"", ""predicted"": ""46-47°F"", ""tEstimated"": ""8.15""}",2026-03-24 18:19:50.016158+00
3032,ruth-pws-kmia-20260324-181950342,wendy,KMIA,info,signal,"PWS anticipation: STRONG (score=0.807), METAR 82.0°F → estimated 84.6°F, bucket 82-83°F → 84-85°F","{""gap"": ""1.81"", ""conf"": ""1.00"", ""ramp"": ""0.00"", ""score"": 0.8074999999999998, ""current"": ""82-83°F"", ""predicted"": ""84-85°F"", ""tEstimated"": ""29.22""}",2026-03-24 18:19:50.34549+00
3033,ruth-pws-kmia-20260324-181950342,wendy,KMIA,info,signal,"PWS already anticipated 84-85°F, skipping duplicate buy",,2026-03-24 18:19:50.346548+00
3035,ruth-pws-katl-20260324-181950490,wendy,KATL,info,signal,"PWS anticipation: STRONG (score=0.784), METAR 64.9°F → estimated 67.2°F, bucket 64-65°F → 66-67°F","{""gap"": ""1.03"", ""conf"": ""1.00"", ""ramp"": ""0.76"", ""score"": 0.7836842209919759, ""current"": ""64-65°F"", ""predicted"": ""66-67°F"", ""tEstimated"": ""19.58""}",2026-03-24 18:19:50.493336+00
3034,ruth-pws-katl-20260324-181950490,wendy,KATL,info,signal,"PWS already anticipated 68-69°F, skipping duplicate buy",,2026-03-24 18:19:50.493518+00
3036,ruth-pws-kdal-20260324-182049850,wendy,KDAL,info,signal,"PWS anticipation: STRONG (score=0.960), METAR 75.9°F → estimated 79.1°F, bucket 76-77°F → 78-79°F","{""gap"": ""1.60"", ""conf"": ""1.00"", ""ramp"": ""2.24"", ""score"": 0.9600000000000004, ""current"": ""76-77°F"", ""predicted"": ""78-79°F"", ""tEstimated"": ""26.19""}",2026-03-24 18:20:49.865059+00
3037,ruth-pws-kdal-20260324-182049850,wendy,KDAL,info,guard,"PWS guards blocked: price_out_of_range | estimated 79.1°F, bucket 78-79°F, price 0.00",,2026-03-24 18:20:49.868163+00
3038,ruth-pws-kord-20260324-182050027,wendy,KORD,info,signal,"PWS anticipation: STRONG (score=0.805), METAR 45.0°F → estimated 47.0°F, bucket 44-45°F → 46-47°F","{""gap"": ""0.91"", ""conf"": ""1.00"", ""ramp"": ""1.33"", ""score"": 0.8049999999999999, ""current"": ""44-45°F"", ""predicted"": ""46-47°F"", ""tEstimated"": ""8.33""}",2026-03-24 18:20:50.029396+00
3039,ruth-pws-kord-20260324-182050027,wendy,KORD,info,signal,"PWS already anticipated 48-49°F, skipping duplicate buy",,2026-03-24 18:20:50.029924+00
3040,ruth-pws-kmia-20260324-182050327,wendy,KMIA,info,signal,"PWS anticipation: STRONG (score=0.808), METAR 82.0°F → estimated 84.6°F, bucket 82-83°F → 84-85°F","{""gap"": ""1.81"", ""conf"": ""1.00"", ""ramp"": ""0.00"", ""score"": 0.8075000000000336, ""current"": ""82-83°F"", ""predicted"": ""84-85°F"", ""tEstimated"": ""29.22""}",2026-03-24 18:20:50.331902+00
3041,ruth-pws-kmia-20260324-182050327,wendy,KMIA,info,signal,"PWS already anticipated 84-85°F, skipping duplicate buy",,2026-03-24 18:20:50.332336+00
3042,ruth-pws-katl-20260324-182050506,wendy,KATL,info,signal,"PWS already anticipated 68-69°F, skipping duplicate buy",,2026-03-24 18:20:50.509906+00
3043,ruth-pws-katl-20260324-182050506,wendy,KATL,info,signal,"PWS anticipation: STRONG (score=0.798), METAR 64.9°F → estimated 67.5°F, bucket 64-65°F → 68-69°F","{""gap"": ""1.37"", ""conf"": ""1.00"", ""ramp"": ""0.45"", ""score"": 0.7983773954375422, ""current"": ""64-65°F"", ""predicted"": ""68-69°F"", ""tEstimated"": ""19.72""}",2026-03-24 18:20:50.510767+00
3044,ruth-pws-kdal-20260324-182149794,wendy,KDAL,info,signal,"PWS anticipation: STRONG (score=0.960), METAR 75.9°F → estimated 79.1°F, bucket 76-77°F → 78-79°F","{""gap"": ""1.60"", ""conf"": ""1.00"", ""ramp"": ""2.18"", ""score"": 0.9600000000000004, ""current"": ""76-77°F"", ""predicted"": ""78-79°F"", ""tEstimated"": ""26.17""}",2026-03-24 18:21:49.809151+00
3045,ruth-pws-kdal-20260324-182149794,wendy,KDAL,info,guard,"PWS guards blocked: price_out_of_range | estimated 79.1°F, bucket 78-79°F, price 0.00",,2026-03-24 18:21:49.865424+00
3046,ruth-pws-kord-20260324-182150014,wendy,KORD,info,signal,"PWS anticipation: STRONG (score=0.805), METAR 45.0°F → estimated 46.9°F, bucket 44-45°F → 46-47°F","{""gap"": ""0.91"", ""conf"": ""1.00"", ""ramp"": ""1.17"", ""score"": 0.8049999999999999, ""current"": ""44-45°F"", ""predicted"": ""46-47°F"", ""tEstimated"": ""8.28""}",2026-03-24 18:21:50.017643+00
3047,ruth-pws-kord-20260324-182150014,wendy,KORD,info,signal,"PWS already anticipated 48-49°F, skipping duplicate buy",,2026-03-24 18:21:50.027651+00
3048,ruth-pws-klga-20260324-182150177,wendy,KLGA,info,signal,"PWS anticipation: STRONG (score=0.900), METAR 44.1°F → estimated 45.5°F, bucket 44-45°F → 46-47°F","{""gap"": ""2.41"", ""conf"": ""1.00"", ""ramp"": ""-2.93"", ""score"": 0.9, ""current"": ""44-45°F"", ""predicted"": ""46-47°F"", ""tEstimated"": ""7.51""}",2026-03-24 18:21:50.180536+00
3049,ruth-pws-klga-20260324-182150177,wendy,KLGA,info,signal,"PWS already anticipated 46-47°F, skipping duplicate buy",,2026-03-24 18:21:50.181651+00
3050,ruth-pws-kmia-20260324-182150330,wendy,KMIA,info,signal,"PWS anticipation: STRONG (score=0.807), METAR 82.0°F → estimated 84.6°F, bucket 82-83°F → 84-85°F","{""gap"": ""1.81"", ""conf"": ""1.00"", ""ramp"": ""0.00"", ""score"": 0.8074999999999998, ""current"": ""82-83°F"", ""predicted"": ""84-85°F"", ""tEstimated"": ""29.22""}",2026-03-24 18:21:50.333879+00
3051,ruth-pws-kmia-20260324-182150330,wendy,KMIA,info,signal,"PWS already anticipated 84-85°F, skipping duplicate buy",,2026-03-24 18:21:50.334498+00
3053,ruth-pws-katl-20260324-182150575,wendy,KATL,info,signal,"PWS anticipation: STRONG (score=0.908), METAR 64.9°F → estimated 68.1°F, bucket 64-65°F → 68-69°F","{""gap"": ""1.37"", ""conf"": ""1.00"", ""ramp"": ""1.51"", ""score"": 0.9075000000000009, ""current"": ""64-65°F"", ""predicted"": ""68-69°F"", ""tEstimated"": ""20.04""}",2026-03-24 18:21:50.577916+00
3052,ruth-pws-katl-20260324-182150575,wendy,KATL,info,signal,"PWS already anticipated 68-69°F, skipping duplicate buy",,2026-03-24 18:21:50.578192+00
3054,ruth-pws-kdal-20260324-182249792,wendy,KDAL,info,signal,"PWS anticipation: STRONG (score=0.960), METAR 75.9°F → estimated 78.7°F, bucket 76-77°F → 78-79°F","{""gap"": ""1.60"", ""conf"": ""1.00"", ""ramp"": ""1.46"", ""score"": 0.9600000000000004, ""current"": ""76-77°F"", ""predicted"": ""78-79°F"", ""tEstimated"": ""25.96""}",2026-03-24 18:22:49.809125+00
3055,ruth-pws-kdal-20260324-182249792,wendy,KDAL,info,guard,"PWS guards blocked: price_out_of_range | estimated 78.7°F, bucket 78-79°F, price 0.00",,2026-03-24 18:22:49.812849+00
3056,ruth-pws-kord-20260324-182249955,wendy,KORD,info,signal,"PWS anticipation: STRONG (score=0.775), METAR 45.0°F → estimated 46.7°F, bucket 44-45°F → 46-47°F","{""gap"": ""0.91"", ""conf"": ""1.00"", ""ramp"": ""0.85"", ""score"": 0.7746642298148858, ""current"": ""44-45°F"", ""predicted"": ""46-47°F"", ""tEstimated"": ""8.18""}",2026-03-24 18:22:49.957924+00
3057,ruth-pws-kord-20260324-182249955,wendy,KORD,info,signal,"PWS already anticipated 48-49°F, skipping duplicate buy",,2026-03-24 18:22:49.958417+00
3058,ruth-pws-klga-20260324-182250141,wendy,KLGA,info,signal,"PWS already anticipated 46-47°F, skipping duplicate buy",,2026-03-24 18:22:50.148149+00
3059,ruth-pws-klga-20260324-182250141,wendy,KLGA,info,signal,"PWS anticipation: STRONG (score=0.900), METAR 44.1°F → estimated 46.4°F, bucket 44-45°F → 46-47°F","{""gap"": ""2.30"", ""conf"": ""1.00"", ""ramp"": ""-0.95"", ""score"": 0.9, ""current"": ""44-45°F"", ""predicted"": ""46-47°F"", ""tEstimated"": ""8.03""}",2026-03-24 18:22:50.148427+00
3060,ruth-pws-kmia-20260324-182250340,wendy,KMIA,info,signal,"PWS anticipation: STRONG (score=0.808), METAR 82.0°F → estimated 84.6°F, bucket 82-83°F → 84-85°F","{""gap"": ""1.81"", ""conf"": ""1.00"", ""ramp"": ""0.00"", ""score"": 0.8075000000000245, ""current"": ""82-83°F"", ""predicted"": ""84-85°F"", ""tEstimated"": ""29.22""}",2026-03-24 18:22:50.343047+00
3061,ruth-pws-kmia-20260324-182250340,wendy,KMIA,info,signal,"PWS already anticipated 84-85°F, skipping duplicate buy",,2026-03-24 18:22:50.343415+00
3062,ruth-pws-katl-20260324-182250474,wendy,KATL,info,signal,"PWS anticipation: STRONG (score=0.908), METAR 64.9°F → estimated 68.5°F, bucket 64-65°F → 68-69°F","{""gap"": ""1.37"", ""conf"": ""1.00"", ""ramp"": ""2.22"", ""score"": 0.9075000000000009, ""current"": ""64-65°F"", ""predicted"": ""68-69°F"", ""tEstimated"": ""20.25""}",2026-03-24 18:22:50.47858+00
3063,ruth-pws-katl-20260324-182250474,wendy,KATL,info,signal,"PWS already anticipated 68-69°F, skipping duplicate buy",,2026-03-24 18:22:50.478808+00
3064,ruth-pws-kdal-20260324-182349889,wendy,KDAL,info,signal,"PWS anticipation: STRONG (score=1.000), METAR 75.9°F → estimated 78.9°F, bucket 76-77°F → 78-79°F","{""gap"": ""1.82"", ""conf"": ""1.00"", ""ramp"": ""1.29"", ""score"": 1, ""current"": ""76-77°F"", ""predicted"": ""78-79°F"", ""tEstimated"": ""26.06""}",2026-03-24 18:23:49.899642+00
3065,ruth-pws-kdal-20260324-182349889,wendy,KDAL,info,guard,"PWS guards blocked: price_out_of_range | estimated 78.9°F, bucket 78-79°F, price 0.00",,2026-03-24 18:23:49.905546+00
3066,ruth-pws-kord-20260324-182350049,wendy,KORD,info,signal,"PWS anticipation: STRONG (score=0.678), METAR 45.0°F → estimated 46.5°F, bucket 44-45°F → 46-47°F","{""gap"": ""0.91"", ""conf"": ""1.00"", ""ramp"": ""0.36"", ""score"": 0.6777049206528942, ""current"": ""44-45°F"", ""predicted"": ""46-47°F"", ""tEstimated"": ""8.04""}",2026-03-24 18:23:50.054144+00
3067,ruth-pws-kord-20260324-182350049,wendy,KORD,info,signal,"PWS already anticipated 48-49°F, skipping duplicate buy",,2026-03-24 18:23:50.054542+00
3068,ruth-pws-klga-20260324-182350284,wendy,KLGA,info,signal,"PWS already anticipated 46-47°F, skipping duplicate buy",,2026-03-24 18:23:50.287652+00
3069,ruth-pws-klga-20260324-182350284,wendy,KLGA,info,signal,"PWS anticipation: STRONG (score=1.000), METAR 44.1°F → estimated 47.3°F, bucket 44-45°F → 46-47°F","{""gap"": ""2.30"", ""conf"": ""1.00"", ""ramp"": ""0.57"", ""score"": 1, ""current"": ""44-45°F"", ""predicted"": ""46-47°F"", ""tEstimated"": ""8.48""}",2026-03-24 18:23:50.288195+00
3070,ruth-pws-kmia-20260324-182350436,wendy,KMIA,info,signal,"PWS anticipation: STRONG (score=0.807), METAR 82.0°F → estimated 84.6°F, bucket 82-83°F → 84-85°F","{""gap"": ""1.81"", ""conf"": ""1.00"", ""ramp"": ""0.00"", ""score"": 0.8074999999999998, ""current"": ""82-83°F"", ""predicted"": ""84-85°F"", ""tEstimated"": ""29.22""}",2026-03-24 18:23:50.440421+00
3071,ruth-pws-kmia-20260324-182350436,wendy,KMIA,info,signal,"PWS already anticipated 84-85°F, skipping duplicate buy",,2026-03-24 18:23:50.440639+00
3072,ruth-pws-katl-20260324-182350588,wendy,KATL,info,signal,"PWS anticipation: STRONG (score=0.908), METAR 64.9°F → estimated 68.7°F, bucket 64-65°F → 68-69°F","{""gap"": ""1.37"", ""conf"": ""1.00"", ""ramp"": ""2.73"", ""score"": 0.9075000000000009, ""current"": ""64-65°F"", ""predicted"": ""68-69°F"", ""tEstimated"": ""20.40""}",2026-03-24 18:23:50.592156+00
3073,ruth-pws-katl-20260324-182350588,wendy,KATL,info,signal,"PWS already anticipated 68-69°F, skipping duplicate buy",,2026-03-24 18:23:50.592557+00
3074,ruth-metar-eglc-20260324-182426249,wendy,EGLC,info,signal,"METAR: 12°C, max=12°C, bucket=12°C","{""prevBucket"": ""12°C""}",2026-03-24 18:24:26.262626+00
3075,ruth-pws-kdal-20260324-182449823,wendy,KDAL,info,signal,"PWS anticipation: STRONG (score=0.963), METAR 75.9°F → estimated 78.6°F, bucket 76-77°F → 78-79°F","{""gap"": ""1.71"", ""conf"": ""1.00"", ""ramp"": ""0.89"", ""score"": 0.9628924482507465, ""current"": ""76-77°F"", ""predicted"": ""78-79°F"", ""tEstimated"": ""25.86""}",2026-03-24 18:24:49.840696+00
3076,ruth-pws-kdal-20260324-182449823,wendy,KDAL,info,guard,"PWS guards blocked: price_out_of_range | estimated 78.6°F, bucket 78-79°F, price 0.00",,2026-03-24 18:24:49.850346+00
3077,ruth-pws-kord-20260324-182450005,wendy,KORD,info,signal,"PWS anticipation: STRONG (score=0.637), METAR 45.0°F → estimated 46.4°F, bucket 44-45°F → 46-47°F","{""gap"": ""0.91"", ""conf"": ""1.00"", ""ramp"": ""0.16"", ""score"": 0.6372948832551553, ""current"": ""44-45°F"", ""predicted"": ""46-47°F"", ""tEstimated"": ""7.98""}",2026-03-24 18:24:50.010628+00
3078,ruth-pws-kord-20260324-182450005,wendy,KORD,info,signal,"PWS already anticipated 48-49°F, skipping duplicate buy",,2026-03-24 18:24:50.020112+00
3079,ruth-pws-klga-20260324-182450216,wendy,KLGA,info,signal,"PWS anticipation: STRONG (score=0.893), METAR 44.1°F → estimated 46.4°F, bucket 44-45°F → 46-47°F","{""gap"": ""2.19"", ""conf"": ""1.00"", ""ramp"": ""-0.73"", ""score"": 0.8925000000000001, ""current"": ""44-45°F"", ""predicted"": ""46-47°F"", ""tEstimated"": ""8.01""}",2026-03-24 18:24:50.21939+00
3080,ruth-pws-klga-20260324-182450216,wendy,KLGA,info,signal,"PWS already anticipated 46-47°F, skipping duplicate buy",,2026-03-24 18:24:50.219864+00
3081,ruth-pws-kmia-20260324-182450385,wendy,KMIA,info,signal,"PWS anticipation: STRONG (score=1.000), METAR 82.0°F → estimated 85.4°F, bucket 82-83°F → 84-85°F","{""gap"": ""2.09"", ""conf"": ""1.00"", ""ramp"": ""0.91"", ""score"": 1, ""current"": ""82-83°F"", ""predicted"": ""84-85°F"", ""tEstimated"": ""29.68""}",2026-03-24 18:24:50.388485+00
3082,ruth-pws-kmia-20260324-182450385,wendy,KMIA,info,signal,"PWS already anticipated 84-85°F, skipping duplicate buy",,2026-03-24 18:24:50.389022+00
3083,ruth-pws-katl-20260324-182450561,wendy,KATL,info,signal,"PWS anticipation: STRONG (score=0.908), METAR 64.9°F → estimated 68.9°F, bucket 64-65°F → 68-69°F","{""gap"": ""1.37"", ""conf"": ""1.00"", ""ramp"": ""3.03"", ""score"": 0.9075000000000009, ""current"": ""64-65°F"", ""predicted"": ""68-69°F"", ""tEstimated"": ""20.50""}",2026-03-24 18:24:50.564769+00
3084,ruth-pws-katl-20260324-182450561,wendy,KATL,info,signal,"PWS already anticipated 68-69°F, skipping duplicate buy",,2026-03-24 18:24:50.565497+00
3085,ruth-pws-kdal-20260324-182549869,wendy,KDAL,info,signal,"PWS anticipation: STRONG (score=0.850), METAR 75.9°F → estimated 78.3°F, bucket 76-77°F → 78-79°F","{""gap"": ""1.71"", ""conf"": ""1.00"", ""ramp"": ""0.32"", ""score"": 0.8497320732233355, ""current"": ""76-77°F"", ""predicted"": ""78-79°F"", ""tEstimated"": ""25.69""}",2026-03-24 18:25:49.883637+00
3086,ruth-pws-kdal-20260324-182549869,wendy,KDAL,info,guard,"PWS guards blocked: price_out_of_range | estimated 78.3°F, bucket 78-79°F, price 0.00",,2026-03-24 18:25:49.885777+00
3087,ruth-pws-kord-20260324-182550072,wendy,KORD,info,signal,"PWS already anticipated 48-49°F, skipping duplicate buy",,2026-03-24 18:25:50.075221+00
3088,ruth-pws-kord-20260324-182550072,wendy,KORD,info,signal,"PWS anticipation: STRONG (score=0.580), METAR 45.0°F → estimated 46.1°F, bucket 44-45°F → 46-47°F","{""gap"": ""0.80"", ""conf"": ""1.00"", ""ramp"": ""-0.04"", ""score"": 0.58, ""current"": ""44-45°F"", ""predicted"": ""46-47°F"", ""tEstimated"": ""7.83""}",2026-03-24 18:25:50.076736+00
3089,ruth-pws-klga-20260324-182550302,wendy,KLGA,info,signal,"PWS anticipation: STRONG (score=0.900), METAR 44.1°F → estimated 46.2°F, bucket 44-45°F → 46-47°F","{""gap"": ""2.41"", ""conf"": ""1.00"", ""ramp"": ""-1.74"", ""score"": 0.9, ""current"": ""44-45°F"", ""predicted"": ""46-47°F"", ""tEstimated"": ""7.87""}",2026-03-24 18:25:50.3049+00
3090,ruth-pws-klga-20260324-182550302,wendy,KLGA,info,signal,"PWS already anticipated 46-47°F, skipping duplicate buy",,2026-03-24 18:25:50.305206+00
3091,ruth-pws-kmia-20260324-182550482,wendy,KMIA,info,signal,"PWS anticipation: STRONG (score=1.000), METAR 82.0°F → estimated 85.8°F, bucket 82-83°F → 86-87°F","{""gap"": ""2.09"", ""conf"": ""1.00"", ""ramp"": ""1.62"", ""score"": 1, ""current"": ""82-83°F"", ""predicted"": ""86-87°F"", ""tEstimated"": ""29.90""}",2026-03-24 18:25:50.485224+00
3092,ruth-pws-kmia-20260324-182550482,wendy,KMIA,info,signal,"PWS already anticipated 84-85°F, skipping duplicate buy",,2026-03-24 18:25:50.485431+00
3093,ruth-pws-katl-20260324-182550632,wendy,KATL,info,signal,"PWS anticipation: STRONG (score=0.945), METAR 64.9°F → estimated 69.3°F, bucket 64-65°F → 68-69°F","{""gap"": ""1.53"", ""conf"": ""1.00"", ""ramp"": ""3.45"", ""score"": 0.9449999999999996, ""current"": ""64-65°F"", ""predicted"": ""68-69°F"", ""tEstimated"": ""20.74""}",2026-03-24 18:25:50.635359+00
3094,ruth-pws-katl-20260324-182550632,wendy,KATL,info,signal,"PWS already anticipated 68-69°F, skipping duplicate buy",,2026-03-24 18:25:50.636013+00
3095,ruth-pws-ksea-20260324-182649689,wendy,KSEA,info,signal,"PWS anticipation: STRONG (score=0.724), METAR 44.1°F → estimated 45.6°F, bucket 44-45°F → 46-47°F","{""gap"": ""0.55"", ""conf"": ""1.00"", ""ramp"": ""1.51"", ""score"": 0.7237499999999999, ""current"": ""44-45°F"", ""predicted"": ""46-47°F"", ""tEstimated"": ""7.54""}",2026-03-24 18:26:49.706305+00
3096,ruth-pws-ksea-20260324-182649689,wendy,KSEA,info,guard,"PWS guards blocked: price_out_of_range | estimated 45.6°F, bucket 46-47°F, price 0.01",,2026-03-24 18:26:49.709059+00
3097,ruth-pws-kdal-20260324-182649865,wendy,KDAL,info,signal,"PWS anticipation: STRONG (score=0.949), METAR 75.9°F → estimated 78.7°F, bucket 76-77°F → 78-79°F","{""gap"": ""1.99"", ""conf"": ""1.00"", ""ramp"": ""0.51"", ""score"": 0.9486065505008733, ""current"": ""76-77°F"", ""predicted"": ""78-79°F"", ""tEstimated"": ""25.94""}",2026-03-24 18:26:49.868515+00
3098,ruth-pws-kdal-20260324-182649865,wendy,KDAL,info,guard,"PWS guards blocked: price_out_of_range | estimated 78.7°F, bucket 78-79°F, price 0.00",,2026-03-24 18:26:49.871112+00
3099,ruth-pws-kord-20260324-182650057,wendy,KORD,info,signal,"PWS already anticipated 48-49°F, skipping duplicate buy",,2026-03-24 18:26:50.060768+00
3100,ruth-pws-kord-20260324-182650057,wendy,KORD,info,signal,"PWS anticipation: STRONG (score=0.580), METAR 45.0°F → estimated 46.0°F, bucket 44-45°F → 46-47°F","{""gap"": ""0.80"", ""conf"": ""1.00"", ""ramp"": ""-0.16"", ""score"": 0.58, ""current"": ""44-45°F"", ""predicted"": ""46-47°F"", ""tEstimated"": ""7.79""}",2026-03-24 18:26:50.061497+00
3101,ruth-pws-kmia-20260324-182650500,wendy,KMIA,info,signal,"PWS anticipation: STRONG (score=1.000), METAR 82.0°F → estimated 86.1°F, bucket 82-83°F → 86-87°F","{""gap"": ""2.09"", ""conf"": ""1.00"", ""ramp"": ""2.12"", ""score"": 1, ""current"": ""82-83°F"", ""predicted"": ""86-87°F"", ""tEstimated"": ""30.05""}",2026-03-24 18:26:50.503899+00
3102,ruth-pws-kmia-20260324-182650500,wendy,KMIA,info,signal,"PWS already anticipated 84-85°F, skipping duplicate buy",,2026-03-24 18:26:50.504271+00
3103,ruth-pws-katl-20260324-182650776,wendy,KATL,info,signal,"PWS anticipation: STRONG (score=0.945), METAR 64.9°F → estimated 69.4°F, bucket 64-65°F → 68-69°F","{""gap"": ""1.53"", ""conf"": ""1.00"", ""ramp"": ""3.51"", ""score"": 0.9449999999999996, ""current"": ""64-65°F"", ""predicted"": ""68-69°F"", ""tEstimated"": ""20.76""}",2026-03-24 18:26:50.780188+00
3104,ruth-pws-katl-20260324-182650776,wendy,KATL,info,signal,"PWS already anticipated 68-69°F, skipping duplicate buy",,2026-03-24 18:26:50.780562+00
3105,ruth-pws-ksea-20260324-182749653,wendy,KSEA,info,signal,"PWS anticipation: STRONG (score=0.724), METAR 44.1°F → estimated 45.5°F, bucket 44-45°F → 46-47°F","{""gap"": ""0.55"", ""conf"": ""1.00"", ""ramp"": ""1.41"", ""score"": 0.7237499999999999, ""current"": ""44-45°F"", ""predicted"": ""46-47°F"", ""tEstimated"": ""7.51""}",2026-03-24 18:27:49.667261+00
3106,ruth-pws-ksea-20260324-182749653,wendy,KSEA,info,guard,"PWS guards blocked: price_out_of_range | estimated 45.5°F, bucket 46-47°F, price 0.00",,2026-03-24 18:27:49.68068+00
3107,ruth-pws-kdal-20260324-182749914,wendy,KDAL,info,signal,"PWS anticipation: STRONG (score=1.000), METAR 75.9°F → estimated 79.7°F, bucket 76-77°F → 80-81°F","{""gap"": ""2.10"", ""conf"": ""1.00"", ""ramp"": ""2.02"", ""score"": 1, ""current"": ""76-77°F"", ""predicted"": ""80-81°F"", ""tEstimated"": ""26.48""}",2026-03-24 18:27:49.917997+00
3108,ruth-pws-kdal-20260324-182749914,wendy,KDAL,info,guard,"PWS guards blocked: price_out_of_range | estimated 79.7°F, bucket 80-81°F, price 0.06",,2026-03-24 18:27:49.935179+00
3109,ruth-pws-kord-20260324-182750132,wendy,KORD,info,signal,"PWS anticipation: STRONG (score=0.580), METAR 45.0°F → estimated 46.0°F, bucket 44-45°F → 46-47°F","{""gap"": ""0.80"", ""conf"": ""1.00"", ""ramp"": ""-0.20"", ""score"": 0.58, ""current"": ""44-45°F"", ""predicted"": ""46-47°F"", ""tEstimated"": ""7.78""}",2026-03-24 18:27:50.136155+00
3110,ruth-pws-kord-20260324-182750132,wendy,KORD,info,signal,"PWS already anticipated 48-49°F, skipping duplicate buy",,2026-03-24 18:27:50.144173+00
3112,ruth-pws-kmia-20260324-182750456,wendy,KMIA,info,signal,"PWS anticipation: STRONG (score=1.000), METAR 82.0°F → estimated 85.4°F, bucket 82-83°F → 84-85°F","{""gap"": ""1.81"", ""conf"": ""1.00"", ""ramp"": ""1.51"", ""score"": 1, ""current"": ""82-83°F"", ""predicted"": ""84-85°F"", ""tEstimated"": ""29.67""}",2026-03-24 18:27:50.460345+00
3111,ruth-pws-kmia-20260324-182750456,wendy,KMIA,info,signal,"PWS already anticipated 84-85°F, skipping duplicate buy",,2026-03-24 18:27:50.460674+00
3113,ruth-pws-katl-20260324-182750607,wendy,KATL,info,signal,"PWS anticipation: STRONG (score=0.945), METAR 64.9°F → estimated 69.2°F, bucket 64-65°F → 68-69°F","{""gap"": ""1.53"", ""conf"": ""1.00"", ""ramp"": ""3.21"", ""score"": 0.9449999999999996, ""current"": ""64-65°F"", ""predicted"": ""68-69°F"", ""tEstimated"": ""20.67""}",2026-03-24 18:27:50.611136+00
3114,ruth-pws-katl-20260324-182750607,wendy,KATL,info,signal,"PWS already anticipated 68-69°F, skipping duplicate buy",,2026-03-24 18:27:50.611234+00
3115,ruth-pws-kdal-20260324-182849854,wendy,KDAL,info,signal,"PWS anticipation: STRONG (score=1.000), METAR 75.9°F → estimated 79.6°F, bucket 76-77°F → 80-81°F","{""gap"": ""1.99"", ""conf"": ""1.00"", ""ramp"": ""2.12"", ""score"": 1, ""current"": ""76-77°F"", ""predicted"": ""80-81°F"", ""tEstimated"": ""26.43""}",2026-03-24 18:28:49.867886+00
3116,ruth-pws-kdal-20260324-182849854,wendy,KDAL,info,guard,"PWS guards blocked: price_out_of_range | estimated 79.6°F, bucket 80-81°F, price 0.06",,2026-03-24 18:28:49.87012+00
3118,ruth-pws-kord-20260324-182850122,wendy,KORD,info,signal,"PWS already anticipated 48-49°F, skipping duplicate buy",,2026-03-24 18:28:50.127495+00
3117,ruth-pws-kord-20260324-182850122,wendy,KORD,info,signal,"PWS anticipation: STRONG (score=0.580), METAR 45.0°F → estimated 45.9°F, bucket 44-45°F → 46-47°F","{""gap"": ""0.80"", ""conf"": ""1.00"", ""ramp"": ""-0.30"", ""score"": 0.58, ""current"": ""44-45°F"", ""predicted"": ""46-47°F"", ""tEstimated"": ""7.75""}",2026-03-24 18:28:50.127503+00
3119,ruth-pws-kmia-20260324-182850586,wendy,KMIA,info,signal,"PWS anticipation: STRONG (score=0.989), METAR 82.0°F → estimated 85.1°F, bucket 82-83°F → 84-85°F","{""gap"": ""1.81"", ""conf"": ""1.00"", ""ramp"": ""0.91"", ""score"": 0.9892347286915382, ""current"": ""82-83°F"", ""predicted"": ""84-85°F"", ""tEstimated"": ""29.49""}",2026-03-24 18:28:50.589627+00
3120,ruth-pws-kmia-20260324-182850586,wendy,KMIA,info,signal,"PWS already anticipated 84-85°F, skipping duplicate buy",,2026-03-24 18:28:50.590211+00
3121,ruth-pws-katl-20260324-182850773,wendy,KATL,info,signal,"PWS anticipation: STRONG (score=0.945), METAR 64.9°F → estimated 68.8°F, bucket 64-65°F → 68-69°F","{""gap"": ""1.53"", ""conf"": ""1.00"", ""ramp"": ""2.54"", ""score"": 0.9449999999999996, ""current"": ""64-65°F"", ""predicted"": ""68-69°F"", ""tEstimated"": ""20.47""}",2026-03-24 18:28:50.776139+00
3122,ruth-pws-katl-20260324-182850773,wendy,KATL,info,signal,"PWS already anticipated 68-69°F, skipping duplicate buy",,2026-03-24 18:28:50.776631+00
3123,ruth-pws-kdal-20260324-182949869,wendy,KDAL,info,signal,"PWS anticipation: STRONG (score=1.000), METAR 75.9°F → estimated 80.6°F, bucket 76-77°F → 80-81°F","{""gap"": ""2.10"", ""conf"": ""1.00"", ""ramp"": ""3.72"", ""score"": 1, ""current"": ""76-77°F"", ""predicted"": ""80-81°F"", ""tEstimated"": ""26.99""}",2026-03-24 18:29:49.883983+00
3124,ruth-pws-kdal-20260324-182949869,wendy,KDAL,info,guard,"PWS guards blocked: price_out_of_range | estimated 80.6°F, bucket 80-81°F, price 0.06",,2026-03-24 18:29:49.886525+00
3125,ruth-pws-kord-20260324-182950122,wendy,KORD,info,signal,"PWS already anticipated 48-49°F, skipping duplicate buy",,2026-03-24 18:29:50.13126+00
3126,ruth-pws-kord-20260324-182950122,wendy,KORD,info,signal,"PWS anticipation: STRONG (score=0.580), METAR 45.0°F → estimated 45.6°F, bucket 44-45°F → 46-47°F","{""gap"": ""0.80"", ""conf"": ""1.00"", ""ramp"": ""-1.01"", ""score"": 0.58, ""current"": ""44-45°F"", ""predicted"": ""46-47°F"", ""tEstimated"": ""7.54""}",2026-03-24 18:29:50.131729+00
3127,ruth-pws-kmia-20260324-182950460,wendy,KMIA,info,signal,"PWS anticipation: STRONG (score=0.868), METAR 82.0°F → estimated 84.8°F, bucket 82-83°F → 84-85°F","{""gap"": ""1.81"", ""conf"": ""1.00"", ""ramp"": ""0.30"", ""score"": 0.8681101643257323, ""current"": ""82-83°F"", ""predicted"": ""84-85°F"", ""tEstimated"": ""29.31""}",2026-03-24 18:29:50.465115+00
3128,ruth-pws-kmia-20260324-182950460,wendy,KMIA,info,signal,"PWS already anticipated 84-85°F, skipping duplicate buy",,2026-03-24 18:29:50.465464+00
3129,ruth-pws-katl-20260324-182950649,wendy,KATL,info,signal,"PWS anticipation: STRONG (score=0.945), METAR 64.9°F → estimated 68.3°F, bucket 64-65°F → 68-69°F","{""gap"": ""1.53"", ""conf"": ""1.00"", ""ramp"": ""1.51"", ""score"": 0.9449999999999996, ""current"": ""64-65°F"", ""predicted"": ""68-69°F"", ""tEstimated"": ""20.16""}",2026-03-24 18:29:50.652151+00
3130,ruth-pws-katl-20260324-182950649,wendy,KATL,info,signal,"PWS already anticipated 68-69°F, skipping duplicate buy",,2026-03-24 18:29:50.652915+00
3131,ruth-pws-kdal-20260324-183049821,wendy,KDAL,info,signal,"PWS anticipation: STRONG (score=1.000), METAR 75.9°F → estimated 79.9°F, bucket 76-77°F → 80-81°F","{""gap"": ""1.88"", ""conf"": ""1.00"", ""ramp"": ""2.94"", ""score"": 1, ""current"": ""76-77°F"", ""predicted"": ""80-81°F"", ""tEstimated"": ""26.60""}",2026-03-24 18:30:49.832947+00
3132,ruth-pws-kdal-20260324-183049821,wendy,KDAL,info,guard,"PWS guards blocked: price_out_of_range | estimated 79.9°F, bucket 80-81°F, price 0.07",,2026-03-24 18:30:49.886113+00
3133,ruth-pws-kord-20260324-183050020,wendy,KORD,info,signal,"PWS anticipation: STRONG (score=0.630), METAR 45.0°F → estimated 46.3°F, bucket 44-45°F → 46-47°F","{""gap"": ""1.02"", ""conf"": ""1.00"", ""ramp"": ""-0.30"", ""score"": 0.6299999999999999, ""current"": ""44-45°F"", ""predicted"": ""46-47°F"", ""tEstimated"": ""7.93""}",2026-03-24 18:30:50.024084+00
3134,ruth-pws-kord-20260324-183050020,wendy,KORD,info,signal,"PWS already anticipated 48-49°F, skipping duplicate buy",,2026-03-24 18:30:50.032004+00
3135,ruth-pws-klga-20260324-183050160,wendy,KLGA,debug,signal,"PWS anticipation: STRONG (score=0.717), METAR 44.1°F → estimated 42.9°F, bucket 44-45°F → 42-43°F","{""gap"": ""1.41"", ""conf"": ""1.00"", ""ramp"": ""-5.51"", ""score"": 0.7174999999999999, ""current"": ""44-45°F"", ""predicted"": ""42-43°F"", ""tEstimated"": ""6.03""}",2026-03-24 18:30:50.163276+00
3136,ruth-pws-klga-20260324-183050160,wendy,KLGA,info,signal,"PWS already anticipated 46-47°F, skipping duplicate buy",,2026-03-24 18:30:50.16367+00
3138,ruth-pws-kmia-20260324-183050337,wendy,KMIA,info,signal,"PWS anticipation: STRONG (score=0.807), METAR 82.0°F → estimated 84.4°F, bucket 82-83°F → 84-85°F","{""gap"": ""1.81"", ""conf"": ""1.00"", ""ramp"": ""-0.30"", ""score"": 0.8074999999999998, ""current"": ""82-83°F"", ""predicted"": ""84-85°F"", ""tEstimated"": ""29.13""}",2026-03-24 18:30:50.341252+00
3137,ruth-pws-kmia-20260324-183050337,wendy,KMIA,info,signal,"PWS already anticipated 84-85°F, skipping duplicate buy",,2026-03-24 18:30:50.341282+00
3139,ruth-pws-katl-20260324-183050482,wendy,KATL,info,signal,"PWS anticipation: STRONG (score=1.000), METAR 64.9°F → estimated 69.1°F, bucket 64-65°F → 68-69°F","{""gap"": ""1.87"", ""conf"": ""1.00"", ""ramp"": ""2.27"", ""score"": 1, ""current"": ""64-65°F"", ""predicted"": ""68-69°F"", ""tEstimated"": ""20.62""}",2026-03-24 18:30:50.485306+00
3140,ruth-pws-katl-20260324-183050482,wendy,KATL,info,signal,"PWS already anticipated 68-69°F, skipping duplicate buy",,2026-03-24 18:30:50.485365+00
3141,ruth-pws-ksea-20260324-183149654,wendy,KSEA,info,signal,"PWS anticipation: STRONG (score=0.755), METAR 44.1°F → estimated 45.6°F, bucket 44-45°F → 46-47°F","{""gap"": ""0.69"", ""conf"": ""1.00"", ""ramp"": ""1.16"", ""score"": 0.7550000000000001, ""current"": ""44-45°F"", ""predicted"": ""46-47°F"", ""tEstimated"": ""7.53""}",2026-03-24 18:31:49.694804+00
3142,ruth-pws-ksea-20260324-183149654,wendy,KSEA,info,guard,"PWS guards blocked: price_out_of_range | estimated 45.6°F, bucket 46-47°F, price 0.01",,2026-03-24 18:31:49.699886+00
3143,ruth-pws-kdal-20260324-183149850,wendy,KDAL,info,signal,"PWS anticipation: STRONG (score=1.000), METAR 75.9°F → estimated 79.4°F, bucket 76-77°F → 78-79°F","{""gap"": ""1.88"", ""conf"": ""1.00"", ""ramp"": ""2.10"", ""score"": 1, ""current"": ""76-77°F"", ""predicted"": ""78-79°F"", ""tEstimated"": ""26.34""}",2026-03-24 18:31:49.8561+00
3144,ruth-pws-kdal-20260324-183149850,wendy,KDAL,info,guard,"PWS guards blocked: price_out_of_range | estimated 79.4°F, bucket 78-79°F, price 0.00",,2026-03-24 18:31:49.859637+00
3145,ruth-pws-kord-20260324-183150029,wendy,KORD,info,signal,"PWS already anticipated 48-49°F, skipping duplicate buy",,2026-03-24 18:31:50.033127+00
3146,ruth-pws-kord-20260324-183150029,wendy,KORD,info,signal,"PWS anticipation: STRONG (score=0.719), METAR 45.0°F → estimated 46.7°F, bucket 44-45°F → 46-47°F","{""gap"": ""1.02"", ""conf"": ""1.00"", ""ramp"": ""0.44"", ""score"": 0.7187888471867174, ""current"": ""44-45°F"", ""predicted"": ""46-47°F"", ""tEstimated"": ""8.15""}",2026-03-24 18:31:50.033611+00
3147,ruth-pws-kmia-20260324-183150352,wendy,KMIA,info,signal,"PWS anticipation: STRONG (score=0.807), METAR 82.0°F → estimated 84.1°F, bucket 82-83°F → 84-85°F","{""gap"": ""1.81"", ""conf"": ""1.00"", ""ramp"": ""-0.91"", ""score"": 0.8074999999999998, ""current"": ""82-83°F"", ""predicted"": ""84-85°F"", ""tEstimated"": ""28.95""}",2026-03-24 18:31:50.359007+00
3148,ruth-pws-kmia-20260324-183150352,wendy,KMIA,info,signal,"PWS already anticipated 84-85°F, skipping duplicate buy",,2026-03-24 18:31:50.359206+00
3149,ruth-pws-katl-20260324-183150493,wendy,KATL,info,signal,"PWS already anticipated 68-69°F, skipping duplicate buy",,2026-03-24 18:31:50.496466+00
3150,ruth-pws-katl-20260324-183150493,wendy,KATL,info,signal,"PWS anticipation: STRONG (score=1.000), METAR 64.9°F → estimated 69.5°F, bucket 64-65°F → 68-69°F","{""gap"": ""1.87"", ""conf"": ""1.00"", ""ramp"": ""2.91"", ""score"": 1, ""current"": ""64-65°F"", ""predicted"": ""68-69°F"", ""tEstimated"": ""20.81""}",2026-03-24 18:31:50.496672+00
3151,ruth-metar-lfpg-20260324-183211391,wendy,LFPG,info,signal,"METAR: 15°C, max=18°C, bucket=18°C","{""prevBucket"": ""18°C""}",2026-03-24 18:32:11.406048+00
3152,ruth-pws-kdal-20260324-183249808,wendy,KDAL,info,signal,"PWS anticipation: STRONG (score=0.972), METAR 75.9°F → estimated 78.7°F, bucket 76-77°F → 78-79°F","{""gap"": ""1.82"", ""conf"": ""1.00"", ""ramp"": ""0.81"", ""score"": 0.9716925661222016, ""current"": ""76-77°F"", ""predicted"": ""78-79°F"", ""tEstimated"": ""25.92""}",2026-03-24 18:32:49.822392+00
3153,ruth-pws-kdal-20260324-183249808,wendy,KDAL,info,guard,"PWS guards blocked: price_out_of_range | estimated 78.7°F, bucket 78-79°F, price 0.00",,2026-03-24 18:32:49.825718+00
3154,ruth-pws-kord-20260324-183249988,wendy,KORD,info,signal,"PWS already anticipated 48-49°F, skipping duplicate buy",,2026-03-24 18:32:49.991909+00
3155,ruth-pws-kord-20260324-183249988,wendy,KORD,info,signal,"PWS anticipation: STRONG (score=0.830), METAR 45.0°F → estimated 47.0°F, bucket 44-45°F → 46-47°F","{""gap"": ""1.02"", ""conf"": ""1.00"", ""ramp"": ""1.05"", ""score"": 0.8299999999999998, ""current"": ""44-45°F"", ""predicted"": ""46-47°F"", ""tEstimated"": ""8.33""}",2026-03-24 18:32:49.992461+00
3156,ruth-pws-klga-20260324-183250179,wendy,KLGA,info,signal,"PWS anticipation: STRONG (score=0.900), METAR 44.1°F → estimated 46.0°F, bucket 44-45°F → 46-47°F","{""gap"": ""2.30"", ""conf"": ""1.00"", ""ramp"": ""-1.78"", ""score"": 0.9, ""current"": ""44-45°F"", ""predicted"": ""46-47°F"", ""tEstimated"": ""7.78""}",2026-03-24 18:32:50.18345+00
3157,ruth-pws-klga-20260324-183250179,wendy,KLGA,info,signal,"PWS already anticipated 46-47°F, skipping duplicate buy",,2026-03-24 18:32:50.184159+00
3158,ruth-pws-kmia-20260324-183250355,wendy,KMIA,info,signal,"PWS anticipation: STRONG (score=0.807), METAR 82.0°F → estimated 83.8°F, bucket 82-83°F → 84-85°F","{""gap"": ""1.81"", ""conf"": ""1.00"", ""ramp"": ""-1.52"", ""score"": 0.8074999999999998, ""current"": ""82-83°F"", ""predicted"": ""84-85°F"", ""tEstimated"": ""28.76""}",2026-03-24 18:32:50.358282+00
3159,ruth-pws-kmia-20260324-183250355,wendy,KMIA,info,signal,"PWS already anticipated 84-85°F, skipping duplicate buy",,2026-03-24 18:32:50.358671+00
3160,ruth-pws-katl-20260324-183250553,wendy,KATL,info,signal,"PWS already anticipated 68-69°F, skipping duplicate buy",,2026-03-24 18:32:50.558708+00
3161,ruth-pws-katl-20260324-183250553,wendy,KATL,info,signal,"PWS anticipation: STRONG (score=1.000), METAR 64.9°F → estimated 69.8°F, bucket 64-65°F → 70-71°F","{""gap"": ""1.87"", ""conf"": ""1.00"", ""ramp"": ""3.52"", ""score"": 1, ""current"": ""64-65°F"", ""predicted"": ""70-71°F"", ""tEstimated"": ""20.99""}",2026-03-24 18:32:50.559353+00
3162,ruth-pws-kdal-20260324-183349785,wendy,KDAL,info,signal,"PWS anticipation: STRONG (score=0.889), METAR 75.9°F → estimated 78.4°F, bucket 76-77°F → 78-79°F","{""gap"": ""1.82"", ""conf"": ""1.00"", ""ramp"": ""0.39"", ""score"": 0.8888524528304447, ""current"": ""76-77°F"", ""predicted"": ""78-79°F"", ""tEstimated"": ""25.79""}",2026-03-24 18:33:49.803048+00
3163,ruth-pws-kdal-20260324-183349785,wendy,KDAL,info,guard,"PWS guards blocked: price_out_of_range | estimated 78.4°F, bucket 78-79°F, price 0.00",,2026-03-24 18:33:49.85906+00
3164,ruth-pws-kord-20260324-183349992,wendy,KORD,info,signal,"PWS anticipation: STRONG (score=0.830), METAR 45.0°F → estimated 47.1°F, bucket 44-45°F → 46-47°F","{""gap"": ""1.02"", ""conf"": ""1.00"", ""ramp"": ""1.15"", ""score"": 0.8299999999999998, ""current"": ""44-45°F"", ""predicted"": ""46-47°F"", ""tEstimated"": ""8.36""}",2026-03-24 18:33:49.995365+00
3165,ruth-pws-kord-20260324-183349992,wendy,KORD,info,signal,"PWS already anticipated 48-49°F, skipping duplicate buy",,2026-03-24 18:33:50.007297+00
3166,ruth-pws-klga-20260324-183350172,wendy,KLGA,info,signal,"PWS anticipation: STRONG (score=0.900), METAR 44.1°F → estimated 46.6°F, bucket 44-45°F → 46-47°F","{""gap"": ""2.30"", ""conf"": ""1.00"", ""ramp"": ""-0.61"", ""score"": 0.9, ""current"": ""44-45°F"", ""predicted"": ""46-47°F"", ""tEstimated"": ""8.13""}",2026-03-24 18:33:50.182306+00
3167,ruth-pws-klga-20260324-183350172,wendy,KLGA,info,signal,"PWS already anticipated 46-47°F, skipping duplicate buy",,2026-03-24 18:33:50.183029+00
3168,ruth-pws-kmia-20260324-183350341,wendy,KMIA,info,signal,"PWS anticipation: STRONG (score=0.807), METAR 82.0°F → estimated 83.9°F, bucket 82-83°F → 84-85°F","{""gap"": ""1.81"", ""conf"": ""1.00"", ""ramp"": ""-1.36"", ""score"": 0.8074999999999998, ""current"": ""82-83°F"", ""predicted"": ""84-85°F"", ""tEstimated"": ""28.81""}",2026-03-24 18:33:50.343659+00
3169,ruth-pws-kmia-20260324-183350341,wendy,KMIA,info,signal,"PWS already anticipated 84-85°F, skipping duplicate buy",,2026-03-24 18:33:50.344185+00
3170,ruth-pws-katl-20260324-183350489,wendy,KATL,info,signal,"PWS anticipation: STRONG (score=1.000), METAR 64.9°F → estimated 69.7°F, bucket 64-65°F → 70-71°F","{""gap"": ""1.87"", ""conf"": ""1.00"", ""ramp"": ""3.36"", ""score"": 1, ""current"": ""64-65°F"", ""predicted"": ""70-71°F"", ""tEstimated"": ""20.95""}",2026-03-24 18:33:50.491771+00
3171,ruth-pws-katl-20260324-183350489,wendy,KATL,info,signal,"PWS already anticipated 68-69°F, skipping duplicate buy",,2026-03-24 18:33:50.49225+00
3172,ruth-pws-kdal-20260324-183449866,wendy,KDAL,info,signal,"PWS anticipation: STRONG (score=0.823), METAR 75.9°F → estimated 78.0°F, bucket 76-77°F → 78-79°F","{""gap"": ""1.88"", ""conf"": ""1.00"", ""ramp"": ""-0.59"", ""score"": 0.8225000000000005, ""current"": ""76-77°F"", ""predicted"": ""78-79°F"", ""tEstimated"": ""25.54""}",2026-03-24 18:34:49.877334+00
3173,ruth-pws-kdal-20260324-183449866,wendy,KDAL,info,guard,"PWS guards blocked: price_out_of_range | estimated 78.0°F, bucket 78-79°F, price 0.00",,2026-03-24 18:34:49.882875+00
3174,ruth-pws-kord-20260324-183450048,wendy,KORD,info,signal,"PWS anticipation: STRONG (score=0.830), METAR 45.0°F → estimated 47.5°F, bucket 44-45°F → 48-49°F","{""gap"": ""1.02"", ""conf"": ""1.00"", ""ramp"": ""2.02"", ""score"": 0.8299999999999998, ""current"": ""44-45°F"", ""predicted"": ""48-49°F"", ""tEstimated"": ""8.62""}",2026-03-24 18:34:50.050656+00
3175,ruth-pws-kord-20260324-183450048,wendy,KORD,info,signal,"PWS already anticipated 48-49°F, skipping duplicate buy",,2026-03-24 18:34:50.05133+00
3176,ruth-pws-klga-20260324-183450182,wendy,KLGA,info,signal,"PWS anticipation: STRONG (score=1.000), METAR 44.1°F → estimated 47.4°F, bucket 44-45°F → 46-47°F","{""gap"": ""2.30"", ""conf"": ""1.00"", ""ramp"": ""0.85"", ""score"": 1, ""current"": ""44-45°F"", ""predicted"": ""46-47°F"", ""tEstimated"": ""8.56""}",2026-03-24 18:34:50.184813+00
3177,ruth-pws-klga-20260324-183450182,wendy,KLGA,info,signal,"PWS already anticipated 46-47°F, skipping duplicate buy",,2026-03-24 18:34:50.185262+00
3178,ruth-pws-kmia-20260324-183450367,wendy,KMIA,info,signal,"PWS anticipation: STRONG (score=0.807), METAR 82.0°F → estimated 83.6°F, bucket 82-83°F → 84-85°F","{""gap"": ""1.81"", ""conf"": ""1.00"", ""ramp"": ""-1.82"", ""score"": 0.8074999999999998, ""current"": ""82-83°F"", ""predicted"": ""84-85°F"", ""tEstimated"": ""28.67""}",2026-03-24 18:34:50.370091+00
3179,ruth-pws-kmia-20260324-183450367,wendy,KMIA,info,signal,"PWS already anticipated 84-85°F, skipping duplicate buy",,2026-03-24 18:34:50.370297+00
3180,ruth-pws-katl-20260324-183450525,wendy,KATL,info,signal,"PWS anticipation: STRONG (score=1.000), METAR 64.9°F → estimated 69.6°F, bucket 64-65°F → 70-71°F","{""gap"": ""1.87"", ""conf"": ""1.00"", ""ramp"": ""3.18"", ""score"": 1, ""current"": ""64-65°F"", ""predicted"": ""70-71°F"", ""tEstimated"": ""20.89""}",2026-03-24 18:34:50.528523+00
3181,ruth-pws-katl-20260324-183450525,wendy,KATL,info,signal,"PWS already anticipated 68-69°F, skipping duplicate buy",,2026-03-24 18:34:50.529184+00
3182,ruth-pws-kord-20260324-183550123,wendy,KORD,info,signal,"PWS already anticipated 48-49°F, skipping duplicate buy",,2026-03-24 18:35:50.137314+00
3183,ruth-pws-kord-20260324-183550123,wendy,KORD,info,signal,"PWS anticipation: STRONG (score=0.830), METAR 45.0°F → estimated 47.5°F, bucket 44-45°F → 46-47°F","{""gap"": ""1.02"", ""conf"": ""1.00"", ""ramp"": ""1.94"", ""score"": 0.8299999999999998, ""current"": ""44-45°F"", ""predicted"": ""46-47°F"", ""tEstimated"": ""8.60""}",2026-03-24 18:35:50.139581+00
3184,ruth-pws-klga-20260324-183550343,wendy,KLGA,info,signal,"PWS anticipation: STRONG (score=1.000), METAR 44.1°F → estimated 49.1°F, bucket 44-45°F → 48-49°F","{""gap"": ""2.30"", ""conf"": ""1.00"", ""ramp"": ""3.96"", ""score"": 1, ""current"": ""44-45°F"", ""predicted"": ""48-49°F"", ""tEstimated"": ""9.50""}",2026-03-24 18:35:50.345482+00
3185,ruth-pws-klga-20260324-183550343,wendy,KLGA,info,signal,"PWS already anticipated 46-47°F, skipping duplicate buy",,2026-03-24 18:35:50.346152+00
3186,ruth-pws-kmia-20260324-183550498,wendy,KMIA,info,signal,"PWS anticipation: STRONG (score=0.807), METAR 82.0°F → estimated 84.1°F, bucket 82-83°F → 84-85°F","{""gap"": ""1.81"", ""conf"": ""1.00"", ""ramp"": ""-0.91"", ""score"": 0.8074999999999998, ""current"": ""82-83°F"", ""predicted"": ""84-85°F"", ""tEstimated"": ""28.95""}",2026-03-24 18:35:50.501495+00
3187,ruth-pws-kmia-20260324-183550498,wendy,KMIA,info,signal,"PWS already anticipated 84-85°F, skipping duplicate buy",,2026-03-24 18:35:50.502094+00
3188,ruth-pws-katl-20260324-183550643,wendy,KATL,info,signal,"PWS anticipation: STRONG (score=1.000), METAR 64.9°F → estimated 70.5°F, bucket 64-65°F → 70-71°F","{""gap"": ""2.20"", ""conf"": ""1.00"", ""ramp"": ""4.00"", ""score"": 1, ""current"": ""64-65°F"", ""predicted"": ""70-71°F"", ""tEstimated"": ""21.37""}",2026-03-24 18:35:50.64526+00
3189,ruth-pws-katl-20260324-183550643,wendy,KATL,info,signal,"PWS already anticipated 68-69°F, skipping duplicate buy",,2026-03-24 18:35:50.645876+00
3190,ruth-pws-kdal-20260324-183649862,wendy,KDAL,info,signal,"PWS anticipation: STRONG (score=0.873), METAR 75.9°F → estimated 78.1°F, bucket 76-77°F → 78-79°F","{""gap"": ""2.10"", ""conf"": ""1.00"", ""ramp"": ""-0.82"", ""score"": 0.8725000000000003, ""current"": ""76-77°F"", ""predicted"": ""78-79°F"", ""tEstimated"": ""25.62""}",2026-03-24 18:36:49.881606+00
3191,ruth-pws-kdal-20260324-183649862,wendy,KDAL,info,guard,"PWS guards blocked: price_out_of_range | estimated 78.1°F, bucket 78-79°F, price 0.00",,2026-03-24 18:36:49.895451+00
3192,ruth-pws-kord-20260324-183650048,wendy,KORD,info,signal,"PWS anticipation: STRONG (score=0.843), METAR 45.0°F → estimated 47.5°F, bucket 44-45°F → 48-49°F","{""gap"": ""1.08"", ""conf"": ""1.00"", ""ramp"": ""1.85"", ""score"": 0.8425000000000002, ""current"": ""44-45°F"", ""predicted"": ""48-49°F"", ""tEstimated"": ""8.62""}",2026-03-24 18:36:50.05238+00
3193,ruth-pws-kord-20260324-183650048,wendy,KORD,info,signal,"PWS already anticipated 48-49°F, skipping duplicate buy",,2026-03-24 18:36:50.061732+00
3194,ruth-pws-klga-20260324-183650206,wendy,KLGA,info,signal,"PWS anticipation: STRONG (score=1.000), METAR 44.1°F → estimated 49.3°F, bucket 44-45°F → 48-49°F","{""gap"": ""2.41"", ""conf"": ""1.00"", ""ramp"": ""4.00"", ""score"": 1, ""current"": ""44-45°F"", ""predicted"": ""48-49°F"", ""tEstimated"": ""9.59""}",2026-03-24 18:36:50.208509+00
3195,ruth-pws-klga-20260324-183650206,wendy,KLGA,info,signal,"PWS already anticipated 46-47°F, skipping duplicate buy",,2026-03-24 18:36:50.208877+00
3196,ruth-pws-kmia-20260324-183650388,wendy,KMIA,info,signal,"PWS anticipation: STRONG (score=0.807), METAR 82.0°F → estimated 84.2°F, bucket 82-83°F → 84-85°F","{""gap"": ""1.81"", ""conf"": ""1.00"", ""ramp"": ""-0.76"", ""score"": 0.8074999999999998, ""current"": ""82-83°F"", ""predicted"": ""84-85°F"", ""tEstimated"": ""28.99""}",2026-03-24 18:36:50.393022+00
3197,ruth-pws-kmia-20260324-183650388,wendy,KMIA,info,signal,"PWS already anticipated 84-85°F, skipping duplicate buy",,2026-03-24 18:36:50.394352+00
3198,ruth-pws-katl-20260324-183650617,wendy,KATL,info,signal,"PWS anticipation: STRONG (score=1.000), METAR 64.9°F → estimated 70.6°F, bucket 64-65°F → 70-71°F","{""gap"": ""2.20"", ""conf"": ""1.00"", ""ramp"": ""4.18"", ""score"": 1, ""current"": ""64-65°F"", ""predicted"": ""70-71°F"", ""tEstimated"": ""21.42""}",2026-03-24 18:36:50.620901+00
3199,ruth-pws-katl-20260324-183650617,wendy,KATL,info,signal,"PWS already anticipated 68-69°F, skipping duplicate buy",,2026-03-24 18:36:50.621165+00
3200,ruth-pws-kdal-20260324-183749863,wendy,KDAL,info,signal,"PWS anticipation: STRONG (score=1.000), METAR 75.9°F → estimated 79.2°F, bucket 76-77°F → 78-79°F","{""gap"": ""2.38"", ""conf"": ""1.00"", ""ramp"": ""0.52"", ""score"": 1, ""current"": ""76-77°F"", ""predicted"": ""78-79°F"", ""tEstimated"": ""26.22""}",2026-03-24 18:37:49.873405+00
3201,ruth-pws-kdal-20260324-183749863,wendy,KDAL,info,guard,"PWS guards blocked: price_out_of_range | estimated 79.2°F, bucket 78-79°F, price 0.00",,2026-03-24 18:37:49.87793+00
3202,ruth-pws-kord-20260324-183750051,wendy,KORD,info,signal,"PWS anticipation: STRONG (score=0.843), METAR 45.0°F → estimated 47.4°F, bucket 44-45°F → 46-47°F","{""gap"": ""1.08"", ""conf"": ""1.00"", ""ramp"": ""1.73"", ""score"": 0.8425000000000002, ""current"": ""44-45°F"", ""predicted"": ""46-47°F"", ""tEstimated"": ""8.58""}",2026-03-24 18:37:50.054115+00
3203,ruth-pws-kord-20260324-183750051,wendy,KORD,info,signal,"PWS already anticipated 48-49°F, skipping duplicate buy",,2026-03-24 18:37:50.055247+00
3204,ruth-pws-klga-20260324-183750228,wendy,KLGA,info,signal,"PWS anticipation: STRONG (score=1.000), METAR 44.1°F → estimated 50.0°F, bucket 44-45°F → 50-51°F","{""gap"": ""2.52"", ""conf"": ""1.00"", ""ramp"": ""5.09"", ""score"": 1, ""current"": ""44-45°F"", ""predicted"": ""50-51°F"", ""tEstimated"": ""9.99""}",2026-03-24 18:37:50.231499+00
3205,ruth-pws-klga-20260324-183750228,wendy,KLGA,info,signal,"PWS already anticipated 46-47°F, skipping duplicate buy",,2026-03-24 18:37:50.231873+00
3206,ruth-pws-kmia-20260324-183750381,wendy,KMIA,info,signal,"PWS anticipation: STRONG (score=0.808), METAR 82.0°F → estimated 84.6°F, bucket 82-83°F → 84-85°F","{""gap"": ""1.81"", ""conf"": ""1.00"", ""ramp"": ""0.00"", ""score"": 0.8075000000000336, ""current"": ""82-83°F"", ""predicted"": ""84-85°F"", ""tEstimated"": ""29.22""}",2026-03-24 18:37:50.384637+00
3207,ruth-pws-kmia-20260324-183750381,wendy,KMIA,info,signal,"PWS already anticipated 84-85°F, skipping duplicate buy",,2026-03-24 18:37:50.38508+00
3208,ruth-pws-katl-20260324-183750550,wendy,KATL,info,signal,"PWS already anticipated 68-69°F, skipping duplicate buy",,2026-03-24 18:37:50.553885+00
3209,ruth-pws-katl-20260324-183750550,wendy,KATL,info,signal,"PWS anticipation: STRONG (score=1.000), METAR 64.9°F → estimated 70.7°F, bucket 64-65°F → 70-71°F","{""gap"": ""2.20"", ""conf"": ""1.00"", ""ramp"": ""4.36"", ""score"": 1, ""current"": ""64-65°F"", ""predicted"": ""70-71°F"", ""tEstimated"": ""21.48""}",2026-03-24 18:37:50.553896+00
3210,ruth-pws-kdal-20260324-183849822,wendy,KDAL,info,signal,"PWS anticipation: STRONG (score=1.000), METAR 75.9°F → estimated 80.3°F, bucket 76-77°F → 80-81°F","{""gap"": ""2.49"", ""conf"": ""1.00"", ""ramp"": ""2.30"", ""score"": 1, ""current"": ""76-77°F"", ""predicted"": ""80-81°F"", ""tEstimated"": ""26.83""}",2026-03-24 18:38:49.83529+00
3211,ruth-pws-kdal-20260324-183849822,wendy,KDAL,info,guard,"PWS guards blocked: price_out_of_range | estimated 80.3°F, bucket 80-81°F, price 0.07",,2026-03-24 18:38:49.839113+00
3212,ruth-pws-kord-20260324-183849880,wendy,KORD,info,signal,"PWS anticipation: STRONG (score=0.843), METAR 45.0°F → estimated 47.3°F, bucket 44-45°F → 46-47°F","{""gap"": ""1.08"", ""conf"": ""1.00"", ""ramp"": ""1.45"", ""score"": 0.8425000000000002, ""current"": ""44-45°F"", ""predicted"": ""46-47°F"", ""tEstimated"": ""8.50""}",2026-03-24 18:38:49.884197+00
3213,ruth-pws-kord-20260324-183849880,wendy,KORD,info,signal,"PWS already anticipated 48-49°F, skipping duplicate buy",,2026-03-24 18:38:49.884257+00
3214,ruth-pws-klga-20260324-183850030,wendy,KLGA,info,signal,"PWS anticipation: STRONG (score=1.000), METAR 44.1°F → estimated 51.4°F, bucket 44-45°F → 50-51°F","{""gap"": ""3.02"", ""conf"": ""1.00"", ""ramp"": ""6.55"", ""score"": 1, ""current"": ""44-45°F"", ""predicted"": ""50-51°F"", ""tEstimated"": ""10.78""}",2026-03-24 18:38:50.034795+00
3215,ruth-pws-klga-20260324-183850030,wendy,KLGA,info,signal,"PWS already anticipated 46-47°F, skipping duplicate buy",,2026-03-24 18:38:50.035018+00
3216,ruth-pws-kmia-20260324-183850228,wendy,KMIA,info,signal,"PWS anticipation: STRONG (score=0.808), METAR 82.0°F → estimated 84.6°F, bucket 82-83°F → 84-85°F","{""gap"": ""1.81"", ""conf"": ""1.00"", ""ramp"": ""0.00"", ""score"": 0.8075000000000675, ""current"": ""82-83°F"", ""predicted"": ""84-85°F"", ""tEstimated"": ""29.22""}",2026-03-24 18:38:50.231625+00
3217,ruth-pws-kmia-20260324-183850228,wendy,KMIA,info,signal,"PWS already anticipated 84-85°F, skipping duplicate buy",,2026-03-24 18:38:50.232007+00
3218,ruth-pws-katl-20260324-183850410,wendy,KATL,info,signal,"PWS anticipation: STRONG (score=1.000), METAR 64.9°F → estimated 70.6°F, bucket 64-65°F → 70-71°F","{""gap"": ""2.20"", ""conf"": ""1.00"", ""ramp"": ""4.18"", ""score"": 1, ""current"": ""64-65°F"", ""predicted"": ""70-71°F"", ""tEstimated"": ""21.42""}",2026-03-24 18:38:50.413326+00
3219,ruth-pws-katl-20260324-183850410,wendy,KATL,info,signal,"PWS already anticipated 68-69°F, skipping duplicate buy",,2026-03-24 18:38:50.413861+00
3220,ruth-pws-kdal-20260324-183949855,wendy,KDAL,info,signal,"PWS anticipation: STRONG (score=1.000), METAR 75.9°F → estimated 81.0°F, bucket 76-77°F → 80-81°F","{""gap"": ""2.49"", ""conf"": ""1.00"", ""ramp"": ""3.52"", ""score"": 1, ""current"": ""76-77°F"", ""predicted"": ""80-81°F"", ""tEstimated"": ""27.20""}",2026-03-24 18:39:49.870488+00
3221,ruth-pws-kdal-20260324-183949855,wendy,KDAL,info,guard,"PWS guards blocked: price_out_of_range | estimated 81.0°F, bucket 80-81°F, price 0.08",,2026-03-24 18:39:49.889527+00
3222,ruth-pws-kord-20260324-183950032,wendy,KORD,info,signal,"PWS anticipation: STRONG (score=0.806), METAR 45.0°F → estimated 46.9°F, bucket 44-45°F → 46-47°F","{""gap"": ""1.02"", ""conf"": ""1.00"", ""ramp"": ""0.88"", ""score"": 0.8057456766112154, ""current"": ""44-45°F"", ""predicted"": ""46-47°F"", ""tEstimated"": ""8.28""}",2026-03-24 18:39:50.036947+00
3223,ruth-pws-kord-20260324-183950032,wendy,KORD,info,signal,"PWS already anticipated 48-49°F, skipping duplicate buy",,2026-03-24 18:39:50.054722+00
3224,ruth-pws-klga-20260324-183950183,wendy,KLGA,info,signal,"PWS already anticipated 46-47°F, skipping duplicate buy",,2026-03-24 18:39:50.186974+00
3225,ruth-pws-klga-20260324-183950183,wendy,KLGA,info,signal,"PWS anticipation: STRONG (score=1.000), METAR 44.1°F → estimated 52.6°F, bucket 44-45°F → 52-53°F","{""gap"": ""3.30"", ""conf"": ""1.00"", ""ramp"": ""8.09"", ""score"": 1, ""current"": ""44-45°F"", ""predicted"": ""52-53°F"", ""tEstimated"": ""11.44""}",2026-03-24 18:39:50.187394+00
3226,ruth-pws-kmia-20260324-183950360,wendy,KMIA,info,signal,"PWS anticipation: STRONG (score=0.807), METAR 82.0°F → estimated 84.6°F, bucket 82-83°F → 84-85°F","{""gap"": ""1.81"", ""conf"": ""1.00"", ""ramp"": ""0.00"", ""score"": 0.8074999999999998, ""current"": ""82-83°F"", ""predicted"": ""84-85°F"", ""tEstimated"": ""29.22""}",2026-03-24 18:39:50.36302+00
3227,ruth-pws-kmia-20260324-183950360,wendy,KMIA,info,signal,"PWS already anticipated 84-85°F, skipping duplicate buy",,2026-03-24 18:39:50.363559+00
3228,ruth-pws-katl-20260324-183950591,wendy,KATL,info,signal,"PWS anticipation: STRONG (score=1.000), METAR 64.9°F → estimated 70.3°F, bucket 64-65°F → 70-71°F","{""gap"": ""2.20"", ""conf"": ""1.00"", ""ramp"": ""3.64"", ""score"": 1, ""current"": ""64-65°F"", ""predicted"": ""70-71°F"", ""tEstimated"": ""21.26""}",2026-03-24 18:39:50.593844+00
3229,ruth-pws-katl-20260324-183950591,wendy,KATL,info,signal,"PWS already anticipated 68-69°F, skipping duplicate buy",,2026-03-24 18:39:50.594663+00
3230,ruth-pws-cyyz-20260324-183951166,wendy,CYYZ,info,signal,"PWS anticipation: STRONG (score=0.650), METAR 3.0°C → estimated 3.5°C, bucket 3°C → 4°C","{""gap"": ""0.22"", ""conf"": ""1.00"", ""ramp"": ""1.33"", ""score"": 0.6499999999999997, ""current"": ""3°C"", ""predicted"": ""4°C"", ""tEstimated"": ""3.51""}",2026-03-24 18:39:51.169139+00
3231,ruth-pws-cyyz-20260324-183951166,wendy,CYYZ,info,guard,"PWS guards blocked: border_zone | estimated 3.5°C, bucket 4°C, price 0.32",,2026-03-24 18:39:51.183979+00
3232,ruth-pws-kdal-20260324-184049812,wendy,KDAL,info,signal,"PWS anticipation: STRONG (score=1.000), METAR 75.9°F → estimated 80.9°F, bucket 76-77°F → 80-81°F","{""gap"": ""2.21"", ""conf"": ""1.00"", ""ramp"": ""4.06"", ""score"": 1, ""current"": ""76-77°F"", ""predicted"": ""80-81°F"", ""tEstimated"": ""27.17""}",2026-03-24 18:40:49.838193+00
3233,ruth-pws-kdal-20260324-184049812,wendy,KDAL,info,guard,"PWS guards blocked: price_out_of_range | estimated 80.9°F, bucket 80-81°F, price 0.08",,2026-03-24 18:40:49.841332+00
3234,ruth-pws-kord-20260324-184049984,wendy,KORD,info,signal,"PWS anticipation: STRONG (score=0.666), METAR 45.0°F → estimated 46.5°F, bucket 44-45°F → 46-47°F","{""gap"": ""1.02"", ""conf"": ""1.00"", ""ramp"": ""0.18"", ""score"": 0.6663601615711556, ""current"": ""44-45°F"", ""predicted"": ""46-47°F"", ""tEstimated"": ""8.07""}",2026-03-24 18:40:49.986954+00
3235,ruth-pws-kord-20260324-184049984,wendy,KORD,info,signal,"PWS already anticipated 48-49°F, skipping duplicate buy",,2026-03-24 18:40:49.987533+00
3236,ruth-pws-klga-20260324-184050153,wendy,KLGA,info,signal,"PWS anticipation: STRONG (score=1.000), METAR 44.1°F → estimated 52.7°F, bucket 44-45°F → 52-53°F","{""gap"": ""3.19"", ""conf"": ""1.00"", ""ramp"": ""8.52"", ""score"": 1, ""current"": ""44-45°F"", ""predicted"": ""52-53°F"", ""tEstimated"": ""11.49""}",2026-03-24 18:40:50.155985+00
3237,ruth-pws-klga-20260324-184050153,wendy,KLGA,info,signal,"PWS already anticipated 46-47°F, skipping duplicate buy",,2026-03-24 18:40:50.156266+00
3238,ruth-pws-kmia-20260324-184050320,wendy,KMIA,info,signal,"PWS already anticipated 84-85°F, skipping duplicate buy",,2026-03-24 18:40:50.323421+00
3239,ruth-pws-kmia-20260324-184050320,wendy,KMIA,info,signal,"PWS anticipation: STRONG (score=0.808), METAR 82.0°F → estimated 84.6°F, bucket 82-83°F → 84-85°F","{""gap"": ""1.81"", ""conf"": ""1.00"", ""ramp"": ""0.00"", ""score"": 0.8075000000000336, ""current"": ""82-83°F"", ""predicted"": ""84-85°F"", ""tEstimated"": ""29.22""}",2026-03-24 18:40:50.323903+00
3240,ruth-pws-katl-20260324-184050472,wendy,KATL,info,signal,"PWS anticipation: STRONG (score=1.000), METAR 64.9°F → estimated 69.5°F, bucket 64-65°F → 68-69°F","{""gap"": ""2.09"", ""conf"": ""1.00"", ""ramp"": ""2.42"", ""score"": 1, ""current"": ""64-65°F"", ""predicted"": ""68-69°F"", ""tEstimated"": ""20.82""}",2026-03-24 18:40:50.476517+00
3241,ruth-pws-katl-20260324-184050472,wendy,KATL,info,signal,"PWS already anticipated 68-69°F, skipping duplicate buy",,2026-03-24 18:40:50.476773+00
3242,ruth-pws-ksea-20260324-184149657,wendy,KSEA,info,signal,"PWS anticipation: STRONG (score=0.780), METAR 44.1°F → estimated 45.7°F, bucket 44-45°F → 46-47°F","{""gap"": ""0.80"", ""conf"": ""1.00"", ""ramp"": ""1.23"", ""score"": 0.78, ""current"": ""44-45°F"", ""predicted"": ""46-47°F"", ""tEstimated"": ""7.63""}",2026-03-24 18:41:49.673262+00
3243,ruth-pws-ksea-20260324-184149657,wendy,KSEA,info,guard,"PWS guards blocked: price_out_of_range | estimated 45.7°F, bucket 46-47°F, price 0.01",,2026-03-24 18:41:49.678414+00
3244,ruth-pws-kdal-20260324-184149812,wendy,KDAL,info,signal,"PWS anticipation: STRONG (score=1.000), METAR 75.9°F → estimated 80.5°F, bucket 76-77°F → 80-81°F","{""gap"": ""2.10"", ""conf"": ""1.00"", ""ramp"": ""3.52"", ""score"": 1, ""current"": ""76-77°F"", ""predicted"": ""80-81°F"", ""tEstimated"": ""26.92""}",2026-03-24 18:41:49.816525+00
3245,ruth-pws-kdal-20260324-184149812,wendy,KDAL,info,guard,"PWS guards blocked: price_out_of_range | estimated 80.5°F, bucket 80-81°F, price 0.08",,2026-03-24 18:41:49.819153+00
3246,ruth-pws-kord-20260324-184149957,wendy,KORD,info,signal,"PWS anticipation: STRONG (score=0.648), METAR 45.0°F → estimated 46.5°F, bucket 44-45°F → 46-47°F","{""gap"": ""1.02"", ""conf"": ""1.00"", ""ramp"": ""0.09"", ""score"": 0.6481795955408806, ""current"": ""44-45°F"", ""predicted"": ""46-47°F"", ""tEstimated"": ""8.05""}",2026-03-24 18:41:49.963971+00
3247,ruth-pws-kord-20260324-184149957,wendy,KORD,info,signal,"PWS already anticipated 48-49°F, skipping duplicate buy",,2026-03-24 18:41:49.96436+00
3248,ruth-pws-klga-20260324-184150111,wendy,KLGA,info,signal,"PWS anticipation: STRONG (score=1.000), METAR 44.1°F → estimated 50.7°F, bucket 44-45°F → 50-51°F","{""gap"": ""2.80"", ""conf"": ""1.00"", ""ramp"": ""5.85"", ""score"": 1, ""current"": ""44-45°F"", ""predicted"": ""50-51°F"", ""tEstimated"": ""10.41""}",2026-03-24 18:41:50.114521+00
3249,ruth-pws-klga-20260324-184150111,wendy,KLGA,info,signal,"PWS already anticipated 46-47°F, skipping duplicate buy",,2026-03-24 18:41:50.115055+00
3251,ruth-pws-kmia-20260324-184150260,wendy,KMIA,info,signal,"PWS anticipation: STRONG (score=0.808), METAR 82.0°F → estimated 84.6°F, bucket 82-83°F → 84-85°F","{""gap"": ""1.81"", ""conf"": ""1.00"", ""ramp"": ""0.00"", ""score"": 0.8075000000000336, ""current"": ""82-83°F"", ""predicted"": ""84-85°F"", ""tEstimated"": ""29.22""}",2026-03-24 18:41:50.263801+00
3250,ruth-pws-kmia-20260324-184150260,wendy,KMIA,info,signal,"PWS already anticipated 84-85°F, skipping duplicate buy",,2026-03-24 18:41:50.263872+00
3252,ruth-pws-katl-20260324-184150407,wendy,KATL,info,signal,"PWS anticipation: STRONG (score=1.000), METAR 64.9°F → estimated 69.2°F, bucket 64-65°F → 68-69°F","{""gap"": ""2.09"", ""conf"": ""1.00"", ""ramp"": ""2.00"", ""score"": 1, ""current"": ""64-65°F"", ""predicted"": ""68-69°F"", ""tEstimated"": ""20.69""}",2026-03-24 18:41:50.410698+00
3253,ruth-pws-katl-20260324-184150407,wendy,KATL,info,signal,"PWS already anticipated 68-69°F, skipping duplicate buy",,2026-03-24 18:41:50.411178+00
3254,ruth-metar-ksea-20260324-184241852,wendy,KSEA,info,signal,"METAR: 6.7°C, max=6.7°C, bucket=44-45°F","{""prevBucket"": ""44-45°F""}",2026-03-24 18:42:41.866112+00
3255,ruth-pws-ksea-20260324-184249630,wendy,KSEA,info,signal,"PWS anticipation: STRONG (score=0.793), METAR 44.1°F → estimated 46.0°F, bucket 44-45°F → 46-47°F","{""gap"": ""0.86"", ""conf"": ""1.00"", ""ramp"": ""1.52"", ""score"": 0.7925000000000002, ""current"": ""44-45°F"", ""predicted"": ""46-47°F"", ""tEstimated"": ""7.75""}",2026-03-24 18:42:49.635011+00
3256,ruth-pws-ksea-20260324-184249630,wendy,KSEA,info,guard,"PWS guards blocked: price_out_of_range | estimated 46.0°F, bucket 46-47°F, price 0.01",,2026-03-24 18:42:49.665663+00
3257,ruth-pws-kdal-20260324-184249818,wendy,KDAL,info,signal,"PWS anticipation: STRONG (score=1.000), METAR 75.9°F → estimated 79.2°F, bucket 76-77°F → 78-79°F","{""gap"": ""1.82"", ""conf"": ""1.00"", ""ramp"": ""1.74"", ""score"": 1, ""current"": ""76-77°F"", ""predicted"": ""78-79°F"", ""tEstimated"": ""26.20""}",2026-03-24 18:42:49.821885+00
3258,ruth-pws-kdal-20260324-184249818,wendy,KDAL,info,guard,"PWS guards blocked: price_out_of_range | estimated 79.2°F, bucket 78-79°F, price 0.00",,2026-03-24 18:42:49.835157+00
3259,ruth-pws-kord-20260324-184249991,wendy,KORD,info,signal,"PWS anticipation: STRONG (score=0.605), METAR 45.0°F → estimated 46.0°F, bucket 44-45°F → 46-47°F","{""gap"": ""0.91"", ""conf"": ""1.00"", ""ramp"": ""-0.42"", ""score"": 0.605, ""current"": ""44-45°F"", ""predicted"": ""46-47°F"", ""tEstimated"": ""7.80""}",2026-03-24 18:42:49.996581+00
3260,ruth-pws-kord-20260324-184249991,wendy,KORD,info,signal,"PWS already anticipated 48-49°F, skipping duplicate buy",,2026-03-24 18:42:50.007007+00
3261,ruth-pws-klga-20260324-184250146,wendy,KLGA,info,signal,"PWS anticipation: STRONG (score=1.000), METAR 44.1°F → estimated 50.5°F, bucket 44-45°F → 50-51°F","{""gap"": ""2.80"", ""conf"": ""1.00"", ""ramp"": ""5.33"", ""score"": 1, ""current"": ""44-45°F"", ""predicted"": ""50-51°F"", ""tEstimated"": ""10.26""}",2026-03-24 18:42:50.149283+00
3262,ruth-pws-klga-20260324-184250146,wendy,KLGA,info,signal,"PWS already anticipated 46-47°F, skipping duplicate buy",,2026-03-24 18:42:50.1498+00
3263,ruth-pws-kmia-20260324-184250488,wendy,KMIA,info,signal,"PWS anticipation: STRONG (score=0.807), METAR 82.0°F → estimated 84.6°F, bucket 82-83°F → 84-85°F","{""gap"": ""1.81"", ""conf"": ""1.00"", ""ramp"": ""0.00"", ""score"": 0.8074999999999998, ""current"": ""82-83°F"", ""predicted"": ""84-85°F"", ""tEstimated"": ""29.22""}",2026-03-24 18:42:50.49124+00
3264,ruth-pws-kmia-20260324-184250488,wendy,KMIA,info,signal,"PWS already anticipated 84-85°F, skipping duplicate buy",,2026-03-24 18:42:50.491642+00
3265,ruth-pws-katl-20260324-184250645,wendy,KATL,info,signal,"PWS anticipation: STRONG (score=1.000), METAR 64.9°F → estimated 68.8°F, bucket 64-65°F → 68-69°F","{""gap"": ""2.09"", ""conf"": ""1.00"", ""ramp"": ""1.09"", ""score"": 1, ""current"": ""64-65°F"", ""predicted"": ""68-69°F"", ""tEstimated"": ""20.42""}",2026-03-24 18:42:50.648868+00
3266,ruth-pws-katl-20260324-184250645,wendy,KATL,info,signal,"PWS already anticipated 68-69°F, skipping duplicate buy",,2026-03-24 18:42:50.649388+00
3267,ruth-pws-ksea-20260324-184349677,wendy,KSEA,info,signal,"PWS anticipation: STRONG (score=0.805), METAR 44.1°F → estimated 46.5°F, bucket 44-45°F → 46-47°F","{""gap"": ""0.91"", ""conf"": ""1.00"", ""ramp"": ""2.40"", ""score"": 0.8050000000000002, ""current"": ""44-45°F"", ""predicted"": ""46-47°F"", ""tEstimated"": ""8.06""}",2026-03-24 18:43:49.707232+00
3268,ruth-pws-ksea-20260324-184349677,wendy,KSEA,info,guard,"PWS guards blocked: price_out_of_range | estimated 46.5°F, bucket 46-47°F, price 0.01",,2026-03-24 18:43:49.708934+00
3269,ruth-pws-kdal-20260324-184349937,wendy,KDAL,info,signal,"PWS anticipation: STRONG (score=0.823), METAR 75.9°F → estimated 78.2°F, bucket 76-77°F → 78-79°F","{""gap"": ""1.88"", ""conf"": ""1.00"", ""ramp"": ""-0.18"", ""score"": 0.8225000000000005, ""current"": ""76-77°F"", ""predicted"": ""78-79°F"", ""tEstimated"": ""25.66""}",2026-03-24 18:43:49.94139+00
3270,ruth-pws-kdal-20260324-184349937,wendy,KDAL,info,guard,"PWS guards blocked: price_out_of_range | estimated 78.2°F, bucket 78-79°F, price 0.00",,2026-03-24 18:43:49.945011+00
3271,ruth-pws-kord-20260324-184350084,wendy,KORD,info,signal,"PWS anticipation: STRONG (score=0.592), METAR 45.0°F → estimated 45.6°F, bucket 44-45°F → 46-47°F","{""gap"": ""0.86"", ""conf"": ""1.00"", ""ramp"": ""-1.01"", ""score"": 0.5924999999999999, ""current"": ""44-45°F"", ""predicted"": ""46-47°F"", ""tEstimated"": ""7.58""}",2026-03-24 18:43:50.087813+00
3272,ruth-pws-kord-20260324-184350084,wendy,KORD,info,signal,"PWS already anticipated 48-49°F, skipping duplicate buy",,2026-03-24 18:43:50.088157+00
3273,ruth-pws-klga-20260324-184350255,wendy,KLGA,info,signal,"PWS anticipation: STRONG (score=1.000), METAR 44.1°F → estimated 50.0°F, bucket 44-45°F → 50-51°F","{""gap"": ""2.80"", ""conf"": ""1.00"", ""ramp"": ""4.44"", ""score"": 1, ""current"": ""44-45°F"", ""predicted"": ""50-51°F"", ""tEstimated"": ""9.99""}",2026-03-24 18:43:50.259453+00
3274,ruth-pws-klga-20260324-184350255,wendy,KLGA,info,signal,"PWS already anticipated 46-47°F, skipping duplicate buy",,2026-03-24 18:43:50.259849+00
3275,ruth-pws-kmia-20260324-184350424,wendy,KMIA,info,signal,"PWS anticipation: STRONG (score=0.807), METAR 82.0°F → estimated 84.6°F, bucket 82-83°F → 84-85°F","{""gap"": ""1.81"", ""conf"": ""1.00"", ""ramp"": ""-0.00"", ""score"": 0.8074999999999998, ""current"": ""82-83°F"", ""predicted"": ""84-85°F"", ""tEstimated"": ""29.22""}",2026-03-24 18:43:50.426551+00
3276,ruth-pws-kmia-20260324-184350424,wendy,KMIA,info,signal,"PWS already anticipated 84-85°F, skipping duplicate buy",,2026-03-24 18:43:50.426995+00
3277,ruth-pws-katl-20260324-184350621,wendy,KATL,info,signal,"PWS anticipation: STRONG (score=0.894), METAR 64.9°F → estimated 68.2°F, bucket 64-65°F → 68-69°F","{""gap"": ""2.09"", ""conf"": ""1.00"", ""ramp"": ""0.12"", ""score"": 0.8942748505034309, ""current"": ""64-65°F"", ""predicted"": ""68-69°F"", ""tEstimated"": ""20.13""}",2026-03-24 18:43:50.624196+00
3278,ruth-pws-katl-20260324-184350621,wendy,KATL,info,signal,"PWS already anticipated 68-69°F, skipping duplicate buy",,2026-03-24 18:43:50.624655+00
3279,ruth-pws-ksea-20260324-184449663,wendy,KSEA,info,signal,"PWS anticipation: STRONG (score=0.805), METAR 44.1°F → estimated 46.6°F, bucket 44-45°F → 46-47°F","{""gap"": ""0.91"", ""conf"": ""1.00"", ""ramp"": ""2.65"", ""score"": 0.8050000000000002, ""current"": ""44-45°F"", ""predicted"": ""46-47°F"", ""tEstimated"": ""8.13""}",2026-03-24 18:44:49.680252+00
3280,ruth-pws-ksea-20260324-184449663,wendy,KSEA,info,guard,"PWS guards blocked: price_out_of_range | estimated 46.6°F, bucket 46-47°F, price 0.01",,2026-03-24 18:44:49.684727+00
3281,ruth-pws-kdal-20260324-184449838,wendy,KDAL,info,signal,"PWS anticipation: STRONG (score=0.810), METAR 75.9°F → estimated 77.7°F, bucket 76-77°F → 78-79°F","{""gap"": ""1.82"", ""conf"": ""1.00"", ""ramp"": ""-0.94"", ""score"": 0.8100000000000002, ""current"": ""76-77°F"", ""predicted"": ""78-79°F"", ""tEstimated"": ""25.39""}",2026-03-24 18:44:49.840791+00
3282,ruth-pws-kdal-20260324-184449838,wendy,KDAL,info,guard,"PWS guards blocked: price_out_of_range | estimated 77.7°F, bucket 78-79°F, price 0.00",,2026-03-24 18:44:49.842901+00
3283,ruth-pws-kord-20260324-184449990,wendy,KORD,info,signal,"PWS anticipation: STRONG (score=0.605), METAR 45.0°F → estimated 45.7°F, bucket 44-45°F → 46-47°F","{""gap"": ""0.91"", ""conf"": ""1.00"", ""ramp"": ""-1.03"", ""score"": 0.605, ""current"": ""44-45°F"", ""predicted"": ""46-47°F"", ""tEstimated"": ""7.62""}",2026-03-24 18:44:49.992533+00
3284,ruth-pws-kord-20260324-184449990,wendy,KORD,info,signal,"PWS already anticipated 48-49°F, skipping duplicate buy",,2026-03-24 18:44:49.993267+00
3285,ruth-pws-klga-20260324-184450133,wendy,KLGA,info,signal,"PWS anticipation: STRONG (score=1.000), METAR 44.1°F → estimated 50.1°F, bucket 44-45°F → 50-51°F","{""gap"": ""3.02"", ""conf"": ""1.00"", ""ramp"": ""4.09"", ""score"": 1, ""current"": ""44-45°F"", ""predicted"": ""50-51°F"", ""tEstimated"": ""10.04""}",2026-03-24 18:44:50.137193+00
3286,ruth-pws-klga-20260324-184450133,wendy,KLGA,info,signal,"PWS already anticipated 46-47°F, skipping duplicate buy",,2026-03-24 18:44:50.138989+00
3287,ruth-pws-kmia-20260324-184450275,wendy,KMIA,info,signal,"PWS anticipation: STRONG (score=0.807), METAR 82.0°F → estimated 84.6°F, bucket 82-83°F → 84-85°F","{""gap"": ""1.81"", ""conf"": ""1.00"", ""ramp"": ""0.00"", ""score"": 0.8074999999999998, ""current"": ""82-83°F"", ""predicted"": ""84-85°F"", ""tEstimated"": ""29.22""}",2026-03-24 18:44:50.278379+00
3288,ruth-pws-kmia-20260324-184450275,wendy,KMIA,info,signal,"PWS already anticipated 84-85°F, skipping duplicate buy",,2026-03-24 18:44:50.278562+00
3289,ruth-pws-katl-20260324-184450407,wendy,KATL,info,signal,"PWS anticipation: STRONG (score=0.870), METAR 64.9°F → estimated 68.2°F, bucket 64-65°F → 68-69°F","{""gap"": ""2.09"", ""conf"": ""1.00"", ""ramp"": ""0.00"", ""score"": 0.8700313024987261, ""current"": ""64-65°F"", ""predicted"": ""68-69°F"", ""tEstimated"": ""20.09""}",2026-03-24 18:44:50.41051+00
3290,ruth-pws-katl-20260324-184450407,wendy,KATL,info,signal,"PWS already anticipated 68-69°F, skipping duplicate buy",,2026-03-24 18:44:50.411023+00
3291,ruth-pws-ksea-20260324-184549659,wendy,KSEA,info,signal,"PWS anticipation: STRONG (score=0.836), METAR 44.1°F → estimated 46.9°F, bucket 44-45°F → 46-47°F","{""gap"": ""1.05"", ""conf"": ""1.00"", ""ramp"": ""2.86"", ""score"": 0.8362499999999999, ""current"": ""44-45°F"", ""predicted"": ""46-47°F"", ""tEstimated"": ""8.29""}",2026-03-24 18:45:49.676859+00
3292,ruth-pws-ksea-20260324-184549659,wendy,KSEA,info,guard,"PWS guards blocked: price_out_of_range | estimated 46.9°F, bucket 46-47°F, price 0.01",,2026-03-24 18:45:49.683625+00
3293,ruth-pws-kord-20260324-184550011,wendy,KORD,info,signal,"PWS anticipation: STRONG (score=0.618), METAR 45.0°F → estimated 45.8°F, bucket 44-45°F → 46-47°F","{""gap"": ""0.97"", ""conf"": ""1.00"", ""ramp"": ""-1.06"", ""score"": 0.6175000000000003, ""current"": ""44-45°F"", ""predicted"": ""46-47°F"", ""tEstimated"": ""7.66""}",2026-03-24 18:45:50.015624+00
3294,ruth-pws-kord-20260324-184550011,wendy,KORD,info,signal,"PWS already anticipated 48-49°F, skipping duplicate buy",,2026-03-24 18:45:50.025103+00
3295,ruth-pws-klga-20260324-184550166,wendy,KLGA,info,signal,"PWS anticipation: STRONG (score=1.000), METAR 44.1°F → estimated 50.1°F, bucket 44-45°F → 50-51°F","{""gap"": ""3.19"", ""conf"": ""1.00"", ""ramp"": ""3.70"", ""score"": 1, ""current"": ""44-45°F"", ""predicted"": ""50-51°F"", ""tEstimated"": ""10.04""}",2026-03-24 18:45:50.170604+00
3296,ruth-pws-klga-20260324-184550166,wendy,KLGA,info,signal,"PWS already anticipated 46-47°F, skipping duplicate buy",,2026-03-24 18:45:50.171066+00
3297,ruth-pws-kmia-20260324-184550338,wendy,KMIA,info,signal,"PWS already anticipated 84-85°F, skipping duplicate buy",,2026-03-24 18:45:50.341686+00
3298,ruth-pws-kmia-20260324-184550338,wendy,KMIA,info,signal,"PWS anticipation: STRONG (score=0.807), METAR 82.0°F → estimated 84.6°F, bucket 82-83°F → 84-85°F","{""gap"": ""1.81"", ""conf"": ""1.00"", ""ramp"": ""-0.00"", ""score"": 0.8074999999999998, ""current"": ""82-83°F"", ""predicted"": ""84-85°F"", ""tEstimated"": ""29.22""}",2026-03-24 18:45:50.342309+00
3299,ruth-pws-katl-20260324-184550490,wendy,KATL,info,signal,"PWS anticipation: STRONG (score=0.870), METAR 64.9°F → estimated 67.7°F, bucket 64-65°F → 68-69°F","{""gap"": ""2.09"", ""conf"": ""1.00"", ""ramp"": ""-0.91"", ""score"": 0.8699999999999999, ""current"": ""64-65°F"", ""predicted"": ""68-69°F"", ""tEstimated"": ""19.82""}",2026-03-24 18:45:50.494479+00
3300,ruth-pws-katl-20260324-184550490,wendy,KATL,info,signal,"PWS already anticipated 68-69°F, skipping duplicate buy",,2026-03-24 18:45:50.494841+00
3301,ruth-pws-ksea-20260324-184649642,wendy,KSEA,info,signal,"PWS anticipation: STRONG (score=0.836), METAR 44.1°F → estimated 47.0°F, bucket 44-45°F → 46-47°F","{""gap"": ""1.05"", ""conf"": ""1.00"", ""ramp"": ""3.08"", ""score"": 0.8362499999999999, ""current"": ""44-45°F"", ""predicted"": ""46-47°F"", ""tEstimated"": ""8.36""}",2026-03-24 18:46:49.665836+00
3302,ruth-pws-ksea-20260324-184649642,wendy,KSEA,info,guard,"PWS guards blocked: price_out_of_range | estimated 47.0°F, bucket 46-47°F, price 0.01",,2026-03-24 18:46:49.668564+00
3303,ruth-pws-kdal-20260324-184649809,wendy,KDAL,info,signal,"PWS anticipation: STRONG (score=0.900), METAR 75.9°F → estimated 77.7°F, bucket 76-77°F → 78-79°F","{""gap"": ""2.32"", ""conf"": ""1.00"", ""ramp"": ""-2.21"", ""score"": 0.9, ""current"": ""76-77°F"", ""predicted"": ""78-79°F"", ""tEstimated"": ""25.36""}",2026-03-24 18:46:49.81233+00
3304,ruth-pws-kdal-20260324-184649809,wendy,KDAL,info,guard,"PWS guards blocked: price_out_of_range | estimated 77.7°F, bucket 78-79°F, price 0.00",,2026-03-24 18:46:49.815215+00
3305,ruth-pws-kord-20260324-184649971,wendy,KORD,info,signal,"PWS anticipation: STRONG (score=0.630), METAR 45.0°F → estimated 45.9°F, bucket 44-45°F → 46-47°F","{""gap"": ""1.02"", ""conf"": ""1.00"", ""ramp"": ""-0.91"", ""score"": 0.6299999999999999, ""current"": ""44-45°F"", ""predicted"": ""46-47°F"", ""tEstimated"": ""7.75""}",2026-03-24 18:46:49.97437+00
3306,ruth-pws-kord-20260324-184649971,wendy,KORD,info,signal,"PWS already anticipated 48-49°F, skipping duplicate buy",,2026-03-24 18:46:49.975189+00
3307,ruth-pws-klga-20260324-184650115,wendy,KLGA,info,signal,"PWS anticipation: STRONG (score=1.000), METAR 44.1°F → estimated 49.6°F, bucket 44-45°F → 50-51°F","{""gap"": ""3.19"", ""conf"": ""1.00"", ""ramp"": ""2.82"", ""score"": 1, ""current"": ""44-45°F"", ""predicted"": ""50-51°F"", ""tEstimated"": ""9.78""}",2026-03-24 18:46:50.117882+00
3308,ruth-pws-klga-20260324-184650115,wendy,KLGA,info,signal,"PWS already anticipated 46-47°F, skipping duplicate buy",,2026-03-24 18:46:50.118389+00
3309,ruth-pws-kmia-20260324-184650259,wendy,KMIA,info,signal,"PWS anticipation: STRONG (score=0.807), METAR 82.0°F → estimated 84.6°F, bucket 82-83°F → 84-85°F","{""gap"": ""1.81"", ""conf"": ""1.00"", ""ramp"": ""0.00"", ""score"": 0.8074999999999998, ""current"": ""82-83°F"", ""predicted"": ""84-85°F"", ""tEstimated"": ""29.22""}",2026-03-24 18:46:50.26208+00
3310,ruth-pws-kmia-20260324-184650259,wendy,KMIA,info,signal,"PWS already anticipated 84-85°F, skipping duplicate buy",,2026-03-24 18:46:50.262364+00
3311,ruth-pws-katl-20260324-184650419,wendy,KATL,info,signal,"PWS anticipation: STRONG (score=0.870), METAR 64.9°F → estimated 67.7°F, bucket 64-65°F → 68-69°F","{""gap"": ""2.09"", ""conf"": ""1.00"", ""ramp"": ""-0.85"", ""score"": 0.8699999999999999, ""current"": ""64-65°F"", ""predicted"": ""68-69°F"", ""tEstimated"": ""19.84""}",2026-03-24 18:46:50.422571+00
3312,ruth-pws-katl-20260324-184650419,wendy,KATL,info,signal,"PWS already anticipated 68-69°F, skipping duplicate buy",,2026-03-24 18:46:50.422871+00
3313,ruth-pws-ksea-20260324-184749639,wendy,KSEA,info,signal,"PWS anticipation: STRONG (score=0.836), METAR 44.1°F → estimated 47.0°F, bucket 44-45°F → 46-47°F","{""gap"": ""1.05"", ""conf"": ""1.00"", ""ramp"": ""3.03"", ""score"": 0.8362499999999999, ""current"": ""44-45°F"", ""predicted"": ""46-47°F"", ""tEstimated"": ""8.34""}",2026-03-24 18:47:49.654028+00
3314,ruth-pws-ksea-20260324-184749639,wendy,KSEA,info,guard,"PWS guards blocked: price_out_of_range | estimated 47.0°F, bucket 46-47°F, price 0.01",,2026-03-24 18:47:49.661085+00
3315,ruth-pws-kdal-20260324-184749844,wendy,KDAL,info,signal,"PWS anticipation: STRONG (score=0.898), METAR 75.9°F → estimated 77.5°F, bucket 76-77°F → 78-79°F","{""gap"": ""2.21"", ""conf"": ""1.00"", ""ramp"": ""-2.18"", ""score"": 0.8975000000000011, ""current"": ""76-77°F"", ""predicted"": ""78-79°F"", ""tEstimated"": ""25.29""}",2026-03-24 18:47:49.849293+00
3316,ruth-pws-kdal-20260324-184749844,wendy,KDAL,info,guard,"PWS guards blocked: price_out_of_range | estimated 77.5°F, bucket 78-79°F, price 0.00",,2026-03-24 18:47:49.851607+00
3317,ruth-pws-kord-20260324-184750009,wendy,KORD,info,signal,"PWS anticipation: STRONG (score=0.643), METAR 45.0°F → estimated 46.3°F, bucket 44-45°F → 46-47°F","{""gap"": ""1.08"", ""conf"": ""1.00"", ""ramp"": ""-0.42"", ""score"": 0.6425000000000002, ""current"": ""44-45°F"", ""predicted"": ""46-47°F"", ""tEstimated"": ""7.93""}",2026-03-24 18:47:50.012055+00
3318,ruth-pws-kord-20260324-184750009,wendy,KORD,info,signal,"PWS already anticipated 48-49°F, skipping duplicate buy",,2026-03-24 18:47:50.013397+00
3319,ruth-pws-klga-20260324-184750174,wendy,KLGA,info,signal,"PWS already anticipated 46-47°F, skipping duplicate buy",,2026-03-24 18:47:50.177371+00
3320,ruth-pws-klga-20260324-184750174,wendy,KLGA,info,signal,"PWS anticipation: STRONG (score=1.000), METAR 44.1°F → estimated 48.8°F, bucket 44-45°F → 48-49°F","{""gap"": ""3.08"", ""conf"": ""1.00"", ""ramp"": ""1.51"", ""score"": 1, ""current"": ""44-45°F"", ""predicted"": ""48-49°F"", ""tEstimated"": ""9.31""}",2026-03-24 18:47:50.177962+00
3321,ruth-pws-kmia-20260324-184750357,wendy,KMIA,info,signal,"PWS anticipation: STRONG (score=0.807), METAR 82.0°F → estimated 84.6°F, bucket 82-83°F → 84-85°F","{""gap"": ""1.81"", ""conf"": ""1.00"", ""ramp"": ""0.00"", ""score"": 0.8074999999999998, ""current"": ""82-83°F"", ""predicted"": ""84-85°F"", ""tEstimated"": ""29.22""}",2026-03-24 18:47:50.36019+00
3322,ruth-pws-kmia-20260324-184750357,wendy,KMIA,info,signal,"PWS already anticipated 84-85°F, skipping duplicate buy",,2026-03-24 18:47:50.360935+00
3323,ruth-pws-katl-20260324-184750505,wendy,KATL,info,signal,"PWS anticipation: STRONG (score=0.870), METAR 64.9°F → estimated 67.8°F, bucket 64-65°F → 68-69°F","{""gap"": ""2.09"", ""conf"": ""1.00"", ""ramp"": ""-0.73"", ""score"": 0.8699999999999999, ""current"": ""64-65°F"", ""predicted"": ""68-69°F"", ""tEstimated"": ""19.87""}",2026-03-24 18:47:50.508991+00
3324,ruth-pws-katl-20260324-184750505,wendy,KATL,info,signal,"PWS already anticipated 68-69°F, skipping duplicate buy",,2026-03-24 18:47:50.509321+00
3325,ruth-pws-ksea-20260324-184849635,wendy,KSEA,info,signal,"PWS anticipation: STRONG (score=0.836), METAR 44.1°F → estimated 46.9°F, bucket 44-45°F → 46-47°F","{""gap"": ""1.05"", ""conf"": ""1.00"", ""ramp"": ""2.73"", ""score"": 0.8362499999999999, ""current"": ""44-45°F"", ""predicted"": ""46-47°F"", ""tEstimated"": ""8.25""}",2026-03-24 18:48:49.646656+00
3326,ruth-pws-ksea-20260324-184849635,wendy,KSEA,info,guard,"PWS guards blocked: price_out_of_range | estimated 46.9°F, bucket 46-47°F, price 0.01",,2026-03-24 18:48:49.66658+00
3327,ruth-pws-kdal-20260324-184849820,wendy,KDAL,info,signal,"PWS anticipation: STRONG (score=0.900), METAR 75.9°F → estimated 78.3°F, bucket 76-77°F → 78-79°F","{""gap"": ""2.32"", ""conf"": ""1.00"", ""ramp"": ""-1.00"", ""score"": 0.9, ""current"": ""76-77°F"", ""predicted"": ""78-79°F"", ""tEstimated"": ""25.73""}",2026-03-24 18:48:49.824085+00
3328,ruth-pws-kdal-20260324-184849820,wendy,KDAL,info,guard,"PWS guards blocked: price_out_of_range | estimated 78.3°F, bucket 78-79°F, price 0.00",,2026-03-24 18:48:49.878918+00
3329,ruth-pws-kord-20260324-184850021,wendy,KORD,info,signal,"PWS anticipation: STRONG (score=0.772), METAR 45.0°F → estimated 46.9°F, bucket 44-45°F → 46-47°F","{""gap"": ""1.13"", ""conf"": ""1.00"", ""ramp"": ""0.59"", ""score"": 0.7721491912805967, ""current"": ""44-45°F"", ""predicted"": ""46-47°F"", ""tEstimated"": ""8.28""}",2026-03-24 18:48:50.024051+00
3330,ruth-pws-kord-20260324-184850021,wendy,KORD,info,signal,"PWS already anticipated 48-49°F, skipping duplicate buy",,2026-03-24 18:48:50.031429+00
3331,ruth-pws-klga-20260324-184850171,wendy,KLGA,info,signal,"PWS anticipation: STRONG (score=1.000), METAR 44.1°F → estimated 48.4°F, bucket 44-45°F → 48-49°F","{""gap"": ""3.19"", ""conf"": ""1.00"", ""ramp"": ""0.57"", ""score"": 1, ""current"": ""44-45°F"", ""predicted"": ""48-49°F"", ""tEstimated"": ""9.10""}",2026-03-24 18:48:50.174228+00
3332,ruth-pws-klga-20260324-184850171,wendy,KLGA,info,signal,"PWS already anticipated 46-47°F, skipping duplicate buy",,2026-03-24 18:48:50.175378+00
3333,ruth-pws-kmia-20260324-184850358,wendy,KMIA,info,signal,"PWS anticipation: STRONG (score=0.807), METAR 82.0°F → estimated 84.6°F, bucket 82-83°F → 84-85°F","{""gap"": ""1.81"", ""conf"": ""1.00"", ""ramp"": ""0.00"", ""score"": 0.8074999999999998, ""current"": ""82-83°F"", ""predicted"": ""84-85°F"", ""tEstimated"": ""29.22""}",2026-03-24 18:48:50.361871+00
3334,ruth-pws-kmia-20260324-184850358,wendy,KMIA,info,signal,"PWS already anticipated 84-85°F, skipping duplicate buy",,2026-03-24 18:48:50.362298+00
3335,ruth-pws-katl-20260324-184850496,wendy,KATL,info,signal,"PWS anticipation: STRONG (score=0.870), METAR 64.9°F → estimated 68.0°F, bucket 64-65°F → 68-69°F","{""gap"": ""2.09"", ""conf"": ""1.00"", ""ramp"": ""-0.36"", ""score"": 0.8699999999999999, ""current"": ""64-65°F"", ""predicted"": ""68-69°F"", ""tEstimated"": ""19.98""}",2026-03-24 18:48:50.500036+00
3336,ruth-pws-katl-20260324-184850496,wendy,KATL,info,signal,"PWS already anticipated 68-69°F, skipping duplicate buy",,2026-03-24 18:48:50.500105+00
3337,ruth-pws-cyyz-20260324-184850990,wendy,CYYZ,info,signal,"PWS anticipation: STRONG (score=0.688), METAR 3.0°C → estimated 3.6°C, bucket 3°C → 4°C","{""gap"": ""0.39"", ""conf"": ""1.00"", ""ramp"": ""1.45"", ""score"": 0.6875000000000002, ""current"": ""3°C"", ""predicted"": ""4°C"", ""tEstimated"": ""3.63""}",2026-03-24 18:48:50.99364+00
3338,ruth-pws-cyyz-20260324-184850990,wendy,CYYZ,info,trade,BUY attempt: 4°C @ 0.38,"{""amount"": 5, ""tokenId"": ""65489536437335779855697623373662351745511058359038730306503355620949601689454""}",2026-03-24 18:48:51.080914+00
3339,ruth-pws-cyyz-20260324-184850990,wendy,CYYZ,success,trade,BUY filled: 8.474575 shares,"{""bucket"": ""4°C"", ""shares"": 8.474575, ""orderId"": ""0x7700f8ca40e35c730c903470d29a8ad290ba1ee15a3a3050fdc82aa27f0488ef""}",2026-03-24 18:48:57.313529+00
3340,ruth-pws-cyyz-20260324-184850990,wendy,CYYZ,info,signal,PWS position registered for METAR validation: 4°C (8.474575 shares),,2026-03-24 18:48:57.313915+00
3341,ruth-pws-ksea-20260324-184949660,wendy,KSEA,info,signal,"PWS anticipation: STRONG (score=0.836), METAR 44.1°F → estimated 46.7°F, bucket 44-45°F → 46-47°F","{""gap"": ""1.05"", ""conf"": ""1.00"", ""ramp"": ""2.35"", ""score"": 0.8362499999999999, ""current"": ""44-45°F"", ""predicted"": ""46-47°F"", ""tEstimated"": ""8.14""}",2026-03-24 18:49:49.68204+00
3342,ruth-pws-ksea-20260324-184949660,wendy,KSEA,info,guard,"PWS guards blocked: price_out_of_range | estimated 46.7°F, bucket 46-47°F, price 0.01",,2026-03-24 18:49:49.685197+00
3343,ruth-pws-kdal-20260324-184949838,wendy,KDAL,info,signal,"PWS anticipation: STRONG (score=1.000), METAR 75.9°F → estimated 79.2°F, bucket 76-77°F → 78-79°F","{""gap"": ""2.32"", ""conf"": ""1.00"", ""ramp"": ""0.58"", ""score"": 1, ""current"": ""76-77°F"", ""predicted"": ""78-79°F"", ""tEstimated"": ""26.20""}",2026-03-24 18:49:49.842694+00
3344,ruth-pws-kdal-20260324-184949838,wendy,KDAL,info,guard,"PWS guards blocked: price_out_of_range | estimated 79.2°F, bucket 78-79°F, price 0.00",,2026-03-24 18:49:49.84713+00
3345,ruth-pws-kord-20260324-184950030,wendy,KORD,info,signal,"PWS anticipation: STRONG (score=0.861), METAR 45.0°F → estimated 47.2°F, bucket 44-45°F → 46-47°F","{""gap"": ""1.19"", ""conf"": ""1.00"", ""ramp"": ""0.97"", ""score"": 0.8614220353860553, ""current"": ""44-45°F"", ""predicted"": ""46-47°F"", ""tEstimated"": ""8.44""}",2026-03-24 18:49:50.032609+00
3346,ruth-pws-kord-20260324-184950030,wendy,KORD,info,signal,"PWS already anticipated 48-49°F, skipping duplicate buy",,2026-03-24 18:49:50.033455+00
3347,ruth-pws-klga-20260324-184950170,wendy,KLGA,info,signal,"PWS anticipation: STRONG (score=1.000), METAR 44.1°F → estimated 48.5°F, bucket 44-45°F → 48-49°F","{""gap"": ""3.19"", ""conf"": ""1.00"", ""ramp"": ""0.79"", ""score"": 1, ""current"": ""44-45°F"", ""predicted"": ""48-49°F"", ""tEstimated"": ""9.17""}",2026-03-24 18:49:50.172327+00
3348,ruth-pws-klga-20260324-184950170,wendy,KLGA,info,signal,"PWS already anticipated 46-47°F, skipping duplicate buy",,2026-03-24 18:49:50.173325+00
3349,ruth-pws-kmia-20260324-184950317,wendy,KMIA,info,signal,"PWS anticipation: STRONG (score=0.808), METAR 82.0°F → estimated 84.6°F, bucket 82-83°F → 84-85°F","{""gap"": ""1.81"", ""conf"": ""1.00"", ""ramp"": ""0.00"", ""score"": 0.8075000000000336, ""current"": ""82-83°F"", ""predicted"": ""84-85°F"", ""tEstimated"": ""29.22""}",2026-03-24 18:49:50.320832+00
3350,ruth-pws-kmia-20260324-184950317,wendy,KMIA,info,signal,"PWS already anticipated 84-85°F, skipping duplicate buy",,2026-03-24 18:49:50.321095+00
3351,ruth-pws-katl-20260324-184950459,wendy,KATL,info,signal,"PWS anticipation: STRONG (score=0.870), METAR 64.9°F → estimated 68.0°F, bucket 64-65°F → 68-69°F","{""gap"": ""2.09"", ""conf"": ""1.00"", ""ramp"": ""-0.30"", ""score"": 0.8699999999999999, ""current"": ""64-65°F"", ""predicted"": ""68-69°F"", ""tEstimated"": ""20.00""}",2026-03-24 18:49:50.462335+00
3352,ruth-pws-katl-20260324-184950459,wendy,KATL,info,signal,"PWS already anticipated 68-69°F, skipping duplicate buy",,2026-03-24 18:49:50.46286+00
3353,ruth-pws-cyyz-20260324-184951126,wendy,CYYZ,info,signal,"PWS anticipation: STRONG (score=0.688), METAR 3.0°C → estimated 3.6°C, bucket 3°C → 4°C","{""gap"": ""0.39"", ""conf"": ""1.00"", ""ramp"": ""1.33"", ""score"": 0.6875000000000002, ""current"": ""3°C"", ""predicted"": ""4°C"", ""tEstimated"": ""3.59""}",2026-03-24 18:49:51.13202+00
3354,ruth-pws-cyyz-20260324-184951126,wendy,CYYZ,info,signal,"PWS already anticipated 4°C, skipping duplicate buy",,2026-03-24 18:49:51.133192+00
3355,ruth-pws-ksea-20260324-185049646,wendy,KSEA,info,signal,"PWS anticipation: STRONG (score=0.836), METAR 44.1°F → estimated 46.4°F, bucket 44-45°F → 46-47°F","{""gap"": ""1.05"", ""conf"": ""1.00"", ""ramp"": ""1.92"", ""score"": 0.8362499999999999, ""current"": ""44-45°F"", ""predicted"": ""46-47°F"", ""tEstimated"": ""8.01""}",2026-03-24 18:50:49.662865+00
3356,ruth-pws-ksea-20260324-185049646,wendy,KSEA,info,guard,"PWS guards blocked: price_out_of_range | estimated 46.4°F, bucket 46-47°F, price 0.01",,2026-03-24 18:50:49.665223+00
3357,ruth-pws-kdal-20260324-185049863,wendy,KDAL,info,signal,"PWS anticipation: STRONG (score=1.000), METAR 75.9°F → estimated 80.7°F, bucket 76-77°F → 80-81°F","{""gap"": ""2.32"", ""conf"": ""1.00"", ""ramp"": ""3.35"", ""score"": 1, ""current"": ""76-77°F"", ""predicted"": ""80-81°F"", ""tEstimated"": ""27.03""}",2026-03-24 18:50:49.867031+00
3358,ruth-pws-kdal-20260324-185049863,wendy,KDAL,info,guard,"PWS guards blocked: price_out_of_range | estimated 80.7°F, bucket 80-81°F, price 0.02",,2026-03-24 18:50:49.869394+00
3359,ruth-pws-kord-20260324-185050011,wendy,KORD,info,signal,"PWS anticipation: STRONG (score=0.868), METAR 45.0°F → estimated 47.7°F, bucket 44-45°F → 48-49°F","{""gap"": ""1.19"", ""conf"": ""1.00"", ""ramp"": ""1.96"", ""score"": 0.8675000000000002, ""current"": ""44-45°F"", ""predicted"": ""48-49°F"", ""tEstimated"": ""8.74""}",2026-03-24 18:50:50.016317+00
3360,ruth-pws-kord-20260324-185050011,wendy,KORD,info,signal,"PWS already anticipated 48-49°F, skipping duplicate buy",,2026-03-24 18:50:50.017184+00
3361,ruth-pws-klga-20260324-185050213,wendy,KLGA,info,signal,"PWS anticipation: STRONG (score=1.000), METAR 44.1°F → estimated 49.7°F, bucket 44-45°F → 50-51°F","{""gap"": ""3.19"", ""conf"": ""1.00"", ""ramp"": ""3.03"", ""score"": 1, ""current"": ""44-45°F"", ""predicted"": ""50-51°F"", ""tEstimated"": ""9.84""}",2026-03-24 18:50:50.21601+00
3362,ruth-pws-klga-20260324-185050213,wendy,KLGA,info,signal,"PWS already anticipated 46-47°F, skipping duplicate buy",,2026-03-24 18:50:50.217032+00
3363,ruth-pws-kmia-20260324-185050389,wendy,KMIA,info,signal,"PWS already anticipated 84-85°F, skipping duplicate buy",,2026-03-24 18:50:50.39266+00
3364,ruth-pws-kmia-20260324-185050389,wendy,KMIA,info,signal,"PWS anticipation: STRONG (score=0.808), METAR 82.0°F → estimated 84.6°F, bucket 82-83°F → 84-85°F","{""gap"": ""1.81"", ""conf"": ""1.00"", ""ramp"": ""0.00"", ""score"": 0.8075000000000245, ""current"": ""82-83°F"", ""predicted"": ""84-85°F"", ""tEstimated"": ""29.22""}",2026-03-24 18:50:50.393082+00
3365,ruth-pws-katl-20260324-185050567,wendy,KATL,info,signal,"PWS anticipation: STRONG (score=0.968), METAR 64.9°F → estimated 68.5°F, bucket 64-65°F → 68-69°F","{""gap"": ""2.20"", ""conf"": ""1.00"", ""ramp"": ""0.36"", ""score"": 0.9677486744000909, ""current"": ""64-65°F"", ""predicted"": ""68-69°F"", ""tEstimated"": ""20.28""}",2026-03-24 18:50:50.572108+00
3366,ruth-pws-katl-20260324-185050567,wendy,KATL,info,signal,"PWS already anticipated 68-69°F, skipping duplicate buy",,2026-03-24 18:50:50.5727+00
3367,ruth-pws-cyyz-20260324-185051068,wendy,CYYZ,info,signal,"PWS anticipation: STRONG (score=0.688), METAR 3.0°C → estimated 3.6°C, bucket 3°C → 4°C","{""gap"": ""0.39"", ""conf"": ""1.00"", ""ramp"": ""1.29"", ""score"": 0.6875000000000002, ""current"": ""3°C"", ""predicted"": ""4°C"", ""tEstimated"": ""3.58""}",2026-03-24 18:50:51.070613+00
3368,ruth-pws-cyyz-20260324-185051068,wendy,CYYZ,info,signal,"PWS already anticipated 4°C, skipping duplicate buy",,2026-03-24 18:50:51.070939+00
3369,ruth-pws-ksea-20260324-185149650,wendy,KSEA,info,signal,"PWS anticipation: STRONG (score=0.849), METAR 44.1°F → estimated 46.3°F, bucket 44-45°F → 46-47°F","{""gap"": ""1.11"", ""conf"": ""1.00"", ""ramp"": ""1.64"", ""score"": 0.8487500000000001, ""current"": ""44-45°F"", ""predicted"": ""46-47°F"", ""tEstimated"": ""7.96""}",2026-03-24 18:51:49.662205+00
3370,ruth-pws-ksea-20260324-185149650,wendy,KSEA,info,guard,"PWS guards blocked: price_out_of_range | estimated 46.3°F, bucket 46-47°F, price 0.01",,2026-03-24 18:51:49.66652+00
3371,ruth-pws-kdal-20260324-185149821,wendy,KDAL,info,signal,"PWS anticipation: STRONG (score=1.000), METAR 75.9°F → estimated 80.7°F, bucket 76-77°F → 80-81°F","{""gap"": ""2.21"", ""conf"": ""1.00"", ""ramp"": ""3.64"", ""score"": 1, ""current"": ""76-77°F"", ""predicted"": ""80-81°F"", ""tEstimated"": ""27.04""}",2026-03-24 18:51:49.825999+00
3372,ruth-pws-kdal-20260324-185149821,wendy,KDAL,info,guard,"PWS guards blocked: price_out_of_range | estimated 80.7°F, bucket 80-81°F, price 0.03",,2026-03-24 18:51:49.828788+00
3373,ruth-pws-kord-20260324-185149989,wendy,KORD,info,signal,"PWS anticipation: STRONG (score=0.868), METAR 45.0°F → estimated 48.0°F, bucket 44-45°F → 48-49°F","{""gap"": ""1.19"", ""conf"": ""1.00"", ""ramp"": ""2.46"", ""score"": 0.8675000000000002, ""current"": ""44-45°F"", ""predicted"": ""48-49°F"", ""tEstimated"": ""8.89""}",2026-03-24 18:51:49.992401+00
3374,ruth-pws-kord-20260324-185149989,wendy,KORD,info,signal,"PWS already anticipated 48-49°F, skipping duplicate buy",,2026-03-24 18:51:49.992962+00
3375,ruth-pws-klga-20260324-185150132,wendy,KLGA,info,signal,"PWS anticipation: STRONG (score=1.000), METAR 44.1°F → estimated 49.4°F, bucket 44-45°F → 48-49°F","{""gap"": ""3.19"", ""conf"": ""1.00"", ""ramp"": ""2.53"", ""score"": 1, ""current"": ""44-45°F"", ""predicted"": ""48-49°F"", ""tEstimated"": ""9.69""}",2026-03-24 18:51:50.13537+00
3376,ruth-pws-klga-20260324-185150132,wendy,KLGA,info,signal,"PWS already anticipated 46-47°F, skipping duplicate buy",,2026-03-24 18:51:50.135753+00
3377,ruth-pws-kmia-20260324-185150280,wendy,KMIA,info,signal,"PWS anticipation: STRONG (score=0.807), METAR 82.0°F → estimated 84.6°F, bucket 82-83°F → 84-85°F","{""gap"": ""1.81"", ""conf"": ""1.00"", ""ramp"": ""0.00"", ""score"": 0.8074999999999998, ""current"": ""82-83°F"", ""predicted"": ""84-85°F"", ""tEstimated"": ""29.22""}",2026-03-24 18:51:50.284716+00
3378,ruth-pws-kmia-20260324-185150280,wendy,KMIA,info,signal,"PWS already anticipated 84-85°F, skipping duplicate buy",,2026-03-24 18:51:50.28498+00
3379,ruth-pws-katl-20260324-185150483,wendy,KATL,info,signal,"PWS anticipation: STRONG (score=1.000), METAR 64.9°F → estimated 68.7°F, bucket 64-65°F → 68-69°F","{""gap"": ""2.20"", ""conf"": ""1.00"", ""ramp"": ""0.65"", ""score"": 1, ""current"": ""64-65°F"", ""predicted"": ""68-69°F"", ""tEstimated"": ""20.36""}",2026-03-24 18:51:50.486419+00
3380,ruth-pws-katl-20260324-185150483,wendy,KATL,info,signal,"PWS already anticipated 68-69°F, skipping duplicate buy",,2026-03-24 18:51:50.487053+00
3381,ruth-pws-cyyz-20260324-185150983,wendy,CYYZ,info,signal,"PWS anticipation: STRONG (score=0.688), METAR 3.0°C → estimated 3.5°C, bucket 3°C → 4°C","{""gap"": ""0.39"", ""conf"": ""1.00"", ""ramp"": ""1.12"", ""score"": 0.6875000000000002, ""current"": ""3°C"", ""predicted"": ""4°C"", ""tEstimated"": ""3.53""}",2026-03-24 18:51:50.988675+00
3382,ruth-pws-cyyz-20260324-185150983,wendy,CYYZ,info,signal,"PWS already anticipated 4°C, skipping duplicate buy",,2026-03-24 18:51:50.989135+00
3383,ruth-pws-ksea-20260324-185249664,wendy,KSEA,info,signal,"PWS anticipation: STRONG (score=0.855), METAR 44.1°F → estimated 46.1°F, bucket 44-45°F → 46-47°F","{""gap"": ""1.13"", ""conf"": ""1.00"", ""ramp"": ""1.22"", ""score"": 0.855, ""current"": ""44-45°F"", ""predicted"": ""46-47°F"", ""tEstimated"": ""7.86""}",2026-03-24 18:52:49.690519+00
3384,ruth-pws-ksea-20260324-185249664,wendy,KSEA,info,guard,"PWS guards blocked: price_out_of_range | estimated 46.1°F, bucket 46-47°F, price 0.01",,2026-03-24 18:52:49.691627+00
3385,ruth-pws-kdal-20260324-185249887,wendy,KDAL,info,signal,"PWS anticipation: STRONG (score=1.000), METAR 75.9°F → estimated 80.7°F, bucket 76-77°F → 80-81°F","{""gap"": ""2.38"", ""conf"": ""1.00"", ""ramp"": ""3.27"", ""score"": 1, ""current"": ""76-77°F"", ""predicted"": ""80-81°F"", ""tEstimated"": ""27.05""}",2026-03-24 18:52:49.890809+00
3386,ruth-pws-kdal-20260324-185249887,wendy,KDAL,info,guard,"PWS guards blocked: price_out_of_range | estimated 80.7°F, bucket 80-81°F, price 0.03",,2026-03-24 18:52:49.892659+00
3387,ruth-pws-kord-20260324-185250056,wendy,KORD,info,signal,"PWS anticipation: STRONG (score=0.868), METAR 45.0°F → estimated 48.0°F, bucket 44-45°F → 48-49°F","{""gap"": ""1.19"", ""conf"": ""1.00"", ""ramp"": ""2.40"", ""score"": 0.8675000000000002, ""current"": ""44-45°F"", ""predicted"": ""48-49°F"", ""tEstimated"": ""8.87""}",2026-03-24 18:52:50.060256+00
3388,ruth-pws-kord-20260324-185250056,wendy,KORD,info,signal,"PWS already anticipated 48-49°F, skipping duplicate buy",,2026-03-24 18:52:50.060584+00
3389,ruth-pws-klga-20260324-185250229,wendy,KLGA,info,signal,"PWS already anticipated 46-47°F, skipping duplicate buy",,2026-03-24 18:52:50.23234+00
3390,ruth-pws-klga-20260324-185250229,wendy,KLGA,info,signal,"PWS anticipation: STRONG (score=1.000), METAR 44.1°F → estimated 48.7°F, bucket 44-45°F → 48-49°F","{""gap"": ""3.08"", ""conf"": ""1.00"", ""ramp"": ""1.37"", ""score"": 1, ""current"": ""44-45°F"", ""predicted"": ""48-49°F"", ""tEstimated"": ""9.27""}",2026-03-24 18:52:50.232901+00
3392,ruth-pws-kmia-20260324-185250429,wendy,KMIA,info,signal,"PWS anticipation: STRONG (score=0.807), METAR 82.0°F → estimated 84.6°F, bucket 82-83°F → 84-85°F","{""gap"": ""1.81"", ""conf"": ""1.00"", ""ramp"": ""0.00"", ""score"": 0.8074999999999998, ""current"": ""82-83°F"", ""predicted"": ""84-85°F"", ""tEstimated"": ""29.22""}",2026-03-24 18:52:50.434375+00
3391,ruth-pws-kmia-20260324-185250429,wendy,KMIA,info,signal,"PWS already anticipated 84-85°F, skipping duplicate buy",,2026-03-24 18:52:50.436929+00
3393,ruth-pws-katl-20260324-185250697,wendy,KATL,info,signal,"PWS anticipation: STRONG (score=1.000), METAR 64.9°F → estimated 68.8°F, bucket 64-65°F → 68-69°F","{""gap"": ""2.20"", ""conf"": ""1.00"", ""ramp"": ""0.85"", ""score"": 1, ""current"": ""64-65°F"", ""predicted"": ""68-69°F"", ""tEstimated"": ""20.42""}",2026-03-24 18:52:50.700535+00
3394,ruth-pws-katl-20260324-185250697,wendy,KATL,info,signal,"PWS already anticipated 68-69°F, skipping duplicate buy",,2026-03-24 18:52:50.700915+00
3395,ruth-pws-cyyz-20260324-185251171,wendy,CYYZ,info,signal,"PWS anticipation: STRONG (score=0.712), METAR 3.0°C → estimated 3.6°C, bucket 3°C → 4°C","{""gap"": ""0.50"", ""conf"": ""1.00"", ""ramp"": ""1.01"", ""score"": 0.7124999999999997, ""current"": ""3°C"", ""predicted"": ""4°C"", ""tEstimated"": ""3.55""}",2026-03-24 18:52:51.174518+00
3396,ruth-pws-cyyz-20260324-185251171,wendy,CYYZ,info,signal,"PWS already anticipated 4°C, skipping duplicate buy",,2026-03-24 18:52:51.174844+00
3397,ruth-pws-ksea-20260324-185349650,wendy,KSEA,info,signal,"PWS anticipation: STRONG (score=0.855), METAR 44.1°F → estimated 46.1°F, bucket 44-45°F → 46-47°F","{""gap"": ""1.13"", ""conf"": ""1.00"", ""ramp"": ""1.18"", ""score"": 0.855, ""current"": ""44-45°F"", ""predicted"": ""46-47°F"", ""tEstimated"": ""7.85""}",2026-03-24 18:53:49.667352+00
3398,ruth-pws-ksea-20260324-185349650,wendy,KSEA,info,guard,"PWS guards blocked: price_out_of_range | estimated 46.1°F, bucket 46-47°F, price 0.01",,2026-03-24 18:53:49.671867+00
3399,ruth-pws-kdal-20260324-185349850,wendy,KDAL,info,signal,"PWS anticipation: STRONG (score=1.000), METAR 75.9°F → estimated 80.4°F, bucket 76-77°F → 80-81°F","{""gap"": ""2.32"", ""conf"": ""1.00"", ""ramp"": ""2.85"", ""score"": 1, ""current"": ""76-77°F"", ""predicted"": ""80-81°F"", ""tEstimated"": ""26.88""}",2026-03-24 18:53:49.85421+00
3400,ruth-pws-kdal-20260324-185349850,wendy,KDAL,info,guard,"PWS guards blocked: price_out_of_range | estimated 80.4°F, bucket 80-81°F, price 0.03",,2026-03-24 18:53:49.856106+00
3401,ruth-pws-kord-20260324-185350017,wendy,KORD,info,signal,"PWS anticipation: STRONG (score=0.868), METAR 45.0°F → estimated 47.8°F, bucket 44-45°F → 48-49°F","{""gap"": ""1.19"", ""conf"": ""1.00"", ""ramp"": ""2.12"", ""score"": 0.8675000000000002, ""current"": ""44-45°F"", ""predicted"": ""48-49°F"", ""tEstimated"": ""8.79""}",2026-03-24 18:53:50.020668+00
3402,ruth-pws-kord-20260324-185350017,wendy,KORD,info,signal,"PWS already anticipated 48-49°F, skipping duplicate buy",,2026-03-24 18:53:50.021113+00
3404,ruth-pws-klga-20260324-185350173,wendy,KLGA,info,signal,"PWS anticipation: STRONG (score=0.997), METAR 44.1°F → estimated 48.0°F, bucket 44-45°F → 48-49°F","{""gap"": ""2.91"", ""conf"": ""1.00"", ""ramp"": ""0.48"", ""score"": 0.9969155759616539, ""current"": ""44-45°F"", ""predicted"": ""48-49°F"", ""tEstimated"": ""8.88""}",2026-03-24 18:53:50.176157+00
3403,ruth-pws-klga-20260324-185350173,wendy,KLGA,info,signal,"PWS already anticipated 46-47°F, skipping duplicate buy",,2026-03-24 18:53:50.176225+00
3405,ruth-pws-kmia-20260324-185350346,wendy,KMIA,info,signal,"PWS anticipation: STRONG (score=0.808), METAR 82.0°F → estimated 84.6°F, bucket 82-83°F → 84-85°F","{""gap"": ""1.81"", ""conf"": ""1.00"", ""ramp"": ""0.00"", ""score"": 0.8075000000000336, ""current"": ""82-83°F"", ""predicted"": ""84-85°F"", ""tEstimated"": ""29.22""}",2026-03-24 18:53:50.34941+00
3406,ruth-pws-kmia-20260324-185350346,wendy,KMIA,info,signal,"PWS already anticipated 84-85°F, skipping duplicate buy",,2026-03-24 18:53:50.349633+00
3407,ruth-pws-katl-20260324-185350556,wendy,KATL,info,signal,"PWS already anticipated 68-69°F, skipping duplicate buy",,2026-03-24 18:53:50.559857+00
3408,ruth-pws-katl-20260324-185350556,wendy,KATL,info,signal,"PWS anticipation: STRONG (score=1.000), METAR 64.9°F → estimated 68.8°F, bucket 64-65°F → 68-69°F","{""gap"": ""2.20"", ""conf"": ""1.00"", ""ramp"": ""0.85"", ""score"": 1, ""current"": ""64-65°F"", ""predicted"": ""68-69°F"", ""tEstimated"": ""20.42""}",2026-03-24 18:53:50.560363+00
3409,ruth-pws-cyyz-20260324-185351039,wendy,CYYZ,info,signal,"PWS anticipation: STRONG (score=0.712), METAR 3.0°C → estimated 3.6°C, bucket 3°C → 4°C","{""gap"": ""0.50"", ""conf"": ""1.00"", ""ramp"": ""1.09"", ""score"": 0.7124999999999997, ""current"": ""3°C"", ""predicted"": ""4°C"", ""tEstimated"": ""3.58""}",2026-03-24 18:53:51.042871+00
3410,ruth-pws-cyyz-20260324-185351039,wendy,CYYZ,info,signal,"PWS already anticipated 4°C, skipping duplicate buy",,2026-03-24 18:53:51.043007+00
3411,ruth-pws-ksea-20260324-185449681,wendy,KSEA,info,signal,"PWS anticipation: STRONG (score=0.794), METAR 44.1°F → estimated 45.9°F, bucket 44-45°F → 46-47°F","{""gap"": ""1.13"", ""conf"": ""1.00"", ""ramp"": ""0.70"", ""score"": 0.7943893175972857, ""current"": ""44-45°F"", ""predicted"": ""46-47°F"", ""tEstimated"": ""7.70""}",2026-03-24 18:54:49.709152+00
3412,ruth-pws-ksea-20260324-185449681,wendy,KSEA,info,guard,"PWS guards blocked: price_out_of_range | estimated 45.9°F, bucket 46-47°F, price 0.01",,2026-03-24 18:54:49.749794+00
3413,ruth-pws-kdal-20260324-185450089,wendy,KDAL,info,signal,"PWS anticipation: STRONG (score=1.000), METAR 75.9°F → estimated 79.5°F, bucket 76-77°F → 80-81°F","{""gap"": ""2.32"", ""conf"": ""1.00"", ""ramp"": ""1.27"", ""score"": 1, ""current"": ""76-77°F"", ""predicted"": ""80-81°F"", ""tEstimated"": ""26.41""}",2026-03-24 18:54:50.094528+00
3414,ruth-pws-kdal-20260324-185450089,wendy,KDAL,info,guard,"PWS guards blocked: price_out_of_range | estimated 79.5°F, bucket 80-81°F, price 0.05",,2026-03-24 18:54:50.154814+00
3415,ruth-pws-kord-20260324-185450338,wendy,KORD,info,signal,"PWS anticipation: STRONG (score=0.868), METAR 45.0°F → estimated 47.4°F, bucket 44-45°F → 46-47°F","{""gap"": ""1.19"", ""conf"": ""1.00"", ""ramp"": ""1.41"", ""score"": 0.8675000000000002, ""current"": ""44-45°F"", ""predicted"": ""46-47°F"", ""tEstimated"": ""8.58""}",2026-03-24 18:54:50.343657+00
3416,ruth-pws-kord-20260324-185450338,wendy,KORD,info,signal,"PWS already anticipated 48-49°F, skipping duplicate buy",,2026-03-24 18:54:50.354565+00
3417,ruth-pws-klga-20260324-185450541,wendy,KLGA,info,signal,"PWS anticipation: STRONG (score=0.900), METAR 44.1°F → estimated 46.9°F, bucket 44-45°F → 46-47°F","{""gap"": ""2.91"", ""conf"": ""1.00"", ""ramp"": ""-1.62"", ""score"": 0.9, ""current"": ""44-45°F"", ""predicted"": ""46-47°F"", ""tEstimated"": ""8.25""}",2026-03-24 18:54:50.545724+00
3418,ruth-pws-klga-20260324-185450541,wendy,KLGA,info,signal,"PWS already anticipated 46-47°F, skipping duplicate buy",,2026-03-24 18:54:50.54628+00
3419,ruth-pws-kmia-20260324-185451840,wendy,KMIA,info,signal,"PWS anticipation: STRONG (score=0.905), METAR 82.0°F → estimated 84.9°F, bucket 82-83°F → 84-85°F","{""gap"": ""1.92"", ""conf"": ""1.00"", ""ramp"": ""0.36"", ""score"": 0.9053790790251748, ""current"": ""82-83°F"", ""predicted"": ""84-85°F"", ""tEstimated"": ""29.40""}",2026-03-24 18:54:51.843985+00
3420,ruth-pws-kmia-20260324-185451840,wendy,KMIA,info,signal,"PWS already anticipated 84-85°F, skipping duplicate buy",,2026-03-24 18:54:51.844228+00
3421,ruth-pws-katl-20260324-185452017,wendy,KATL,info,signal,"PWS anticipation: STRONG (score=1.000), METAR 64.9°F → estimated 68.9°F, bucket 64-65°F → 68-69°F","{""gap"": ""2.20"", ""conf"": ""1.00"", ""ramp"": ""1.01"", ""score"": 1, ""current"": ""64-65°F"", ""predicted"": ""68-69°F"", ""tEstimated"": ""20.47""}",2026-03-24 18:54:52.021581+00
3422,ruth-pws-katl-20260324-185452017,wendy,KATL,info,signal,"PWS already anticipated 68-69°F, skipping duplicate buy",,2026-03-24 18:54:52.022139+00
3423,ruth-pws-cyyz-20260324-185452597,wendy,CYYZ,info,signal,"PWS anticipation: STRONG (score=0.682), METAR 3.0°C → estimated 3.5°C, bucket 3°C → 4°C","{""gap"": ""0.50"", ""conf"": ""1.00"", ""ramp"": ""0.85"", ""score"": 0.6819833874766499, ""current"": ""3°C"", ""predicted"": ""4°C"", ""tEstimated"": ""3.50""}",2026-03-24 18:54:52.599892+00
3424,ruth-pws-cyyz-20260324-185452597,wendy,CYYZ,info,signal,"PWS already anticipated 4°C, skipping duplicate buy",,2026-03-24 18:54:52.600196+00
3425,ruth-pws-ksea-20260324-185549682,wendy,KSEA,info,signal,"PWS anticipation: STRONG (score=0.756), METAR 44.1°F → estimated 45.7°F, bucket 44-45°F → 46-47°F","{""gap"": ""1.08"", ""conf"": ""1.00"", ""ramp"": ""0.57"", ""score"": 0.7556215289454036, ""current"": ""44-45°F"", ""predicted"": ""46-47°F"", ""tEstimated"": ""7.62""}",2026-03-24 18:55:49.698102+00
3426,ruth-pws-ksea-20260324-185549682,wendy,KSEA,info,guard,"PWS guards blocked: price_out_of_range | estimated 45.7°F, bucket 46-47°F, price 0.01",,2026-03-24 18:55:49.700783+00
3427,ruth-pws-kdal-20260324-185549863,wendy,KDAL,info,signal,"PWS anticipation: STRONG (score=0.997), METAR 75.9°F → estimated 79.2°F, bucket 76-77°F → 78-79°F","{""gap"": ""2.38"", ""conf"": ""1.00"", ""ramp"": ""0.48"", ""score"": 0.9969425518215175, ""current"": ""76-77°F"", ""predicted"": ""78-79°F"", ""tEstimated"": ""26.21""}",2026-03-24 18:55:49.8675+00
3428,ruth-pws-kdal-20260324-185549863,wendy,KDAL,info,guard,"PWS guards blocked: price_out_of_range | estimated 79.2°F, bucket 78-79°F, price 0.00",,2026-03-24 18:55:49.870994+00
3429,ruth-pws-kord-20260324-185550011,wendy,KORD,info,signal,"PWS anticipation: STRONG (score=0.855), METAR 45.0°F → estimated 47.2°F, bucket 44-45°F → 46-47°F","{""gap"": ""1.13"", ""conf"": ""1.00"", ""ramp"": ""1.06"", ""score"": 0.855, ""current"": ""44-45°F"", ""predicted"": ""46-47°F"", ""tEstimated"": ""8.42""}",2026-03-24 18:55:50.016653+00
3430,ruth-pws-kord-20260324-185550011,wendy,KORD,info,signal,"PWS already anticipated 48-49°F, skipping duplicate buy",,2026-03-24 18:55:50.016833+00
3431,ruth-pws-klga-20260324-185550681,wendy,KLGA,info,signal,"PWS anticipation: STRONG (score=0.900), METAR 44.1°F → estimated 46.0°F, bucket 44-45°F → 46-47°F","{""gap"": ""2.69"", ""conf"": ""1.00"", ""ramp"": ""-2.69"", ""score"": 0.9, ""current"": ""44-45°F"", ""predicted"": ""46-47°F"", ""tEstimated"": ""7.78""}",2026-03-24 18:55:50.684777+00
3432,ruth-pws-klga-20260324-185550681,wendy,KLGA,info,signal,"PWS already anticipated 46-47°F, skipping duplicate buy",,2026-03-24 18:55:50.685071+00
3433,ruth-pws-kmia-20260324-185550833,wendy,KMIA,info,signal,"PWS anticipation: STRONG (score=0.962), METAR 82.0°F → estimated 85.1°F, bucket 82-83°F → 84-85°F","{""gap"": ""1.92"", ""conf"": ""1.00"", ""ramp"": ""0.65"", ""score"": 0.9618100893782378, ""current"": ""82-83°F"", ""predicted"": ""84-85°F"", ""tEstimated"": ""29.49""}",2026-03-24 18:55:50.837286+00
3434,ruth-pws-kmia-20260324-185550833,wendy,KMIA,info,signal,"PWS already anticipated 84-85°F, skipping duplicate buy",,2026-03-24 18:55:50.838013+00
3435,ruth-pws-katl-20260324-185551033,wendy,KATL,info,signal,"PWS anticipation: STRONG (score=1.000), METAR 64.9°F → estimated 68.7°F, bucket 64-65°F → 68-69°F","{""gap"": ""2.14"", ""conf"": ""1.00"", ""ramp"": ""0.79"", ""score"": 1, ""current"": ""64-65°F"", ""predicted"": ""68-69°F"", ""tEstimated"": ""20.37""}",2026-03-24 18:55:51.04202+00
3436,ruth-pws-katl-20260324-185551033,wendy,KATL,info,signal,"PWS already anticipated 68-69°F, skipping duplicate buy",,2026-03-24 18:55:51.042319+00
3437,ruth-pws-cyyz-20260324-185551907,wendy,CYYZ,info,signal,"PWS already anticipated 4°C, skipping duplicate buy",,2026-03-24 18:55:51.911456+00
3438,ruth-pws-cyyz-20260324-185551907,wendy,CYYZ,info,signal,"PWS anticipation: STRONG (score=0.725), METAR 3.0°C → estimated 3.6°C, bucket 3°C → 4°C","{""gap"": ""0.56"", ""conf"": ""1.00"", ""ramp"": ""1.15"", ""score"": 0.7249999999999999, ""current"": ""3°C"", ""predicted"": ""4°C"", ""tEstimated"": ""3.62""}",2026-03-24 18:55:51.911768+00
3439,ruth-pws-ksea-20260324-185649682,wendy,KSEA,info,signal,"PWS anticipation: STRONG (score=0.774), METAR 44.1°F → estimated 45.8°F, bucket 44-45°F → 46-47°F","{""gap"": ""1.13"", ""conf"": ""1.00"", ""ramp"": ""0.60"", ""score"": 0.7741802742751513, ""current"": ""44-45°F"", ""predicted"": ""46-47°F"", ""tEstimated"": ""7.67""}",2026-03-24 18:56:49.698918+00
3440,ruth-pws-ksea-20260324-185649682,wendy,KSEA,info,guard,"PWS guards blocked: price_out_of_range | estimated 45.8°F, bucket 46-47°F, price 0.01",,2026-03-24 18:56:49.701596+00
3441,ruth-pws-kdal-20260324-185649878,wendy,KDAL,info,signal,"PWS anticipation: STRONG (score=1.000), METAR 75.9°F → estimated 79.2°F, bucket 76-77°F → 78-79°F","{""gap"": ""2.32"", ""conf"": ""1.00"", ""ramp"": ""0.57"", ""score"": 1, ""current"": ""76-77°F"", ""predicted"": ""78-79°F"", ""tEstimated"": ""26.20""}",2026-03-24 18:56:49.881854+00
3442,ruth-pws-kdal-20260324-185649878,wendy,KDAL,info,guard,"PWS guards blocked: price_out_of_range | estimated 79.2°F, bucket 78-79°F, price 0.00",,2026-03-24 18:56:49.884755+00
3443,ruth-pws-kord-20260324-185650059,wendy,KORD,info,signal,"PWS anticipation: STRONG (score=0.691), METAR 45.0°F → estimated 46.7°F, bucket 44-45°F → 46-47°F","{""gap"": ""1.13"", ""conf"": ""1.00"", ""ramp"": ""0.18"", ""score"": 0.6913706437873078, ""current"": ""44-45°F"", ""predicted"": ""46-47°F"", ""tEstimated"": ""8.16""}",2026-03-24 18:56:50.062192+00
3444,ruth-pws-kord-20260324-185650059,wendy,KORD,info,signal,"PWS already anticipated 48-49°F, skipping duplicate buy",,2026-03-24 18:56:50.063106+00
3445,ruth-pws-klga-20260324-185650217,wendy,KLGA,info,signal,"PWS anticipation: STRONG (score=0.900), METAR 44.1°F → estimated 46.3°F, bucket 44-45°F → 46-47°F","{""gap"": ""2.91"", ""conf"": ""1.00"", ""ramp"": ""-2.67"", ""score"": 0.9, ""current"": ""44-45°F"", ""predicted"": ""46-47°F"", ""tEstimated"": ""7.94""}",2026-03-24 18:56:50.220415+00
3446,ruth-pws-klga-20260324-185650217,wendy,KLGA,info,signal,"PWS already anticipated 46-47°F, skipping duplicate buy",,2026-03-24 18:56:50.221191+00
3447,ruth-pws-kmia-20260324-185650411,wendy,KMIA,info,signal,"PWS anticipation: STRONG (score=0.905), METAR 82.0°F → estimated 84.9°F, bucket 82-83°F → 84-85°F","{""gap"": ""1.81"", ""conf"": ""1.00"", ""ramp"": ""0.49"", ""score"": 0.904664788326722, ""current"": ""82-83°F"", ""predicted"": ""84-85°F"", ""tEstimated"": ""29.36""}",2026-03-24 18:56:50.414464+00
3448,ruth-pws-kmia-20260324-185650411,wendy,KMIA,info,signal,"PWS already anticipated 84-85°F, skipping duplicate buy",,2026-03-24 18:56:50.415156+00
3450,ruth-pws-katl-20260324-185650641,wendy,KATL,info,signal,"PWS anticipation: STRONG (score=0.987), METAR 64.9°F → estimated 68.5°F, bucket 64-65°F → 68-69°F","{""gap"": ""2.14"", ""conf"": ""1.00"", ""ramp"": ""0.52"", ""score"": 0.9874593502921742, ""current"": ""64-65°F"", ""predicted"": ""68-69°F"", ""tEstimated"": ""20.29""}",2026-03-24 18:56:50.643939+00
3449,ruth-pws-katl-20260324-185650641,wendy,KATL,info,signal,"PWS already anticipated 68-69°F, skipping duplicate buy",,2026-03-24 18:56:50.644094+00
3451,ruth-pws-cyyz-20260324-185651137,wendy,CYYZ,info,signal,"PWS anticipation: STRONG (score=0.725), METAR 3.0°C → estimated 3.7°C, bucket 3°C → 4°C","{""gap"": ""0.56"", ""conf"": ""1.00"", ""ramp"": ""1.33"", ""score"": 0.7249999999999999, ""current"": ""3°C"", ""predicted"": ""4°C"", ""tEstimated"": ""3.68""}",2026-03-24 18:56:51.140705+00
3452,ruth-pws-cyyz-20260324-185651137,wendy,CYYZ,info,signal,"PWS already anticipated 4°C, skipping duplicate buy",,2026-03-24 18:56:51.141004+00
3453,ruth-pws-ksea-20260324-185749671,wendy,KSEA,info,signal,"PWS anticipation: STRONG (score=0.768), METAR 44.1°F → estimated 45.8°F, bucket 44-45°F → 46-47°F","{""gap"": ""1.13"", ""conf"": ""1.00"", ""ramp"": ""0.57"", ""score"": 0.7681218647352913, ""current"": ""44-45°F"", ""predicted"": ""46-47°F"", ""tEstimated"": ""7.66""}",2026-03-24 18:57:49.6887+00
3454,ruth-pws-ksea-20260324-185749671,wendy,KSEA,info,guard,"PWS guards blocked: price_out_of_range | estimated 45.8°F, bucket 46-47°F, price 0.01",,2026-03-24 18:57:49.700524+00
3455,ruth-pws-kdal-20260324-185749866,wendy,KDAL,info,signal,"PWS anticipation: STRONG (score=0.977), METAR 75.9°F → estimated 79.1°F, bucket 76-77°F → 78-79°F","{""gap"": ""2.38"", ""conf"": ""1.00"", ""ramp"": ""0.38"", ""score"": 0.9767580828184047, ""current"": ""76-77°F"", ""predicted"": ""78-79°F"", ""tEstimated"": ""26.18""}",2026-03-24 18:57:49.870492+00
3456,ruth-pws-kdal-20260324-185749866,wendy,KDAL,info,guard,"PWS guards blocked: price_out_of_range | estimated 79.1°F, bucket 78-79°F, price 0.00",,2026-03-24 18:57:49.883866+00
3457,ruth-pws-kord-20260324-185750077,wendy,KORD,info,signal,"PWS anticipation: STRONG (score=0.655), METAR 45.0°F → estimated 46.5°F, bucket 44-45°F → 46-47°F","{""gap"": ""1.13"", ""conf"": ""1.00"", ""ramp"": ""-0.24"", ""score"": 0.655, ""current"": ""44-45°F"", ""predicted"": ""46-47°F"", ""tEstimated"": ""8.03""}",2026-03-24 18:57:50.080575+00
3458,ruth-pws-kord-20260324-185750077,wendy,KORD,info,signal,"PWS already anticipated 48-49°F, skipping duplicate buy",,2026-03-24 18:57:50.089357+00
3459,ruth-pws-kmia-20260324-185750436,wendy,KMIA,info,signal,"PWS anticipation: STRONG (score=0.872), METAR 82.0°F → estimated 84.8°F, bucket 82-83°F → 84-85°F","{""gap"": ""1.81"", ""conf"": ""1.00"", ""ramp"": ""0.32"", ""score"": 0.8724549235114821, ""current"": ""82-83°F"", ""predicted"": ""84-85°F"", ""tEstimated"": ""29.32""}",2026-03-24 18:57:50.439947+00
3460,ruth-pws-kmia-20260324-185750436,wendy,KMIA,info,signal,"PWS already anticipated 84-85°F, skipping duplicate buy",,2026-03-24 18:57:50.440537+00
3461,ruth-pws-katl-20260324-185750600,wendy,KATL,info,signal,"PWS anticipation: STRONG (score=0.927), METAR 64.9°F → estimated 68.4°F, bucket 64-65°F → 68-69°F","{""gap"": ""2.14"", ""conf"": ""1.00"", ""ramp"": ""0.22"", ""score"": 0.9270112799718737, ""current"": ""64-65°F"", ""predicted"": ""68-69°F"", ""tEstimated"": ""20.20""}",2026-03-24 18:57:50.604239+00
3462,ruth-pws-katl-20260324-185750600,wendy,KATL,info,signal,"PWS already anticipated 68-69°F, skipping duplicate buy",,2026-03-24 18:57:50.604699+00
3463,ruth-pws-lfpg-20260324-185750940,wendy,LFPG,debug,signal,"PWS anticipation: WEAK (score=-0.787), METAR 18.0°C → estimated 17.5°C, bucket 18°C → 17°C","{""gap"": ""-3.50"", ""conf"": ""0.00"", ""ramp"": ""-1.82"", ""score"": -0.7875, ""current"": ""18°C"", ""predicted"": ""17°C"", ""tEstimated"": ""17.46""}",2026-03-24 18:57:50.943026+00
3465,ruth-pws-cyyz-20260324-185751111,wendy,CYYZ,info,signal,"PWS anticipation: STRONG (score=0.725), METAR 3.0°C → estimated 3.7°C, bucket 3°C → 4°C","{""gap"": ""0.56"", ""conf"": ""1.00"", ""ramp"": ""1.39"", ""score"": 0.7249999999999999, ""current"": ""3°C"", ""predicted"": ""4°C"", ""tEstimated"": ""3.70""}",2026-03-24 18:57:51.113758+00
3464,ruth-pws-cyyz-20260324-185751111,wendy,CYYZ,info,signal,"PWS already anticipated 4°C, skipping duplicate buy",,2026-03-24 18:57:51.113762+00
3466,ruth-pws-ksea-20260324-185849683,wendy,KSEA,info,signal,"PWS anticipation: STRONG (score=0.799), METAR 44.1°F → estimated 45.9°F, bucket 44-45°F → 46-47°F","{""gap"": ""1.19"", ""conf"": ""1.00"", ""ramp"": ""0.66"", ""score"": 0.7988035656704404, ""current"": ""44-45°F"", ""predicted"": ""46-47°F"", ""tEstimated"": ""7.73""}",2026-03-24 18:58:49.711147+00
3467,ruth-pws-ksea-20260324-185849683,wendy,KSEA,info,guard,"PWS guards blocked: price_out_of_range | estimated 45.9°F, bucket 46-47°F, price 0.01",,2026-03-24 18:58:49.714934+00
3468,ruth-pws-kdal-20260324-185849860,wendy,KDAL,info,signal,"PWS anticipation: STRONG (score=1.000), METAR 75.9°F → estimated 79.5°F, bucket 76-77°F → 80-81°F","{""gap"": ""2.49"", ""conf"": ""1.00"", ""ramp"": ""0.89"", ""score"": 1, ""current"": ""76-77°F"", ""predicted"": ""80-81°F"", ""tEstimated"": ""26.41""}",2026-03-24 18:58:49.863484+00
3469,ruth-pws-kdal-20260324-185849860,wendy,KDAL,info,guard,"PWS guards blocked: price_out_of_range | estimated 79.5°F, bucket 80-81°F, price 0.05",,2026-03-24 18:58:49.866006+00
3470,ruth-pws-kord-20260324-185850010,wendy,KORD,info,signal,"PWS anticipation: STRONG (score=0.668), METAR 45.0°F → estimated 46.6°F, bucket 44-45°F → 46-47°F","{""gap"": ""1.19"", ""conf"": ""1.00"", ""ramp"": ""-0.12"", ""score"": 0.6675000000000001, ""current"": ""44-45°F"", ""predicted"": ""46-47°F"", ""tEstimated"": ""8.11""}",2026-03-24 18:58:50.012985+00
3471,ruth-pws-kord-20260324-185850010,wendy,KORD,info,signal,"PWS already anticipated 48-49°F, skipping duplicate buy",,2026-03-24 18:58:50.013601+00
3472,ruth-pws-kmia-20260324-185850319,wendy,KMIA,info,signal,"PWS anticipation: STRONG (score=0.844), METAR 82.0°F → estimated 84.7°F, bucket 82-83°F → 84-85°F","{""gap"": ""1.81"", ""conf"": ""1.00"", ""ramp"": ""0.18"", ""score"": 0.8441527766649995, ""current"": ""82-83°F"", ""predicted"": ""84-85°F"", ""tEstimated"": ""29.27""}",2026-03-24 18:58:50.3229+00
3473,ruth-pws-kmia-20260324-185850319,wendy,KMIA,info,signal,"PWS already anticipated 84-85°F, skipping duplicate buy",,2026-03-24 18:58:50.323302+00
3474,ruth-pws-katl-20260324-185850551,wendy,KATL,info,signal,"PWS anticipation: STRONG (score=0.882), METAR 64.9°F → estimated 68.2°F, bucket 64-65°F → 68-69°F","{""gap"": ""2.14"", ""conf"": ""1.00"", ""ramp"": ""-0.12"", ""score"": 0.8824999999999995, ""current"": ""64-65°F"", ""predicted"": ""68-69°F"", ""tEstimated"": ""20.09""}",2026-03-24 18:58:50.554666+00
3475,ruth-pws-katl-20260324-185850551,wendy,KATL,info,signal,"PWS already anticipated 68-69°F, skipping duplicate buy",,2026-03-24 18:58:50.555311+00
3476,ruth-pws-lfpg-20260324-185850861,wendy,LFPG,debug,signal,"PWS anticipation: WEAK (score=-0.787), METAR 18.0°C → estimated 17.5°C, bucket 18°C → 17°C","{""gap"": ""-3.50"", ""conf"": ""0.00"", ""ramp"": ""-1.82"", ""score"": -0.7875, ""current"": ""18°C"", ""predicted"": ""17°C"", ""tEstimated"": ""17.45""}",2026-03-24 18:58:50.864357+00
3477,ruth-pws-cyyz-20260324-185851049,wendy,CYYZ,info,signal,"PWS anticipation: STRONG (score=0.750), METAR 3.0°C → estimated 3.8°C, bucket 3°C → 4°C","{""gap"": ""0.67"", ""conf"": ""1.00"", ""ramp"": ""1.70"", ""score"": 0.7500000000000002, ""current"": ""3°C"", ""predicted"": ""4°C"", ""tEstimated"": ""3.84""}",2026-03-24 18:58:51.052475+00
3478,ruth-pws-cyyz-20260324-185851049,wendy,CYYZ,info,signal,"PWS already anticipated 4°C, skipping duplicate buy",,2026-03-24 18:58:51.052884+00
3479,ruth-pws-ksea-20260324-185949637,wendy,KSEA,info,signal,"PWS anticipation: STRONG (score=0.807), METAR 44.1°F → estimated 45.9°F, bucket 44-45°F → 46-47°F","{""gap"": ""1.19"", ""conf"": ""1.00"", ""ramp"": ""0.70"", ""score"": 0.8068885548525881, ""current"": ""44-45°F"", ""predicted"": ""46-47°F"", ""tEstimated"": ""7.74""}",2026-03-24 18:59:49.67521+00
3480,ruth-pws-ksea-20260324-185949637,wendy,KSEA,info,guard,"PWS guards blocked: price_out_of_range | estimated 45.9°F, bucket 46-47°F, price 0.01",,2026-03-24 18:59:49.677625+00
3481,ruth-pws-kdal-20260324-185949828,wendy,KDAL,info,signal,"PWS anticipation: STRONG (score=1.000), METAR 75.9°F → estimated 80.2°F, bucket 76-77°F → 80-81°F","{""gap"": ""2.71"", ""conf"": ""1.00"", ""ramp"": ""1.67"", ""score"": 1, ""current"": ""76-77°F"", ""predicted"": ""80-81°F"", ""tEstimated"": ""26.80""}",2026-03-24 18:59:49.831336+00
3482,ruth-pws-kdal-20260324-185949828,wendy,KDAL,info,guard,"PWS guards blocked: price_out_of_range | estimated 80.2°F, bucket 80-81°F, price 0.05",,2026-03-24 18:59:49.834546+00
3483,ruth-pws-kord-20260324-185949984,wendy,KORD,info,signal,"PWS anticipation: STRONG (score=0.668), METAR 45.0°F → estimated 46.6°F, bucket 44-45°F → 46-47°F","{""gap"": ""1.19"", ""conf"": ""1.00"", ""ramp"": ""-0.18"", ""score"": 0.6675000000000001, ""current"": ""44-45°F"", ""predicted"": ""46-47°F"", ""tEstimated"": ""8.10""}",2026-03-24 18:59:49.988281+00
3484,ruth-pws-kord-20260324-185949984,wendy,KORD,info,signal,"PWS already anticipated 48-49°F, skipping duplicate buy",,2026-03-24 18:59:49.98896+00
3485,ruth-pws-kmia-20260324-185950574,wendy,KMIA,info,signal,"PWS anticipation: STRONG (score=0.808), METAR 82.0°F → estimated 84.6°F, bucket 82-83°F → 84-85°F","{""gap"": ""1.81"", ""conf"": ""1.00"", ""ramp"": ""0.00"", ""score"": 0.8079043205637791, ""current"": ""82-83°F"", ""predicted"": ""84-85°F"", ""tEstimated"": ""29.22""}",2026-03-24 18:59:50.576371+00
3486,ruth-pws-kmia-20260324-185950574,wendy,KMIA,info,signal,"PWS already anticipated 84-85°F, skipping duplicate buy",,2026-03-24 18:59:50.576848+00
3487,ruth-pws-katl-20260324-185950743,wendy,KATL,info,signal,"PWS anticipation: STRONG (score=0.882), METAR 64.9°F → estimated 68.0°F, bucket 64-65°F → 68-69°F","{""gap"": ""2.14"", ""conf"": ""1.00"", ""ramp"": ""-0.50"", ""score"": 0.8824999999999995, ""current"": ""64-65°F"", ""predicted"": ""68-69°F"", ""tEstimated"": ""19.98""}",2026-03-24 18:59:50.746303+00
3488,ruth-pws-katl-20260324-185950743,wendy,KATL,info,signal,"PWS already anticipated 68-69°F, skipping duplicate buy",,2026-03-24 18:59:50.746612+00
3489,ruth-pws-lfpg-20260324-185951039,wendy,LFPG,debug,signal,"PWS anticipation: WEAK (score=-0.813), METAR 18.0°C → estimated 17.4°C, bucket 18°C → 17°C","{""gap"": ""-3.61"", ""conf"": ""0.00"", ""ramp"": ""-2.02"", ""score"": -0.8125, ""current"": ""18°C"", ""predicted"": ""17°C"", ""tEstimated"": ""17.39""}",2026-03-24 18:59:51.042445+00
3490,ruth-pws-cyyz-20260324-185951203,wendy,CYYZ,info,signal,"PWS already anticipated 4°C, skipping duplicate buy",,2026-03-24 18:59:51.206534+00
3491,ruth-pws-cyyz-20260324-185951203,wendy,CYYZ,info,signal,"PWS anticipation: STRONG (score=0.750), METAR 3.0°C → estimated 3.9°C, bucket 3°C → 4°C","{""gap"": ""0.67"", ""conf"": ""1.00"", ""ramp"": ""1.80"", ""score"": 0.7500000000000002, ""current"": ""3°C"", ""predicted"": ""4°C"", ""tEstimated"": ""3.87""}",2026-03-24 18:59:51.207025+00
3492,ruth-metar-kord-20260324-190002572,wendy,KORD,info,trade,SELL attempt: 48-49°F (17.463413 shares),"{""tokenId"": ""74682516358565591659522794264561994601823290764648554702207819783232574226468""}",2026-03-24 19:00:02.644427+00
3493,ruth-metar-kord-20260324-190002572,wendy,KORD,info,signal,Threshold crossed: 44-45°F → 46-47°F,,2026-03-24 19:00:02.662986+00
3494,ruth-metar-kord-20260324-190002572,wendy,KORD,warn,signal,PWS anticipation NOT confirmed — SELL 48-49°F (METAR bucket: 46-47°F),,2026-03-24 19:00:02.674768+00
3495,ruth-metar-kord-20260324-190002572,wendy,KORD,info,guard,"Guards blocked: price_out_of_range | METAR 46.9°F, bucket 46-47°F, price 0.03","{""price"": 0.0305, ""bucket"": ""46-47°F""}",2026-03-24 19:00:02.683791+00
3496,ruth-metar-eglc-20260324-190002684,wendy,EGLC,info,signal,"METAR: 12°C, max=12°C, bucket=12°C","{""prevBucket"": ""12°C""}",2026-03-24 19:00:02.690272+00
3497,ruth-metar-katl-20260324-190002690,wendy,KATL,warn,signal,PWS anticipation NOT confirmed — SELL 68-69°F (METAR bucket: 66-67°F),,2026-03-24 19:00:02.698404+00
3498,ruth-metar-katl-20260324-190002690,wendy,KATL,info,trade,SELL attempt: 68-69°F (10.583508 shares),"{""tokenId"": ""18463263350027208655829030743157508503279557244505071503738907574557867508162""}",2026-03-24 19:00:02.699472+00
3499,ruth-metar-kord-20260324-190002572,wendy,KORD,info,signal,"METAR: 8.3°C, max=8.3°C, bucket=46-47°F","{""prevBucket"": ""44-45°F""}",2026-03-24 19:00:02.709677+00
3500,ruth-metar-katl-20260324-190002690,wendy,KATL,info,signal,Threshold crossed: 64-65°F → 66-67°F,,2026-03-24 19:00:02.720126+00
3501,ruth-metar-kord-20260324-190002572,wendy,KORD,error,trade,SELL failed: CLOB rejected: not enough balance / allowance,"{""bucket"": ""48-49°F""}",2026-03-24 19:00:02.738039+00
3502,ruth-metar-katl-20260324-190002690,wendy,KATL,info,signal,"METAR: 19.4°C, max=19.4°C, bucket=66-67°F","{""prevBucket"": ""64-65°F""}",2026-03-24 19:00:02.756521+00
3503,ruth-metar-katl-20260324-190002690,wendy,KATL,info,trade,ROTATE: 64-65°F → 66-67°F,"{""newPrice"": 0.125, ""buyAmount"": 5, ""oldShares"": 99}",2026-03-24 19:00:02.814858+00
3504,ruth-metar-katl-20260324-190002690,wendy,KATL,info,trade,BUY attempt: 66-67°F @ 0.125,"{""amount"": 5, ""tokenId"": ""36932432079600826968927214223778798554412393677861074672902948860551104778583""}",2026-03-24 19:00:02.815362+00
3505,ruth-metar-klga-20260324-190007691,wendy,KLGA,info,trade,SELL attempt: 46-47°F (9.80392 shares),"{""tokenId"": ""9310629107699034060870352950474609210450267081288242348911458743337594887012""}",2026-03-24 19:00:07.706144+00
3506,ruth-metar-klga-20260324-190007691,wendy,KLGA,warn,signal,PWS anticipation NOT confirmed — SELL 46-47°F (METAR bucket: 44-45°F),,2026-03-24 19:00:07.706353+00
3507,ruth-metar-klga-20260324-190007691,wendy,KLGA,info,signal,"METAR: 7.2°C, max=7.2°C, bucket=44-45°F","{""prevBucket"": ""44-45°F""}",2026-03-24 19:00:07.708142+00
3508,ruth-metar-kdal-20260324-190007703,wendy,KDAL,info,signal,"METAR: 27.2°C, max=27.2°C, bucket=80-81°F","{""prevBucket"": ""76-77°F""}",2026-03-24 19:00:07.710129+00
3509,ruth-metar-kdal-20260324-190007703,wendy,KDAL,info,signal,Threshold crossed: 76-77°F → 80-81°F,,2026-03-24 19:00:07.711563+00
3510,ruth-metar-kdal-20260324-190007703,wendy,KDAL,info,guard,"Guards blocked: price_out_of_range | METAR 81.0°F, bucket 80-81°F, price 0.05","{""price"": 0.0495, ""bucket"": ""80-81°F""}",2026-03-24 19:00:07.715515+00
3511,ruth-metar-kmia-20260324-190007715,wendy,KMIA,success,signal,PWS anticipation confirmed by METAR: 84-85°F,,2026-03-24 19:00:07.718687+00
3512,ruth-metar-kmia-20260324-190007715,wendy,KMIA,info,signal,"METAR: 29.4°C, max=29.4°C, bucket=84-85°F","{""prevBucket"": ""82-83°F""}",2026-03-24 19:00:07.719151+00
3513,ruth-metar-kmia-20260324-190007715,wendy,KMIA,info,signal,Threshold crossed: 82-83°F → 84-85°F,,2026-03-24 19:00:07.719359+00
3514,ruth-metar-kmia-20260324-190007715,wendy,KMIA,info,guard,"Guards blocked: price_out_of_range | METAR 84.9°F, bucket 84-85°F, price 0.92","{""price"": 0.915, ""bucket"": ""84-85°F""}",2026-03-24 19:00:07.725127+00
3515,ruth-metar-ksea-20260324-190007726,wendy,KSEA,info,signal,"METAR: 7.8°C, max=7.8°C, bucket=46-47°F","{""prevBucket"": ""44-45°F""}",2026-03-24 19:00:07.72884+00
3516,ruth-metar-ksea-20260324-190007726,wendy,KSEA,info,signal,Threshold crossed: 44-45°F → 46-47°F,,2026-03-24 19:00:07.72914+00
3517,ruth-metar-ksea-20260324-190007726,wendy,KSEA,info,guard,"Guards blocked: price_out_of_range | METAR 46.0°F, bucket 46-47°F, price 0.01","{""price"": 0.0055, ""bucket"": ""46-47°F""}",2026-03-24 19:00:07.73277+00
3518,ruth-metar-klga-20260324-190007691,wendy,KLGA,error,trade,SELL failed: CLOB rejected: not enough balance / allowance,"{""bucket"": ""46-47°F""}",2026-03-24 19:00:07.815888+00
3519,ruth-metar-katl-20260324-190002690,wendy,KATL,success,trade,SELL filled: 10.58 shares,"{""bucket"": ""68-69°F"", ""orderId"": ""0x09f4b40446d2ad38211747c2a6ec97a0983684478bbe76ed846790d3d05d6b50""}",2026-03-24 19:00:09.016246+00
3520,ruth-metar-katl-20260324-190002690,wendy,KATL,success,trade,BUY filled: 22.727271 shares,"{""bucket"": ""66-67°F"", ""shares"": 22.727271, ""orderId"": ""0x70e53459e669601453505428947dd1bc25dfb93dd09d5e1566b36281b3df3e50""}",2026-03-24 19:00:09.081112+00
3521,ruth-metar-katl-20260324-190002690,wendy,KATL,info,trade,"ROTATE BUY success, firing SELL+harvest in parallel",,2026-03-24 19:00:09.081659+00
3522,ruth-metar-katl-20260324-190002690,wendy,KATL,info,trade,SELL attempt: 64-65°F (99 shares),"{""tokenId"": ""84935559489854017001356882174409503951169481584427012568916223633752789357264""}",2026-03-24 19:00:09.082606+00
3523,ruth-metar-katl-20260324-190002690,wendy,KATL,info,trade,HARVEST attempt: BUY NO 68-69°F @ 0.436,"{""amount"": 5, ""method"": ""FOK""}",2026-03-24 19:00:09.150414+00
3524,ruth-metar-katl-20260324-190002690,wendy,KATL,info,trade,HARVEST attempt: BUY NO 70-71°F @ 0.724,"{""amount"": 5, ""method"": ""FOK""}",2026-03-24 19:00:09.155404+00
3525,ruth-metar-katl-20260324-190002690,wendy,KATL,error,trade,SELL failed: CLOB rejected: not enough balance / allowance,"{""bucket"": ""64-65°F""}",2026-03-24 19:00:09.208999+00
3526,ruth-metar-katl-20260324-190002690,wendy,KATL,success,trade,HARVEST FOK filled: 13.623977 shares,"{""bucket"": ""68-69°F"", ""orderId"": ""0xf1e4e6b2980f7fc160ee0753aaad862b7f14ad192867e5aee724e926352688b4""}",2026-03-24 19:00:15.422386+00
3527,ruth-metar-katl-20260324-190002690,wendy,KATL,info,trade,"HARVEST FOK failed, trying limit GTC","{""bucket"": ""70-71°F"", ""fokError"": ""Phantom: order delayed but size_matched=0""}",2026-03-24 19:00:39.718117+00
3528,ruth-metar-katl-20260324-190002690,wendy,KATL,info,trade,HARVEST limit GTC placed: 6.9 shares,"{""bucket"": ""70-71°F"", ""orderId"": ""0x62692e89aee0d79c93bd70146385eccccb834ee7aade27a0f894fe5b8da7276e""}",2026-03-24 19:00:39.766974+00
3529,ruth-metar-katl-20260324-190002690,wendy,KATL,success,trade,ROTATE complete: 64-65°F → 66-67°F,"{""sellSettled"": ""fulfilled"", ""harvestCount"": 2}",2026-03-24 19:00:39.777254+00
3530,ruth-pws-kdal-20260324-190049847,wendy,KDAL,info,signal,"PWS anticipation: WEAK (score=0.313), METAR 81.0°F → estimated 82.2°F, bucket 80-81°F → 82-83°F","{""gap"": ""-0.09"", ""conf"": ""0.33"", ""ramp"": ""2.39"", ""score"": 0.3133333333333334, ""current"": ""80-81°F"", ""predicted"": ""82-83°F"", ""tEstimated"": ""27.90""}",2026-03-24 19:00:49.856469+00
3531,ruth-pws-klga-20260324-190050165,wendy,KLGA,info,signal,"PWS anticipation: STRONG (score=0.900), METAR 45.0°F → estimated 46.8°F, bucket 44-45°F → 46-47°F","{""gap"": ""2.52"", ""conf"": ""1.00"", ""ramp"": ""-2.43"", ""score"": 0.9, ""current"": ""44-45°F"", ""predicted"": ""46-47°F"", ""tEstimated"": ""8.24""}",2026-03-24 19:00:50.170477+00
3532,ruth-pws-klga-20260324-190050165,wendy,KLGA,info,trade,BUY attempt: 46-47°F @ 0.555,"{""amount"": 5, ""tokenId"": ""9310629107699034060870352950474609210450267081288242348911458743337594887012""}",2026-03-24 19:00:50.262004+00
3533,ruth-pws-katl-20260324-190055544,wendy,KATL,info,signal,"PWS anticipation: STRONG (score=0.623), METAR 66.9°F → estimated 67.8°F, bucket 66-67°F → 68-69°F","{""gap"": ""0.99"", ""conf"": ""1.00"", ""ramp"": ""-0.66"", ""score"": 0.6225000000000005, ""current"": ""66-67°F"", ""predicted"": ""68-69°F"", ""tEstimated"": ""19.89""}",2026-03-24 19:00:55.551791+00
3534,ruth-pws-katl-20260324-190055544,wendy,KATL,info,trade,BUY attempt: 68-69°F @ 0.6475,"{""amount"": 5, ""tokenId"": ""18463263350027208655829030743157508503279557244505071503738907574557867508162""}",2026-03-24 19:00:55.642868+00
3535,ruth-pws-klga-20260324-190050165,wendy,KLGA,success,trade,BUY filled: 10.333332 shares,"{""bucket"": ""46-47°F"", ""shares"": 10.333332, ""orderId"": ""0xb21f6844585e7dda8781f166aba3969e5911e27addec4bbbf5ad7529e199cb0f""}",2026-03-24 19:00:56.439168+00
3536,ruth-pws-klga-20260324-190050165,wendy,KLGA,info,signal,PWS position registered for METAR validation: 46-47°F (10.333332 shares),,2026-03-24 19:00:56.447055+00
3537,ruth-pws-lfpg-20260324-190100867,wendy,LFPG,debug,signal,"PWS anticipation: WEAK (score=-0.813), METAR 18.0°C → estimated 17.4°C, bucket 18°C → 17°C","{""gap"": ""-3.61"", ""conf"": ""0.00"", ""ramp"": ""-1.96"", ""score"": -0.8125, ""current"": ""18°C"", ""predicted"": ""17°C"", ""tEstimated"": ""17.41""}",2026-03-24 19:01:00.86972+00
3538,ruth-pws-cyyz-20260324-190101650,wendy,CYYZ,info,signal,"PWS already anticipated 4°C, skipping duplicate buy",,2026-03-24 19:01:01.65407+00
3539,ruth-pws-cyyz-20260324-190101650,wendy,CYYZ,info,signal,"PWS anticipation: STRONG (score=0.775), METAR 3.0°C → estimated 4.0°C, bucket 3°C → 4°C","{""gap"": ""0.78"", ""conf"": ""1.00"", ""ramp"": ""2.05"", ""score"": 0.7749999999999997, ""current"": ""3°C"", ""predicted"": ""4°C"", ""tEstimated"": ""4.00""}",2026-03-24 19:01:01.654269+00
3540,ruth-pws-katl-20260324-190055544,wendy,KATL,success,trade,BUY filled: 7.47384 shares,"{""bucket"": ""68-69°F"", ""shares"": 7.47384, ""orderId"": ""0x3391b63206a99309045992c77b0d7cdf68579d3bf2307284683f808ce9edcabc""}",2026-03-24 19:01:01.813037+00
3541,ruth-pws-katl-20260324-190055544,wendy,KATL,info,signal,PWS position registered for METAR validation: 68-69°F (7.47384 shares),,2026-03-24 19:01:01.813464+00
3542,monitor-dup-1774378899423,wendy,KATL,info,trade,SELL attempt: 68-69F (13.623977 shares),"{""tokenId"": ""36820092678843420599959990569545734922233880588002253863850760847626557837142""}",2026-03-24 19:01:39.440414+00
3543,monitor-dup-1774378899423,wendy,KATL,success,trade,SELL filled: 13.62 shares,"{""bucket"": ""68-69F"", ""orderId"": ""0xa403a3019554a5daa22d161aab57fa6161799571e944debe9d982db51c5e7d06""}",2026-03-24 19:01:45.646035+00
3544,ruth-pws-kdal-20260324-190149855,wendy,KDAL,info,signal,"PWS anticipation: WEAK (score=0.288), METAR 81.0°F → estimated 82.3°F, bucket 80-81°F → 82-83°F","{""gap"": ""-0.20"", ""conf"": ""0.33"", ""ramp"": ""2.57"", ""score"": 0.2883333333333327, ""current"": ""80-81°F"", ""predicted"": ""82-83°F"", ""tEstimated"": ""27.92""}",2026-03-24 19:01:49.859681+00
3545,ruth-pws-kord-20260324-190150004,wendy,KORD,info,signal,"PWS anticipation: STRONG (score=0.586), METAR 46.9°F → estimated 47.6°F, bucket 46-47°F → 48-49°F","{""gap"": ""0.20"", ""conf"": ""1.00"", ""ramp"": ""0.71"", ""score"": 0.5864543213403203, ""current"": ""46-47°F"", ""predicted"": ""48-49°F"", ""tEstimated"": ""8.67""}",2026-03-24 19:01:50.008099+00
3546,ruth-pws-kord-20260324-190150004,wendy,KORD,info,trade,BUY attempt: 48-49°F @ 0.4105,"{""amount"": 5, ""tokenId"": ""74682516358565591659522794264561994601823290764648554702207819783232574226468""}",2026-03-24 19:01:50.085583+00
3547,ruth-pws-klga-20260324-190155210,wendy,KLGA,info,signal,"PWS anticipation: STRONG (score=1.000), METAR 45.0°F → estimated 48.8°F, bucket 44-45°F → 48-49°F","{""gap"": ""2.80"", ""conf"": ""1.00"", ""ramp"": ""0.54"", ""score"": 1, ""current"": ""44-45°F"", ""predicted"": ""48-49°F"", ""tEstimated"": ""9.32""}",2026-03-24 19:01:55.216312+00
3548,ruth-pws-klga-20260324-190155210,wendy,KLGA,info,signal,"PWS already anticipated 46-47°F, skipping duplicate buy",,2026-03-24 19:01:55.216913+00
3549,ruth-pws-kmia-20260324-190155449,wendy,KMIA,info,signal,"PWS anticipation: MODERATE (score=0.538), METAR 84.9°F → estimated 85.5°F, bucket 84-85°F → 86-87°F","{""gap"": ""0.32"", ""conf"": ""1.00"", ""ramp"": ""0.33"", ""score"": 0.538087543594214, ""current"": ""84-85°F"", ""predicted"": ""86-87°F"", ""tEstimated"": ""29.72""}",2026-03-24 19:01:55.453919+00
3550,ruth-pws-katl-20260324-190155603,wendy,KATL,info,signal,"PWS anticipation: STRONG (score=0.623), METAR 66.9°F → estimated 67.8°F, bucket 66-67°F → 68-69°F","{""gap"": ""0.99"", ""conf"": ""1.00"", ""ramp"": ""-0.74"", ""score"": 0.6225000000000005, ""current"": ""66-67°F"", ""predicted"": ""68-69°F"", ""tEstimated"": ""19.87""}",2026-03-24 19:01:55.606278+00
3551,ruth-pws-katl-20260324-190155603,wendy,KATL,info,signal,"PWS already anticipated 68-69°F, skipping duplicate buy",,2026-03-24 19:01:55.606654+00
3552,ruth-pws-lfpg-20260324-190155953,wendy,LFPG,debug,signal,"PWS anticipation: WEAK (score=-0.813), METAR 18.0°C → estimated 17.5°C, bucket 18°C → 17°C","{""gap"": ""-3.61"", ""conf"": ""0.00"", ""ramp"": ""-1.68"", ""score"": -0.8125, ""current"": ""18°C"", ""predicted"": ""17°C"", ""tEstimated"": ""17.50""}",2026-03-24 19:01:55.956076+00
3553,ruth-pws-cyyz-20260324-190156144,wendy,CYYZ,info,signal,"PWS anticipation: STRONG (score=0.775), METAR 3.0°C → estimated 4.0°C, bucket 3°C → 4°C","{""gap"": ""0.78"", ""conf"": ""1.00"", ""ramp"": ""2.03"", ""score"": 0.7749999999999997, ""current"": ""3°C"", ""predicted"": ""4°C"", ""tEstimated"": ""4.00""}",2026-03-24 19:01:56.147255+00
3554,ruth-pws-cyyz-20260324-190156144,wendy,CYYZ,info,signal,"PWS already anticipated 4°C, skipping duplicate buy",,2026-03-24 19:01:56.147693+00
3555,ruth-pws-kord-20260324-190150004,wendy,KORD,success,trade,BUY filled: 10.080644 shares,"{""bucket"": ""48-49°F"", ""shares"": 10.080644, ""orderId"": ""0x9f802d5a329012298f169c226cd9af8702b05992671bddf7f142b4105aae283a""}",2026-03-24 19:01:56.259361+00
3556,ruth-pws-kord-20260324-190150004,wendy,KORD,info,signal,PWS position registered for METAR validation: 48-49°F (10.080644 shares),,2026-03-24 19:01:56.260098+00
3557,ruth-metar-lfpg-20260324-190223099,wendy,LFPG,info,signal,"METAR: 15°C, max=18°C, bucket=18°C","{""prevBucket"": ""18°C""}",2026-03-24 19:02:23.114497+00
3558,ruth-pws-kdal-20260324-190249957,wendy,KDAL,info,signal,"PWS anticipation: WEAK (score=0.288), METAR 81.0°F → estimated 82.3°F, bucket 80-81°F → 82-83°F","{""gap"": ""-0.20"", ""conf"": ""0.33"", ""ramp"": ""2.69"", ""score"": 0.2883333333333327, ""current"": ""80-81°F"", ""predicted"": ""82-83°F"", ""tEstimated"": ""27.96""}",2026-03-24 19:02:49.96933+00
3559,ruth-pws-kord-20260324-190250314,wendy,KORD,info,signal,"PWS anticipation: MODERATE (score=0.512), METAR 46.9°F → estimated 47.7°F, bucket 46-47°F → 48-49°F","{""gap"": ""0.20"", ""conf"": ""0.67"", ""ramp"": ""1.03"", ""score"": 0.511666666666666, ""current"": ""46-47°F"", ""predicted"": ""48-49°F"", ""tEstimated"": ""8.72""}",2026-03-24 19:02:50.317903+00
3560,ruth-pws-klga-20260324-190250501,wendy,KLGA,info,signal,"PWS anticipation: STRONG (score=1.000), METAR 45.0°F → estimated 50.7°F, bucket 44-45°F → 50-51°F","{""gap"": ""3.08"", ""conf"": ""1.00"", ""ramp"": ""3.53"", ""score"": 1, ""current"": ""44-45°F"", ""predicted"": ""50-51°F"", ""tEstimated"": ""10.41""}",2026-03-24 19:02:50.505265+00
3561,ruth-pws-klga-20260324-190250501,wendy,KLGA,info,signal,"PWS already anticipated 46-47°F, skipping duplicate buy",,2026-03-24 19:02:50.513014+00
3562,ruth-pws-kmia-20260324-190250661,wendy,KMIA,info,signal,"PWS anticipation: STRONG (score=0.594), METAR 84.9°F → estimated 85.7°F, bucket 84-85°F → 86-87°F","{""gap"": ""0.38"", ""conf"": ""1.00"", ""ramp"": ""0.55"", ""score"": 0.5944415812575305, ""current"": ""84-85°F"", ""predicted"": ""86-87°F"", ""tEstimated"": ""29.83""}",2026-03-24 19:02:50.664298+00
3563,ruth-pws-kmia-20260324-190250661,wendy,KMIA,info,guard,"PWS guards blocked: price_out_of_range | estimated 85.7°F, bucket 86-87°F, price 0.07",,2026-03-24 19:02:50.667138+00
3564,ruth-pws-katl-20260324-190250823,wendy,KATL,info,signal,"PWS anticipation: STRONG (score=0.635), METAR 66.9°F → estimated 67.9°F, bucket 66-67°F → 68-69°F","{""gap"": ""1.04"", ""conf"": ""1.00"", ""ramp"": ""-0.57"", ""score"": 0.635, ""current"": ""66-67°F"", ""predicted"": ""68-69°F"", ""tEstimated"": ""19.96""}",2026-03-24 19:02:50.826311+00
3565,ruth-pws-katl-20260324-190250823,wendy,KATL,info,signal,"PWS already anticipated 68-69°F, skipping duplicate buy",,2026-03-24 19:02:50.826782+00
3566,ruth-pws-cyyz-20260324-190251449,wendy,CYYZ,info,signal,"PWS anticipation: STRONG (score=0.763), METAR 3.0°C → estimated 4.0°C, bucket 3°C → 4°C","{""gap"": ""0.72"", ""conf"": ""1.00"", ""ramp"": ""1.99"", ""score"": 0.7625000000000004, ""current"": ""3°C"", ""predicted"": ""4°C"", ""tEstimated"": ""3.96""}",2026-03-24 19:02:51.452467+00
3567,ruth-pws-cyyz-20260324-190251449,wendy,CYYZ,info,signal,"PWS already anticipated 4°C, skipping duplicate buy",,2026-03-24 19:02:51.452864+00
3568,ruth-pws-kdal-20260324-190349867,wendy,KDAL,info,signal,"PWS anticipation: WEAK (score=0.226), METAR 81.0°F → estimated 81.6°F, bucket 80-81°F → 82-83°F","{""gap"": ""-0.48"", ""conf"": ""0.33"", ""ramp"": ""1.52"", ""score"": 0.22583333333333253, ""current"": ""80-81°F"", ""predicted"": ""82-83°F"", ""tEstimated"": ""27.54""}",2026-03-24 19:03:49.879897+00
3569,ruth-pws-kord-20260324-190350030,wendy,KORD,info,signal,"PWS anticipation: STRONG (score=0.645), METAR 46.9°F → estimated 47.9°F, bucket 46-47°F → 48-49°F","{""gap"": ""0.20"", ""conf"": ""1.00"", ""ramp"": ""1.27"", ""score"": 0.6449999999999995, ""current"": ""46-47°F"", ""predicted"": ""48-49°F"", ""tEstimated"": ""8.84""}",2026-03-24 19:03:50.03444+00
3570,ruth-pws-kord-20260324-190350030,wendy,KORD,info,signal,"PWS already anticipated 48-49°F, skipping duplicate buy",,2026-03-24 19:03:50.042067+00
3571,ruth-pws-klga-20260324-190350237,wendy,KLGA,info,signal,"PWS anticipation: STRONG (score=1.000), METAR 45.0°F → estimated 52.1°F, bucket 44-45°F → 52-53°F","{""gap"": ""3.19"", ""conf"": ""1.00"", ""ramp"": ""5.87"", ""score"": 1, ""current"": ""44-45°F"", ""predicted"": ""52-53°F"", ""tEstimated"": ""11.19""}",2026-03-24 19:03:50.239776+00
3572,ruth-pws-klga-20260324-190350237,wendy,KLGA,info,signal,"PWS already anticipated 46-47°F, skipping duplicate buy",,2026-03-24 19:03:50.239949+00
3573,ruth-pws-katl-20260324-190350614,wendy,KATL,info,signal,"PWS already anticipated 68-69°F, skipping duplicate buy",,2026-03-24 19:03:50.617003+00
3574,ruth-pws-katl-20260324-190350614,wendy,KATL,info,signal,"PWS anticipation: STRONG (score=0.623), METAR 66.9°F → estimated 67.9°F, bucket 66-67°F → 68-69°F","{""gap"": ""0.99"", ""conf"": ""1.00"", ""ramp"": ""-0.53"", ""score"": 0.6225000000000005, ""current"": ""66-67°F"", ""predicted"": ""68-69°F"", ""tEstimated"": ""19.93""}",2026-03-24 19:03:50.617417+00
3575,ruth-pws-lfpg-20260324-190351009,wendy,LFPG,debug,signal,"PWS anticipation: WEAK (score=-0.837), METAR 18.0°C → estimated 17.5°C, bucket 18°C → 17°C","{""gap"": ""-3.72"", ""conf"": ""0.00"", ""ramp"": ""-1.73"", ""score"": -0.8374999999999998, ""current"": ""18°C"", ""predicted"": ""17°C"", ""tEstimated"": ""17.48""}",2026-03-24 19:03:51.012382+00
3576,ruth-pws-cyyz-20260324-190351184,wendy,CYYZ,info,signal,"PWS anticipation: STRONG (score=0.763), METAR 3.0°C → estimated 3.9°C, bucket 3°C → 4°C","{""gap"": ""0.72"", ""conf"": ""1.00"", ""ramp"": ""1.80"", ""score"": 0.7625000000000004, ""current"": ""3°C"", ""predicted"": ""4°C"", ""tEstimated"": ""3.90""}",2026-03-24 19:03:51.187348+00
3577,ruth-pws-cyyz-20260324-190351184,wendy,CYYZ,info,signal,"PWS already anticipated 4°C, skipping duplicate buy",,2026-03-24 19:03:51.187649+00
3578,ruth-pws-kord-20260324-190449942,wendy,KORD,info,signal,"PWS anticipation: STRONG (score=0.645), METAR 46.9°F → estimated 47.9°F, bucket 46-47°F → 48-49°F","{""gap"": ""0.20"", ""conf"": ""1.00"", ""ramp"": ""1.18"", ""score"": 0.6449999999999995, ""current"": ""46-47°F"", ""predicted"": ""48-49°F"", ""tEstimated"": ""8.81""}",2026-03-24 19:04:49.955882+00
3579,ruth-pws-kord-20260324-190449942,wendy,KORD,info,signal,"PWS already anticipated 48-49°F, skipping duplicate buy",,2026-03-24 19:04:49.9586+00
3580,ruth-pws-klga-20260324-190450108,wendy,KLGA,info,signal,"PWS anticipation: STRONG (score=1.000), METAR 45.0°F → estimated 52.3°F, bucket 44-45°F → 52-53°F","{""gap"": ""3.19"", ""conf"": ""1.00"", ""ramp"": ""6.24"", ""score"": 1, ""current"": ""44-45°F"", ""predicted"": ""52-53°F"", ""tEstimated"": ""11.30""}",2026-03-24 19:04:50.110815+00
3581,ruth-pws-klga-20260324-190450108,wendy,KLGA,info,signal,"PWS already anticipated 46-47°F, skipping duplicate buy",,2026-03-24 19:04:50.111531+00
3582,ruth-pws-katl-20260324-190450490,wendy,KATL,info,signal,"PWS anticipation: STRONG (score=0.623), METAR 66.9°F → estimated 67.9°F, bucket 66-67°F → 68-69°F","{""gap"": ""0.99"", ""conf"": ""1.00"", ""ramp"": ""-0.52"", ""score"": 0.6225000000000005, ""current"": ""66-67°F"", ""predicted"": ""68-69°F"", ""tEstimated"": ""19.94""}",2026-03-24 19:04:50.496092+00
3583,ruth-pws-katl-20260324-190450490,wendy,KATL,info,signal,"PWS already anticipated 68-69°F, skipping duplicate buy",,2026-03-24 19:04:50.496462+00
3584,ruth-pws-lfpg-20260324-190450812,wendy,LFPG,debug,signal,"PWS anticipation: WEAK (score=-0.837), METAR 18.0°C → estimated 17.5°C, bucket 18°C → 17°C","{""gap"": ""-3.72"", ""conf"": ""0.00"", ""ramp"": ""-1.75"", ""score"": -0.8374999999999998, ""current"": ""18°C"", ""predicted"": ""17°C"", ""tEstimated"": ""17.47""}",2026-03-24 19:04:50.815515+00
3585,ruth-pws-cyyz-20260324-190450989,wendy,CYYZ,info,signal,"PWS anticipation: STRONG (score=0.763), METAR 3.0°C → estimated 3.8°C, bucket 3°C → 4°C","{""gap"": ""0.72"", ""conf"": ""1.00"", ""ramp"": ""1.55"", ""score"": 0.7625000000000004, ""current"": ""3°C"", ""predicted"": ""4°C"", ""tEstimated"": ""3.83""}",2026-03-24 19:04:50.99309+00
3586,ruth-pws-cyyz-20260324-190450989,wendy,CYYZ,info,signal,"PWS already anticipated 4°C, skipping duplicate buy",,2026-03-24 19:04:50.993873+00
3588,ruth-pws-kord-20260324-190549918,wendy,KORD,info,signal,"PWS already anticipated 48-49°F, skipping duplicate buy",,2026-03-24 19:05:49.931582+00
3587,ruth-pws-kord-20260324-190549918,wendy,KORD,info,signal,"PWS anticipation: STRONG (score=0.645), METAR 46.9°F → estimated 47.9°F, bucket 46-47°F → 48-49°F","{""gap"": ""0.20"", ""conf"": ""1.00"", ""ramp"": ""1.27"", ""score"": 0.6449999999999995, ""current"": ""46-47°F"", ""predicted"": ""48-49°F"", ""tEstimated"": ""8.84""}",2026-03-24 19:05:49.931589+00
3589,ruth-pws-klga-20260324-190550052,wendy,KLGA,info,signal,"PWS anticipation: STRONG (score=1.000), METAR 45.0°F → estimated 52.5°F, bucket 44-45°F → 52-53°F","{""gap"": ""3.02"", ""conf"": ""1.00"", ""ramp"": ""6.91"", ""score"": 1, ""current"": ""44-45°F"", ""predicted"": ""52-53°F"", ""tEstimated"": ""11.39""}",2026-03-24 19:05:50.056027+00
3590,ruth-pws-klga-20260324-190550052,wendy,KLGA,info,signal,"PWS already anticipated 46-47°F, skipping duplicate buy",,2026-03-24 19:05:50.056849+00
3591,ruth-pws-katl-20260324-190550404,wendy,KATL,info,signal,"PWS already anticipated 68-69°F, skipping duplicate buy",,2026-03-24 19:05:50.407595+00
3592,ruth-pws-katl-20260324-190550404,wendy,KATL,info,signal,"PWS anticipation: STRONG (score=0.714), METAR 66.9°F → estimated 68.6°F, bucket 66-67°F → 68-69°F","{""gap"": ""1.21"", ""conf"": ""1.00"", ""ramp"": ""0.21"", ""score"": 0.7139402181151236, ""current"": ""66-67°F"", ""predicted"": ""68-69°F"", ""tEstimated"": ""20.31""}",2026-03-24 19:05:50.407784+00
3593,ruth-pws-cyyz-20260324-190550845,wendy,CYYZ,info,signal,"PWS anticipation: STRONG (score=0.763), METAR 3.0°C → estimated 3.7°C, bucket 3°C → 4°C","{""gap"": ""0.72"", ""conf"": ""1.00"", ""ramp"": ""1.23"", ""score"": 0.7625000000000004, ""current"": ""3°C"", ""predicted"": ""4°C"", ""tEstimated"": ""3.73""}",2026-03-24 19:05:50.848815+00
3594,ruth-pws-cyyz-20260324-190550845,wendy,CYYZ,info,signal,"PWS already anticipated 4°C, skipping duplicate buy",,2026-03-24 19:05:50.848949+00
3595,ruth-pws-kord-20260324-190649914,wendy,KORD,info,signal,"PWS anticipation: STRONG (score=0.670), METAR 46.9°F → estimated 48.2°F, bucket 46-47°F → 48-49°F","{""gap"": ""0.31"", ""conf"": ""1.00"", ""ramp"": ""1.42"", ""score"": 0.6699999999999997, ""current"": ""46-47°F"", ""predicted"": ""48-49°F"", ""tEstimated"": ""8.98""}",2026-03-24 19:06:49.92877+00
3596,ruth-pws-kord-20260324-190649914,wendy,KORD,info,signal,"PWS already anticipated 48-49°F, skipping duplicate buy",,2026-03-24 19:06:49.930909+00
3597,ruth-pws-klga-20260324-190650088,wendy,KLGA,info,signal,"PWS anticipation: STRONG (score=1.000), METAR 45.0°F → estimated 52.3°F, bucket 44-45°F → 52-53°F","{""gap"": ""3.02"", ""conf"": ""1.00"", ""ramp"": ""6.52"", ""score"": 1, ""current"": ""44-45°F"", ""predicted"": ""52-53°F"", ""tEstimated"": ""11.27""}",2026-03-24 19:06:50.090777+00
3598,ruth-pws-klga-20260324-190650088,wendy,KLGA,info,signal,"PWS already anticipated 46-47°F, skipping duplicate buy",,2026-03-24 19:06:50.091612+00
3599,ruth-pws-katl-20260324-190650374,wendy,KATL,info,signal,"PWS anticipation: STRONG (score=0.811), METAR 66.9°F → estimated 68.8°F, bucket 66-67°F → 68-69°F","{""gap"": ""1.21"", ""conf"": ""1.00"", ""ramp"": ""0.69"", ""score"": 0.810882201415672, ""current"": ""66-67°F"", ""predicted"": ""68-69°F"", ""tEstimated"": ""20.46""}",2026-03-24 19:06:50.378297+00
3600,ruth-pws-katl-20260324-190650374,wendy,KATL,info,signal,"PWS already anticipated 68-69°F, skipping duplicate buy",,2026-03-24 19:06:50.378369+00
3601,ruth-pws-cyyz-20260324-190650836,wendy,CYYZ,info,signal,"PWS anticipation: STRONG (score=0.775), METAR 3.0°C → estimated 3.7°C, bucket 3°C → 4°C","{""gap"": ""0.78"", ""conf"": ""1.00"", ""ramp"": ""1.11"", ""score"": 0.7749999999999997, ""current"": ""3°C"", ""predicted"": ""4°C"", ""tEstimated"": ""3.72""}",2026-03-24 19:06:50.838745+00
3602,ruth-pws-cyyz-20260324-190650836,wendy,CYYZ,info,signal,"PWS already anticipated 4°C, skipping duplicate buy",,2026-03-24 19:06:50.839194+00
3603,ruth-metar-cyyz-20260324-190732087,wendy,CYYZ,info,trade,SELL attempt: 4°C (8.474575 shares),"{""tokenId"": ""65489536437335779855697623373662351745511058359038730306503355620949601689454""}",2026-03-24 19:07:32.105367+00
3604,ruth-metar-cyyz-20260324-190732087,wendy,CYYZ,info,signal,"METAR: 3°C, max=3°C, bucket=3°C","{""prevBucket"": ""3°C""}",2026-03-24 19:07:32.106371+00
3605,ruth-metar-cyyz-20260324-190732087,wendy,CYYZ,warn,signal,PWS anticipation NOT confirmed — SELL 4°C (METAR bucket: 3°C),,2026-03-24 19:07:32.108225+00
3606,ruth-metar-cyyz-20260324-190732087,wendy,CYYZ,success,trade,SELL filled: 8.47 shares,"{""bucket"": ""4°C"", ""orderId"": ""0xc93747abcf3d6d61addbb4933812fb4cc581a32cf9e8b86d4101edfba1833094""}",2026-03-24 19:07:38.35817+00
3607,ruth-pws-kord-20260324-190749977,wendy,KORD,info,signal,"PWS anticipation: STRONG (score=0.670), METAR 46.9°F → estimated 48.2°F, bucket 46-47°F → 48-49°F","{""gap"": ""0.31"", ""conf"": ""1.00"", ""ramp"": ""1.42"", ""score"": 0.6699999999999997, ""current"": ""46-47°F"", ""predicted"": ""48-49°F"", ""tEstimated"": ""8.98""}",2026-03-24 19:07:49.987797+00
3608,ruth-pws-kord-20260324-190749977,wendy,KORD,info,signal,"PWS already anticipated 48-49°F, skipping duplicate buy",,2026-03-24 19:07:49.989708+00
3609,ruth-pws-klga-20260324-190750175,wendy,KLGA,info,signal,"PWS anticipation: STRONG (score=1.000), METAR 45.0°F → estimated 52.2°F, bucket 44-45°F → 52-53°F","{""gap"": ""3.02"", ""conf"": ""1.00"", ""ramp"": ""6.41"", ""score"": 1, ""current"": ""44-45°F"", ""predicted"": ""52-53°F"", ""tEstimated"": ""11.24""}",2026-03-24 19:07:50.178729+00
3610,ruth-pws-klga-20260324-190750175,wendy,KLGA,info,signal,"PWS already anticipated 46-47°F, skipping duplicate buy",,2026-03-24 19:07:50.179244+00
3612,ruth-pws-katl-20260324-190750467,wendy,KATL,info,signal,"PWS already anticipated 68-69°F, skipping duplicate buy",,2026-03-24 19:07:50.470131+00
3611,ruth-pws-katl-20260324-190750467,wendy,KATL,info,signal,"PWS anticipation: STRONG (score=0.872), METAR 66.9°F → estimated 69.0°F, bucket 66-67°F → 68-69°F","{""gap"": ""1.21"", ""conf"": ""1.00"", ""ramp"": ""1.09"", ""score"": 0.8724999999999994, ""current"": ""66-67°F"", ""predicted"": ""68-69°F"", ""tEstimated"": ""20.57""}",2026-03-24 19:07:50.470159+00
3613,ruth-pws-cyyz-20260324-190750929,wendy,CYYZ,info,signal,"PWS anticipation: STRONG (score=0.800), METAR 3.0°C → estimated 3.8°C, bucket 3°C → 4°C","{""gap"": ""0.89"", ""conf"": ""1.00"", ""ramp"": ""1.17"", ""score"": 0.8, ""current"": ""3°C"", ""predicted"": ""4°C"", ""tEstimated"": ""3.79""}",2026-03-24 19:07:50.932175+00
3614,ruth-pws-cyyz-20260324-190750929,wendy,CYYZ,info,trade,BUY attempt: 4°C @ 0.43,"{""amount"": 5, ""tokenId"": ""65489536437335779855697623373662351745511058359038730306503355620949601689454""}",2026-03-24 19:07:51.010328+00
3615,ruth-pws-cyyz-20260324-190750929,wendy,CYYZ,success,trade,BUY filled: 8.474575 shares,"{""bucket"": ""4°C"", ""shares"": 8.474575, ""orderId"": ""0x747dabc87ec6d6498380694fa44b741751bf87bd3f195cfc312c119b142bb441""}",2026-03-24 19:07:57.190058+00
3616,ruth-pws-cyyz-20260324-190750929,wendy,CYYZ,info,signal,PWS position registered for METAR validation: 4°C (8.474575 shares),,2026-03-24 19:07:57.190378+00
3617,ruth-pws-kord-20260324-190849943,wendy,KORD,info,signal,"PWS already anticipated 48-49°F, skipping duplicate buy",,2026-03-24 19:08:49.954163+00
3618,ruth-pws-kord-20260324-190849943,wendy,KORD,info,signal,"PWS anticipation: STRONG (score=0.682), METAR 46.9°F → estimated 48.2°F, bucket 46-47°F → 48-49°F","{""gap"": ""0.37"", ""conf"": ""1.00"", ""ramp"": ""1.42"", ""score"": 0.6824999999999997, ""current"": ""46-47°F"", ""predicted"": ""48-49°F"", ""tEstimated"": ""9.02""}",2026-03-24 19:08:49.956002+00
3619,ruth-pws-klga-20260324-190850090,wendy,KLGA,info,signal,"PWS anticipation: STRONG (score=1.000), METAR 45.0°F → estimated 52.0°F, bucket 44-45°F → 52-53°F","{""gap"": ""3.19"", ""conf"": ""1.00"", ""ramp"": ""5.68"", ""score"": 1, ""current"": ""44-45°F"", ""predicted"": ""52-53°F"", ""tEstimated"": ""11.14""}",2026-03-24 19:08:50.095119+00
3620,ruth-pws-klga-20260324-190850090,wendy,KLGA,info,signal,"PWS already anticipated 46-47°F, skipping duplicate buy",,2026-03-24 19:08:50.096046+00
3621,ruth-pws-katl-20260324-190851450,wendy,KATL,info,signal,"PWS anticipation: STRONG (score=0.872), METAR 66.9°F → estimated 69.4°F, bucket 66-67°F → 68-69°F","{""gap"": ""1.21"", ""conf"": ""1.00"", ""ramp"": ""1.70"", ""score"": 0.8724999999999994, ""current"": ""66-67°F"", ""predicted"": ""68-69°F"", ""tEstimated"": ""20.76""}",2026-03-24 19:08:51.453721+00
3622,ruth-pws-katl-20260324-190851450,wendy,KATL,info,signal,"PWS already anticipated 68-69°F, skipping duplicate buy",,2026-03-24 19:08:51.453957+00
3623,ruth-pws-cyyz-20260324-190851984,wendy,CYYZ,info,signal,"PWS anticipation: STRONG (score=0.800), METAR 3.0°C → estimated 3.8°C, bucket 3°C → 4°C","{""gap"": ""0.89"", ""conf"": ""1.00"", ""ramp"": ""1.03"", ""score"": 0.8, ""current"": ""3°C"", ""predicted"": ""4°C"", ""tEstimated"": ""3.75""}",2026-03-24 19:08:51.986849+00
3624,ruth-pws-cyyz-20260324-190851984,wendy,CYYZ,info,signal,"PWS already anticipated 4°C, skipping duplicate buy",,2026-03-24 19:08:51.987159+00
3625,ruth-pws-kord-20260324-190949927,wendy,KORD,info,signal,"PWS already anticipated 48-49°F, skipping duplicate buy",,2026-03-24 19:09:49.939904+00
3626,ruth-pws-kord-20260324-190949927,wendy,KORD,info,signal,"PWS anticipation: STRONG (score=0.682), METAR 46.9°F → estimated 48.2°F, bucket 46-47°F → 48-49°F","{""gap"": ""0.37"", ""conf"": ""1.00"", ""ramp"": ""1.42"", ""score"": 0.6824999999999997, ""current"": ""46-47°F"", ""predicted"": ""48-49°F"", ""tEstimated"": ""9.02""}",2026-03-24 19:09:49.941307+00
3628,ruth-pws-klga-20260324-190950091,wendy,KLGA,info,signal,"PWS anticipation: STRONG (score=1.000), METAR 45.0°F → estimated 51.4°F, bucket 44-45°F → 50-51°F","{""gap"": ""3.19"", ""conf"": ""1.00"", ""ramp"": ""4.41"", ""score"": 1, ""current"": ""44-45°F"", ""predicted"": ""50-51°F"", ""tEstimated"": ""10.76""}",2026-03-24 19:09:50.095334+00
3627,ruth-pws-klga-20260324-190950091,wendy,KLGA,info,signal,"PWS already anticipated 46-47°F, skipping duplicate buy",,2026-03-24 19:09:50.09551+00
3629,ruth-pws-katl-20260324-190950411,wendy,KATL,info,signal,"PWS anticipation: STRONG (score=0.872), METAR 66.9°F → estimated 69.3°F, bucket 66-67°F → 68-69°F","{""gap"": ""1.21"", ""conf"": ""1.00"", ""ramp"": ""1.61"", ""score"": 0.8724999999999994, ""current"": ""66-67°F"", ""predicted"": ""68-69°F"", ""tEstimated"": ""20.73""}",2026-03-24 19:09:50.413409+00
3630,ruth-pws-katl-20260324-190950411,wendy,KATL,info,signal,"PWS already anticipated 68-69°F, skipping duplicate buy",,2026-03-24 19:09:50.413966+00
3631,ruth-pws-cyyz-20260324-190950904,wendy,CYYZ,info,signal,"PWS anticipation: STRONG (score=0.800), METAR 3.0°C → estimated 3.8°C, bucket 3°C → 4°C","{""gap"": ""0.89"", ""conf"": ""1.00"", ""ramp"": ""1.11"", ""score"": 0.8, ""current"": ""3°C"", ""predicted"": ""4°C"", ""tEstimated"": ""3.78""}",2026-03-24 19:09:50.908543+00
3632,ruth-pws-cyyz-20260324-190950904,wendy,CYYZ,info,signal,"PWS already anticipated 4°C, skipping duplicate buy",,2026-03-24 19:09:50.909803+00
3633,ruth-pws-kdal-20260324-191049993,wendy,KDAL,info,signal,"PWS anticipation: WEAK (score=0.313), METAR 81.0°F → estimated 81.8°F, bucket 80-81°F → 82-83°F","{""gap"": ""-0.09"", ""conf"": ""0.33"", ""ramp"": ""1.62"", ""score"": 0.3133333333333334, ""current"": ""80-81°F"", ""predicted"": ""82-83°F"", ""tEstimated"": ""27.66""}",2026-03-24 19:10:50.007497+00
3634,ruth-pws-kord-20260324-191050202,wendy,KORD,info,signal,"PWS anticipation: STRONG (score=0.682), METAR 46.9°F → estimated 48.2°F, bucket 46-47°F → 48-49°F","{""gap"": ""0.37"", ""conf"": ""1.00"", ""ramp"": ""1.43"", ""score"": 0.6824999999999997, ""current"": ""46-47°F"", ""predicted"": ""48-49°F"", ""tEstimated"": ""9.02""}",2026-03-24 19:10:50.207138+00
3635,ruth-pws-kord-20260324-191050202,wendy,KORD,info,signal,"PWS already anticipated 48-49°F, skipping duplicate buy",,2026-03-24 19:10:50.214754+00
3637,ruth-pws-klga-20260324-191050348,wendy,KLGA,info,signal,"PWS anticipation: STRONG (score=1.000), METAR 45.0°F → estimated 49.7°F, bucket 44-45°F → 50-51°F","{""gap"": ""3.19"", ""conf"": ""1.00"", ""ramp"": ""1.37"", ""score"": 1, ""current"": ""44-45°F"", ""predicted"": ""50-51°F"", ""tEstimated"": ""9.84""}",2026-03-24 19:10:50.351449+00
3636,ruth-pws-klga-20260324-191050348,wendy,KLGA,info,signal,"PWS already anticipated 46-47°F, skipping duplicate buy",,2026-03-24 19:10:50.35169+00
3639,ruth-pws-katl-20260324-191050675,wendy,KATL,info,signal,"PWS already anticipated 68-69°F, skipping duplicate buy",,2026-03-24 19:10:50.678025+00
3638,ruth-pws-katl-20260324-191050675,wendy,KATL,info,signal,"PWS anticipation: STRONG (score=0.848), METAR 66.9°F → estimated 69.1°F, bucket 66-67°F → 68-69°F","{""gap"": ""1.10"", ""conf"": ""1.00"", ""ramp"": ""1.43"", ""score"": 0.847500000000001, ""current"": ""66-67°F"", ""predicted"": ""68-69°F"", ""tEstimated"": ""20.60""}",2026-03-24 19:10:50.678035+00
3640,ruth-pws-kdal-20260324-191149828,wendy,KDAL,info,signal,"PWS anticipation: WEAK (score=0.288), METAR 81.0°F → estimated 81.6°F, bucket 80-81°F → 82-83°F","{""gap"": ""-0.20"", ""conf"": ""0.33"", ""ramp"": ""1.36"", ""score"": 0.2883333333333327, ""current"": ""80-81°F"", ""predicted"": ""82-83°F"", ""tEstimated"": ""27.56""}",2026-03-24 19:11:49.841982+00
3641,ruth-pws-kord-20260324-191149968,wendy,KORD,info,signal,"PWS anticipation: STRONG (score=0.670), METAR 46.9°F → estimated 48.0°F, bucket 46-47°F → 48-49°F","{""gap"": ""0.31"", ""conf"": ""1.00"", ""ramp"": ""1.18"", ""score"": 0.6699999999999997, ""current"": ""46-47°F"", ""predicted"": ""48-49°F"", ""tEstimated"": ""8.90""}",2026-03-24 19:11:49.9723+00
3642,ruth-pws-kord-20260324-191149968,wendy,KORD,info,signal,"PWS already anticipated 48-49°F, skipping duplicate buy",,2026-03-24 19:11:49.980494+00
3643,ruth-pws-klga-20260324-191150120,wendy,KLGA,info,signal,"PWS anticipation: STRONG (score=1.000), METAR 45.0°F → estimated 49.7°F, bucket 44-45°F → 50-51°F","{""gap"": ""3.19"", ""conf"": ""1.00"", ""ramp"": ""1.30"", ""score"": 1, ""current"": ""44-45°F"", ""predicted"": ""50-51°F"", ""tEstimated"": ""9.82""}",2026-03-24 19:11:50.123104+00
3644,ruth-pws-klga-20260324-191150120,wendy,KLGA,info,signal,"PWS already anticipated 46-47°F, skipping duplicate buy",,2026-03-24 19:11:50.123551+00
3646,ruth-pws-katl-20260324-191150414,wendy,KATL,info,signal,"PWS anticipation: STRONG (score=0.848), METAR 66.9°F → estimated 68.9°F, bucket 66-67°F → 68-69°F","{""gap"": ""1.10"", ""conf"": ""1.00"", ""ramp"": ""1.03"", ""score"": 0.847500000000001, ""current"": ""66-67°F"", ""predicted"": ""68-69°F"", ""tEstimated"": ""20.48""}",2026-03-24 19:11:50.418264+00
3645,ruth-pws-katl-20260324-191150414,wendy,KATL,info,signal,"PWS already anticipated 68-69°F, skipping duplicate buy",,2026-03-24 19:11:50.418445+00
3648,ruth-pws-kord-20260324-191249987,wendy,KORD,info,signal,"PWS anticipation: STRONG (score=0.670), METAR 46.9°F → estimated 47.9°F, bucket 46-47°F → 48-49°F","{""gap"": ""0.31"", ""conf"": ""1.00"", ""ramp"": ""1.03"", ""score"": 0.6699999999999997, ""current"": ""46-47°F"", ""predicted"": ""48-49°F"", ""tEstimated"": ""8.86""}",2026-03-24 19:12:50.006891+00
3647,ruth-pws-kord-20260324-191249987,wendy,KORD,info,signal,"PWS already anticipated 48-49°F, skipping duplicate buy",,2026-03-24 19:12:50.006891+00
3649,ruth-pws-klga-20260324-191250208,wendy,KLGA,info,signal,"PWS anticipation: STRONG (score=0.900), METAR 45.0°F → estimated 47.6°F, bucket 44-45°F → 48-49°F","{""gap"": ""2.58"", ""conf"": ""1.00"", ""ramp"": ""-1.09"", ""score"": 0.9, ""current"": ""44-45°F"", ""predicted"": ""48-49°F"", ""tEstimated"": ""8.68""}",2026-03-24 19:12:50.211472+00
3650,ruth-pws-klga-20260324-191250208,wendy,KLGA,info,signal,"PWS already anticipated 46-47°F, skipping duplicate buy",,2026-03-24 19:12:50.212217+00
3651,ruth-pws-katl-20260324-191250570,wendy,KATL,info,signal,"PWS anticipation: STRONG (score=0.763), METAR 66.9°F → estimated 68.6°F, bucket 66-67°F → 68-69°F","{""gap"": ""1.10"", ""conf"": ""1.00"", ""ramp"": ""0.58"", ""score"": 0.7626798652746155, ""current"": ""66-67°F"", ""predicted"": ""68-69°F"", ""tEstimated"": ""20.34""}",2026-03-24 19:12:50.573572+00
3652,ruth-pws-katl-20260324-191250570,wendy,KATL,info,signal,"PWS already anticipated 68-69°F, skipping duplicate buy",,2026-03-24 19:12:50.574177+00
3653,ruth-pws-kord-20260324-191350041,wendy,KORD,info,signal,"PWS already anticipated 48-49°F, skipping duplicate buy",,2026-03-24 19:13:50.055035+00
3654,ruth-pws-kord-20260324-191350041,wendy,KORD,info,signal,"PWS anticipation: STRONG (score=0.563), METAR 46.9°F → estimated 47.6°F, bucket 46-47°F → 48-49°F","{""gap"": ""0.26"", ""conf"": ""1.00"", ""ramp"": ""0.53"", ""score"": 0.5625385004237068, ""current"": ""46-47°F"", ""predicted"": ""48-49°F"", ""tEstimated"": ""8.66""}",2026-03-24 19:13:50.056113+00
3655,ruth-pws-klga-20260324-191350183,wendy,KLGA,info,signal,"PWS anticipation: STRONG (score=0.900), METAR 45.0°F → estimated 46.7°F, bucket 44-45°F → 46-47°F","{""gap"": ""2.52"", ""conf"": ""1.00"", ""ramp"": ""-2.61"", ""score"": 0.9, ""current"": ""44-45°F"", ""predicted"": ""46-47°F"", ""tEstimated"": ""8.18""}",2026-03-24 19:13:50.187178+00
3656,ruth-pws-klga-20260324-191350183,wendy,KLGA,info,signal,"PWS already anticipated 46-47°F, skipping duplicate buy",,2026-03-24 19:13:50.187814+00
3657,ruth-pws-katl-20260324-191351205,wendy,KATL,info,signal,"PWS anticipation: STRONG (score=0.648), METAR 66.9°F → estimated 68.2°F, bucket 66-67°F → 68-69°F","{""gap"": ""1.10"", ""conf"": ""1.00"", ""ramp"": ""-0.24"", ""score"": 0.6475000000000011, ""current"": ""66-67°F"", ""predicted"": ""68-69°F"", ""tEstimated"": ""20.10""}",2026-03-24 19:13:51.208131+00
3658,ruth-pws-katl-20260324-191351205,wendy,KATL,info,signal,"PWS already anticipated 68-69°F, skipping duplicate buy",,2026-03-24 19:13:51.208357+00
3659,ruth-pws-klga-20260324-191452909,wendy,KLGA,info,signal,"PWS already anticipated 46-47°F, skipping duplicate buy",,2026-03-24 19:14:52.922595+00
3660,ruth-pws-klga-20260324-191452909,wendy,KLGA,info,signal,"PWS anticipation: STRONG (score=0.900), METAR 45.0°F → estimated 46.1°F, bucket 44-45°F → 46-47°F","{""gap"": ""2.52"", ""conf"": ""1.00"", ""ramp"": ""-3.71"", ""score"": 0.9, ""current"": ""44-45°F"", ""predicted"": ""46-47°F"", ""tEstimated"": ""7.85""}",2026-03-24 19:14:52.924984+00
3661,ruth-pws-katl-20260324-191453219,wendy,KATL,info,signal,"PWS anticipation: STRONG (score=0.648), METAR 66.9°F → estimated 67.8°F, bucket 66-67°F → 68-69°F","{""gap"": ""1.10"", ""conf"": ""1.00"", ""ramp"": ""-1.01"", ""score"": 0.6475000000000011, ""current"": ""66-67°F"", ""predicted"": ""68-69°F"", ""tEstimated"": ""19.87""}",2026-03-24 19:14:53.221879+00
3662,ruth-pws-katl-20260324-191453219,wendy,KATL,info,signal,"PWS already anticipated 68-69°F, skipping duplicate buy",,2026-03-24 19:14:53.222167+00
3663,ruth-pws-kdal-20260324-191549824,wendy,KDAL,debug,signal,"PWS anticipation: WEAK (score=0.001), METAR 81.0°F → estimated 79.3°F, bucket 80-81°F → 78-79°F","{""gap"": ""-0.59"", ""conf"": ""0.33"", ""ramp"": ""-2.65"", ""score"": 0.000833333333334213, ""current"": ""80-81°F"", ""predicted"": ""78-79°F"", ""tEstimated"": ""26.27""}",2026-03-24 19:15:49.836559+00
3664,ruth-pws-katl-20260324-191550732,wendy,KATL,info,signal,"PWS anticipation: STRONG (score=0.648), METAR 66.9°F → estimated 67.8°F, bucket 66-67°F → 68-69°F","{""gap"": ""1.10"", ""conf"": ""1.00"", ""ramp"": ""-0.97"", ""score"": 0.6475000000000011, ""current"": ""66-67°F"", ""predicted"": ""68-69°F"", ""tEstimated"": ""19.88""}",2026-03-24 19:15:50.737288+00
3665,ruth-pws-katl-20260324-191550732,wendy,KATL,info,signal,"PWS already anticipated 68-69°F, skipping duplicate buy",,2026-03-24 19:15:50.750384+00
3666,ruth-pws-kdal-20260324-191649932,wendy,KDAL,debug,signal,"PWS anticipation: WEAK (score=0.001), METAR 81.0°F → estimated 78.6°F, bucket 80-81°F → 78-79°F","{""gap"": ""-0.59"", ""conf"": ""0.33"", ""ramp"": ""-3.96"", ""score"": 0.000833333333334213, ""current"": ""80-81°F"", ""predicted"": ""78-79°F"", ""tEstimated"": ""25.87""}",2026-03-24 19:16:49.942522+00
3667,ruth-pws-katl-20260324-191650953,wendy,KATL,info,signal,"PWS anticipation: STRONG (score=0.648), METAR 66.9°F → estimated 67.8°F, bucket 66-67°F → 68-69°F","{""gap"": ""1.10"", ""conf"": ""1.00"", ""ramp"": ""-0.85"", ""score"": 0.6475000000000011, ""current"": ""66-67°F"", ""predicted"": ""68-69°F"", ""tEstimated"": ""19.92""}",2026-03-24 19:16:50.956431+00
3668,ruth-pws-katl-20260324-191650953,wendy,KATL,info,signal,"PWS already anticipated 68-69°F, skipping duplicate buy",,2026-03-24 19:16:50.964113+00
3669,ruth-pws-kdal-20260324-191749870,wendy,KDAL,debug,signal,"PWS anticipation: WEAK (score=0.001), METAR 81.0°F → estimated 78.4°F, bucket 80-81°F → 78-79°F","{""gap"": ""-0.59"", ""conf"": ""0.33"", ""ramp"": ""-4.26"", ""score"": 0.000833333333334213, ""current"": ""80-81°F"", ""predicted"": ""78-79°F"", ""tEstimated"": ""25.78""}",2026-03-24 19:17:49.885289+00
3670,ruth-pws-katl-20260324-191750515,wendy,KATL,info,signal,"PWS anticipation: STRONG (score=0.648), METAR 66.9°F → estimated 68.0°F, bucket 66-67°F → 68-69°F","{""gap"": ""1.10"", ""conf"": ""1.00"", ""ramp"": ""-0.65"", ""score"": 0.6475000000000011, ""current"": ""66-67°F"", ""predicted"": ""68-69°F"", ""tEstimated"": ""19.98""}",2026-03-24 19:17:50.520332+00
3671,ruth-pws-katl-20260324-191750515,wendy,KATL,info,signal,"PWS already anticipated 68-69°F, skipping duplicate buy",,2026-03-24 19:17:50.527666+00
3672,ruth-pws-cyyz-20260324-191751223,wendy,CYYZ,info,signal,"PWS anticipation: STRONG (score=0.762), METAR 3.0°C → estimated 3.7°C, bucket 3°C → 4°C","{""gap"": ""1.00"", ""conf"": ""1.00"", ""ramp"": ""0.69"", ""score"": 0.7623259127824988, ""current"": ""3°C"", ""predicted"": ""4°C"", ""tEstimated"": ""3.71""}",2026-03-24 19:17:51.226881+00
3673,ruth-pws-cyyz-20260324-191751223,wendy,CYYZ,info,signal,"PWS already anticipated 4°C, skipping duplicate buy",,2026-03-24 19:17:51.227179+00
3674,ruth-pws-kdal-20260324-191849882,wendy,KDAL,debug,signal,"PWS anticipation: WEAK (score=-0.024), METAR 81.0°F → estimated 78.4°F, bucket 80-81°F → 78-79°F","{""gap"": ""-0.70"", ""conf"": ""0.33"", ""ramp"": ""-4.20"", ""score"": -0.024166666666666503, ""current"": ""80-81°F"", ""predicted"": ""78-79°F"", ""tEstimated"": ""25.78""}",2026-03-24 19:18:49.891585+00
3675,ruth-pws-katl-20260324-191850473,wendy,KATL,info,signal,"PWS anticipation: STRONG (score=0.648), METAR 66.9°F → estimated 68.0°F, bucket 66-67°F → 68-69°F","{""gap"": ""1.10"", ""conf"": ""1.00"", ""ramp"": ""-0.55"", ""score"": 0.6475000000000011, ""current"": ""66-67°F"", ""predicted"": ""68-69°F"", ""tEstimated"": ""20.01""}",2026-03-24 19:18:50.476318+00
3676,ruth-pws-katl-20260324-191850473,wendy,KATL,info,signal,"PWS already anticipated 68-69°F, skipping duplicate buy",,2026-03-24 19:18:50.485575+00
3677,ruth-pws-cyyz-20260324-191850983,wendy,CYYZ,info,signal,"PWS anticipation: STRONG (score=0.837), METAR 3.0°C → estimated 3.9°C, bucket 3°C → 4°C","{""gap"": ""1.06"", ""conf"": ""1.00"", ""ramp"": ""1.24"", ""score"": 0.8374999999999995, ""current"": ""3°C"", ""predicted"": ""4°C"", ""tEstimated"": ""3.90""}",2026-03-24 19:18:50.986787+00
3678,ruth-pws-cyyz-20260324-191850983,wendy,CYYZ,info,signal,"PWS already anticipated 4°C, skipping duplicate buy",,2026-03-24 19:18:50.987291+00
3679,ruth-pws-kdal-20260324-191950093,wendy,KDAL,debug,signal,"PWS anticipation: WEAK (score=0.001), METAR 81.0°F → estimated 78.9°F, bucket 80-81°F → 78-79°F","{""gap"": ""-0.59"", ""conf"": ""0.33"", ""ramp"": ""-3.33"", ""score"": 0.000833333333334213, ""current"": ""80-81°F"", ""predicted"": ""78-79°F"", ""tEstimated"": ""26.06""}",2026-03-24 19:19:50.105654+00
3680,ruth-pws-klga-20260324-191950485,wendy,KLGA,info,signal,"PWS anticipation: STRONG (score=0.900), METAR 45.0°F → estimated 46.0°F, bucket 44-45°F → 46-47°F","{""gap"": ""2.52"", ""conf"": ""1.00"", ""ramp"": ""-3.90"", ""score"": 0.9, ""current"": ""44-45°F"", ""predicted"": ""46-47°F"", ""tEstimated"": ""7.79""}",2026-03-24 19:19:50.488156+00
3681,ruth-pws-klga-20260324-191950485,wendy,KLGA,info,signal,"PWS already anticipated 46-47°F, skipping duplicate buy",,2026-03-24 19:19:50.496246+00
3682,ruth-pws-katl-20260324-191950794,wendy,KATL,info,signal,"PWS anticipation: STRONG (score=0.648), METAR 66.9°F → estimated 68.3°F, bucket 66-67°F → 68-69°F","{""gap"": ""1.10"", ""conf"": ""1.00"", ""ramp"": ""0.00"", ""score"": 0.6475000000000011, ""current"": ""66-67°F"", ""predicted"": ""68-69°F"", ""tEstimated"": ""20.17""}",2026-03-24 19:19:50.796706+00
3683,ruth-pws-katl-20260324-191950794,wendy,KATL,info,signal,"PWS already anticipated 68-69°F, skipping duplicate buy",,2026-03-24 19:19:50.797281+00
3684,ruth-pws-cyyz-20260324-191951444,wendy,CYYZ,info,signal,"PWS anticipation: STRONG (score=0.837), METAR 3.0°C → estimated 4.5°C, bucket 3°C → 4°C","{""gap"": ""1.06"", ""conf"": ""1.00"", ""ramp"": ""3.11"", ""score"": 0.8374999999999995, ""current"": ""3°C"", ""predicted"": ""4°C"", ""tEstimated"": ""4.46""}",2026-03-24 19:19:51.448002+00
3685,ruth-pws-cyyz-20260324-191951444,wendy,CYYZ,info,signal,"PWS already anticipated 4°C, skipping duplicate buy",,2026-03-24 19:19:51.448407+00
3686,ruth-pws-kdal-20260324-192049777,wendy,KDAL,debug,signal,"PWS anticipation: WEAK (score=0.026), METAR 81.0°F → estimated 79.4°F, bucket 80-81°F → 78-79°F","{""gap"": ""-0.48"", ""conf"": ""0.33"", ""ramp"": ""-2.48"", ""score"": 0.025833333333332514, ""current"": ""80-81°F"", ""predicted"": ""78-79°F"", ""tEstimated"": ""26.34""}",2026-03-24 19:20:49.787265+00
3687,ruth-pws-klga-20260324-192050151,wendy,KLGA,info,signal,"PWS anticipation: STRONG (score=0.900), METAR 45.0°F → estimated 47.7°F, bucket 44-45°F → 48-49°F","{""gap"": ""3.02"", ""conf"": ""1.00"", ""ramp"": ""-1.92"", ""score"": 0.9, ""current"": ""44-45°F"", ""predicted"": ""48-49°F"", ""tEstimated"": ""8.74""}",2026-03-24 19:20:50.154302+00
3688,ruth-pws-klga-20260324-192050151,wendy,KLGA,info,signal,"PWS already anticipated 46-47°F, skipping duplicate buy",,2026-03-24 19:20:50.163672+00
3689,ruth-pws-katl-20260324-192050519,wendy,KATL,info,signal,"PWS anticipation: STRONG (score=0.861), METAR 66.9°F → estimated 69.1°F, bucket 66-67°F → 68-69°F","{""gap"": ""1.38"", ""conf"": ""1.00"", ""ramp"": ""0.76"", ""score"": 0.8614592588529915, ""current"": ""66-67°F"", ""predicted"": ""68-69°F"", ""tEstimated"": ""20.59""}",2026-03-24 19:20:50.522131+00
3690,ruth-pws-katl-20260324-192050519,wendy,KATL,info,signal,"PWS already anticipated 68-69°F, skipping duplicate buy",,2026-03-24 19:20:50.522533+00
3692,ruth-pws-cyyz-20260324-192051143,wendy,CYYZ,info,signal,"PWS anticipation: STRONG (score=0.863), METAR 3.0°C → estimated 4.7°C, bucket 3°C → 5°C","{""gap"": ""1.17"", ""conf"": ""1.00"", ""ramp"": ""3.62"", ""score"": 0.8625, ""current"": ""3°C"", ""predicted"": ""5°C"", ""tEstimated"": ""4.67""}",2026-03-24 19:20:51.146537+00
3691,ruth-pws-cyyz-20260324-192051143,wendy,CYYZ,info,signal,"PWS already anticipated 4°C, skipping duplicate buy",,2026-03-24 19:20:51.146673+00
